crop_id,image_uid,split,source,class_id,class_name,xmin,ymin,xmax,ymax,area_px,image_width,image_height,sensor,skipped_reason,object_window_px,upsample_factor,high_upsample,box_fill
bg_negative_image_nwpu_background_001_000,nwpu_background_001,train,negative_image,0,background,436,446,509,515,5037,1066,588,rgb,,80,2.8,False,0.787
bg_negative_image_nwpu_background_001_001,nwpu_background_001,train,negative_image,0,background,715,50,756,102,2132,1066,588,rgb,,57,3.93,False,0.656
bg_negative_image_nwpu_background_001_002,nwpu_background_001,train,negative_image,0,background,782,433,820,470,1406,1066,588,rgb,,42,5.333,False,0.797
bg_negative_image_nwpu_background_001_003,nwpu_background_001,train,negative_image,0,background,128,224,197,314,6210,1066,588,rgb,,99,2.263,False,0.634
bg_negative_image_nwpu_background_003_000,nwpu_background_003,train,negative_image,0,background,873,344,904,374,930,973,564,rgb,,34,6.588,True,0.804
bg_negative_image_nwpu_background_003_001,nwpu_background_003,train,negative_image,0,background,780,239,805,263,600,973,564,rgb,,28,8.0,True,0.765
bg_negative_image_nwpu_background_003_002,nwpu_background_003,train,negative_image,0,background,502,32,570,101,4692,973,564,rgb,,76,2.947,False,0.812
bg_negative_image_nwpu_background_003_003,nwpu_background_003,train,negative_image,0,background,730,295,821,392,8827,973,564,rgb,,107,2.093,False,0.771
bg_negative_image_nwpu_background_004_000,nwpu_background_004,train,negative_image,0,background,273,498,379,586,9328,876,601,rgb,,117,1.915,False,0.681
bg_negative_image_nwpu_background_004_001,nwpu_background_004,train,negative_image,0,background,729,436,789,477,2460,876,601,rgb,,66,3.394,False,0.565
bg_negative_image_nwpu_background_004_002,nwpu_background_004,train,negative_image,0,background,390,25,431,60,1435,876,601,rgb,,45,4.978,False,0.709
bg_negative_image_nwpu_background_004_003,nwpu_background_004,train,negative_image,0,background,125,372,189,429,3648,876,601,rgb,,70,3.2,False,0.744
bg_negative_image_nwpu_background_006_000,nwpu_background_006,train,negative_image,0,background,728,135,1008,312,49560,1032,592,rgb,,308,0.727,False,0.522
bg_negative_image_nwpu_background_006_001,nwpu_background_006,train,negative_image,0,background,367,257,407,302,1800,1032,592,rgb,,50,4.48,False,0.72
bg_negative_image_nwpu_background_006_002,nwpu_background_006,train,negative_image,0,background,104,157,336,419,60784,1032,592,rgb,,288,0.778,False,0.733
bg_negative_image_nwpu_background_006_003,nwpu_background_006,train,negative_image,0,background,226,362,261,414,1820,1032,592,rgb,,57,3.93,False,0.56
bg_negative_image_nwpu_background_007_000,nwpu_background_007,train,negative_image,0,background,725,385,799,420,2590,945,585,rgb,,81,2.765,False,0.395
bg_negative_image_nwpu_background_007_001,nwpu_background_007,train,negative_image,0,background,275,430,339,498,4352,945,585,rgb,,75,2.987,False,0.774
bg_negative_image_nwpu_background_007_002,nwpu_background_007,train,negative_image,0,background,341,150,405,215,4160,945,585,rgb,,72,3.111,False,0.802
bg_negative_image_nwpu_background_007_003,nwpu_background_007,train,negative_image,0,background,618,74,658,129,2200,945,585,rgb,,60,3.733,False,0.611
bg_negative_image_nwpu_background_009_000,nwpu_background_009,train,negative_image,0,background,7,388,49,453,2730,987,558,rgb,,72,3.111,False,0.527
bg_negative_image_nwpu_background_009_001,nwpu_background_009,train,negative_image,0,background,612,353,678,410,3762,987,558,rgb,,73,3.068,False,0.706
bg_negative_image_nwpu_background_009_002,nwpu_background_009,train,negative_image,0,background,430,284,481,343,3009,987,558,rgb,,65,3.446,False,0.712
bg_negative_image_nwpu_background_009_003,nwpu_background_009,train,negative_image,0,background,128,59,197,103,3036,987,558,rgb,,76,2.947,False,0.526
bg_negative_image_nwpu_background_010_000,nwpu_background_010,train,negative_image,0,background,383,281,447,349,4352,876,565,rgb,,75,2.987,False,0.774
bg_negative_image_nwpu_background_010_001,nwpu_background_010,train,negative_image,0,background,621,332,685,374,2688,876,565,rgb,,70,3.2,False,0.549
bg_negative_image_nwpu_background_010_002,nwpu_background_010,train,negative_image,0,background,461,156,512,209,2703,876,565,rgb,,58,3.862,False,0.804
bg_negative_image_nwpu_background_010_003,nwpu_background_010,train,negative_image,0,background,25,217,86,285,4148,876,565,rgb,,75,2.987,False,0.737
bg_negative_image_nwpu_background_011_000,nwpu_background_011,train,negative_image,0,background,335,462,365,508,1380,849,587,rgb,,51,4.392,False,0.531
bg_negative_image_nwpu_background_011_001,nwpu_background_011,train,negative_image,0,background,175,28,274,138,10890,849,587,rgb,,121,1.851,False,0.744
bg_negative_image_nwpu_background_011_002,nwpu_background_011,train,negative_image,0,background,223,350,312,408,5162,849,587,rgb,,98,2.286,False,0.537
bg_negative_image_nwpu_background_011_003,nwpu_background_011,train,negative_image,0,background,451,397,491,477,3200,849,587,rgb,,88,2.545,False,0.413
bg_negative_image_nwpu_background_012_000,nwpu_background_012,train,negative_image,0,background,365,377,493,466,11392,1027,552,rgb,,141,1.589,False,0.573
bg_negative_image_nwpu_background_012_001,nwpu_background_012,train,negative_image,0,background,164,11,208,68,2508,1027,552,rgb,,63,3.556,False,0.632
bg_negative_image_nwpu_background_012_002,nwpu_background_012,train,negative_image,0,background,678,200,767,319,10591,1027,552,rgb,,131,1.71,False,0.617
bg_negative_image_nwpu_background_012_003,nwpu_background_012,train,negative_image,0,background,154,244,225,309,4615,1027,552,rgb,,78,2.872,False,0.759
bg_negative_image_nwpu_background_013_000,nwpu_background_013,train,negative_image,0,background,507,240,568,285,2745,789,584,rgb,,67,3.343,False,0.611
bg_negative_image_nwpu_background_013_001,nwpu_background_013,train,negative_image,0,background,274,157,345,219,4402,789,584,rgb,,78,2.872,False,0.724
bg_negative_image_nwpu_background_013_002,nwpu_background_013,train,negative_image,0,background,269,47,314,100,2385,789,584,rgb,,58,3.862,False,0.709
bg_negative_image_nwpu_background_013_003,nwpu_background_013,train,negative_image,0,background,84,524,160,563,2964,789,584,rgb,,84,2.667,False,0.42
bg_negative_image_nwpu_background_015_000,nwpu_background_015,train,negative_image,0,background,559,137,611,187,2600,851,567,rgb,,57,3.93,False,0.8
bg_negative_image_nwpu_background_015_001,nwpu_background_015,train,negative_image,0,background,742,390,827,456,5610,851,567,rgb,,94,2.383,False,0.635
bg_negative_image_nwpu_background_015_002,nwpu_background_015,train,negative_image,0,background,323,128,456,224,12768,851,567,rgb,,146,1.534,False,0.599
bg_negative_image_nwpu_background_015_003,nwpu_background_015,train,negative_image,0,background,78,483,121,515,1376,851,567,rgb,,47,4.766,False,0.623
bg_negative_image_nwpu_background_016_000,nwpu_background_016,train,negative_image,0,background,123,148,207,207,4956,693,543,rgb,,92,2.435,False,0.586
bg_negative_image_nwpu_background_016_001,nwpu_background_016,train,negative_image,0,background,362,84,430,154,4760,693,543,rgb,,77,2.909,False,0.803
bg_negative_image_nwpu_background_016_002,nwpu_background_016,train,negative_image,0,background,471,345,543,408,4536,693,543,rgb,,79,2.835,False,0.727
bg_negative_image_nwpu_background_016_003,nwpu_background_016,train,negative_image,0,background,277,322,328,351,1479,693,543,rgb,,56,4.0,False,0.472
bg_negative_image_nwpu_background_017_000,nwpu_background_017,train,negative_image,0,background,545,44,600,84,2200,894,558,rgb,,61,3.672,False,0.591
bg_negative_image_nwpu_background_017_001,nwpu_background_017,train,negative_image,0,background,344,20,410,98,5148,894,558,rgb,,86,2.605,False,0.696
bg_negative_image_nwpu_background_017_002,nwpu_background_017,train,negative_image,0,background,277,71,331,136,3510,894,558,rgb,,72,3.111,False,0.677
bg_negative_image_nwpu_background_017_003,nwpu_background_017,train,negative_image,0,background,87,300,136,347,2303,894,558,rgb,,54,4.148,False,0.79
bg_negative_image_nwpu_background_018_000,nwpu_background_018,train,negative_image,0,background,797,293,869,349,4032,934,561,rgb,,79,2.835,False,0.646
bg_negative_image_nwpu_background_018_001,nwpu_background_018,train,negative_image,0,background,307,303,356,351,2352,934,561,rgb,,54,4.148,False,0.807
bg_negative_image_nwpu_background_018_002,nwpu_background_018,train,negative_image,0,background,730,161,902,388,39044,934,561,rgb,,250,0.896,False,0.625
bg_negative_image_nwpu_background_018_003,nwpu_background_018,train,negative_image,0,background,672,40,748,114,5624,934,561,rgb,,84,2.667,False,0.797
bg_negative_image_nwpu_background_019_000,nwpu_background_019,train,negative_image,0,background,364,260,512,561,44548,889,578,rgb,,331,0.677,False,0.407
bg_negative_image_nwpu_background_019_001,nwpu_background_019,train,negative_image,0,background,480,249,529,301,2548,889,578,rgb,,57,3.93,False,0.784
bg_negative_image_nwpu_background_019_002,nwpu_background_019,train,negative_image,0,background,273,287,338,314,1755,889,578,rgb,,72,3.111,False,0.339
bg_negative_image_nwpu_background_019_003,nwpu_background_019,train,negative_image,0,background,367,11,419,62,2652,889,578,rgb,,57,3.93,False,0.816
bg_negative_image_nwpu_background_020_000,nwpu_background_020,train,negative_image,0,background,749,75,838,99,2136,925,558,rgb,,98,2.286,False,0.222
bg_negative_image_nwpu_background_020_001,nwpu_background_020,train,negative_image,0,background,491,54,529,117,2394,925,558,rgb,,69,3.246,False,0.503
bg_negative_image_nwpu_background_020_002,nwpu_background_020,train,negative_image,0,background,251,338,282,384,1426,925,558,rgb,,51,4.392,False,0.548
bg_negative_image_nwpu_background_020_003,nwpu_background_020,train,negative_image,0,background,636,405,686,436,1550,925,558,rgb,,55,4.073,False,0.512
bg_negative_image_nwpu_background_021_000,nwpu_background_021,train,negative_image,0,background,682,118,763,177,4779,826,571,rgb,,89,2.517,False,0.603
bg_negative_image_nwpu_background_021_001,nwpu_background_021,train,negative_image,0,background,28,284,96,343,4012,826,571,rgb,,75,2.987,False,0.713
bg_negative_image_nwpu_background_021_002,nwpu_background_021,train,negative_image,0,background,592,428,704,469,4592,826,571,rgb,,123,1.821,False,0.304
bg_negative_image_nwpu_background_021_003,nwpu_background_021,train,negative_image,0,background,250,477,287,547,2590,826,571,rgb,,77,2.909,False,0.437
bg_negative_image_nwpu_background_022_000,nwpu_background_022,val,negative_image,0,background,387,125,453,173,3168,818,536,rgb,,73,3.068,False,0.594
bg_negative_image_nwpu_background_022_001,nwpu_background_022,val,negative_image,0,background,720,78,769,138,2940,818,536,rgb,,66,3.394,False,0.675
bg_negative_image_nwpu_background_022_002,nwpu_background_022,val,negative_image,0,background,332,484,387,532,2640,818,536,rgb,,61,3.672,False,0.709
bg_negative_image_nwpu_background_022_003,nwpu_background_022,val,negative_image,0,background,679,348,735,419,3976,818,536,rgb,,78,2.872,False,0.654
bg_negative_image_nwpu_background_024_000,nwpu_background_024,train,negative_image,0,background,807,244,894,322,6786,990,549,rgb,,96,2.333,False,0.736
bg_negative_image_nwpu_background_024_001,nwpu_background_024,train,negative_image,0,background,292,326,359,453,8509,990,549,rgb,,140,1.6,False,0.434
bg_negative_image_nwpu_background_024_002,nwpu_background_024,train,negative_image,0,background,307,41,475,157,19488,990,549,rgb,,185,1.211,False,0.569
bg_negative_image_nwpu_background_024_003,nwpu_background_024,train,negative_image,0,background,697,135,754,171,2052,990,549,rgb,,63,3.556,False,0.517
bg_negative_image_nwpu_background_027_000,nwpu_background_027,train,negative_image,0,background,193,61,295,156,9690,903,591,rgb,,112,2.0,False,0.772
bg_negative_image_nwpu_background_027_001,nwpu_background_027,train,negative_image,0,background,605,78,780,163,14875,903,591,rgb,,193,1.161,False,0.399
bg_negative_image_nwpu_background_027_002,nwpu_background_027,train,negative_image,0,background,504,464,566,524,3720,903,591,rgb,,68,3.294,False,0.804
bg_negative_image_nwpu_background_027_003,nwpu_background_027,train,negative_image,0,background,167,163,222,229,3630,903,591,rgb,,73,3.068,False,0.681
bg_negative_image_nwpu_background_028_000,nwpu_background_028,train,negative_image,0,background,786,253,879,332,7347,902,585,rgb,,102,2.196,False,0.706
bg_negative_image_nwpu_background_028_001,nwpu_background_028,train,negative_image,0,background,123,7,170,66,2773,902,585,rgb,,65,3.446,False,0.656
bg_negative_image_nwpu_background_028_002,nwpu_background_028,train,negative_image,0,background,113,367,157,411,1936,902,585,rgb,,48,4.667,False,0.84
bg_negative_image_nwpu_background_028_003,nwpu_background_028,train,negative_image,0,background,65,199,435,391,71040,902,585,rgb,,407,0.55,False,0.429
bg_negative_image_nwpu_background_029_000,nwpu_background_029,train,negative_image,0,background,557,98,642,173,6375,1043,565,rgb,,94,2.383,False,0.721
bg_negative_image_nwpu_background_029_001,nwpu_background_029,train,negative_image,0,background,806,371,847,418,1927,1043,565,rgb,,52,4.308,False,0.713
bg_negative_image_nwpu_background_029_002,nwpu_background_029,train,negative_image,0,background,126,59,210,146,7308,1043,565,rgb,,96,2.333,False,0.793
bg_negative_image_nwpu_background_029_003,nwpu_background_029,train,negative_image,0,background,923,210,971,247,1776,1043,565,rgb,,53,4.226,False,0.632
bg_negative_image_nwpu_background_030_000,nwpu_background_030,val,negative_image,0,background,421,329,466,404,3375,906,572,rgb,,82,2.732,False,0.502
bg_negative_image_nwpu_background_030_001,nwpu_background_030,val,negative_image,0,background,792,145,869,212,5159,906,572,rgb,,85,2.635,False,0.714
bg_negative_image_nwpu_background_030_002,nwpu_background_030,val,negative_image,0,background,20,296,117,335,3783,906,572,rgb,,107,2.093,False,0.33
bg_negative_image_nwpu_background_030_003,nwpu_background_030,val,negative_image,0,background,538,55,596,106,2958,906,572,rgb,,64,3.5,False,0.722
bg_negative_image_nwpu_background_031_000,nwpu_background_031,train,negative_image,0,background,337,527,384,551,1128,852,569,rgb,,52,4.308,False,0.417
bg_negative_image_nwpu_background_031_001,nwpu_background_031,train,negative_image,0,background,465,478,537,535,4104,852,569,rgb,,79,2.835,False,0.658
bg_negative_image_nwpu_background_031_002,nwpu_background_031,train,negative_image,0,background,374,417,426,455,1976,852,569,rgb,,57,3.93,False,0.608
bg_negative_image_nwpu_background_031_003,nwpu_background_031,train,negative_image,0,background,15,56,53,111,2090,852,569,rgb,,61,3.672,False,0.562
bg_negative_image_nwpu_background_032_000,nwpu_background_032,val,negative_image,0,background,715,119,806,178,5369,988,571,rgb,,100,2.24,False,0.537
bg_negative_image_nwpu_background_032_001,nwpu_background_032,val,negative_image,0,background,503,319,543,363,1760,988,571,rgb,,48,4.667,False,0.764
bg_negative_image_nwpu_background_032_002,nwpu_background_032,val,negative_image,0,background,459,199,686,288,20203,988,571,rgb,,250,0.896,False,0.323
bg_negative_image_nwpu_background_032_003,nwpu_background_032,val,negative_image,0,background,312,227,466,265,5852,988,571,rgb,,169,1.325,False,0.205
bg_negative_image_nwpu_background_034_000,nwpu_background_034,train,negative_image,0,background,756,217,846,301,7560,962,561,rgb,,99,2.263,False,0.771
bg_negative_image_nwpu_background_034_001,nwpu_background_034,train,negative_image,0,background,222,123,287,163,2600,962,561,rgb,,72,3.111,False,0.502
bg_negative_image_nwpu_background_034_002,nwpu_background_034,train,negative_image,0,background,720,51,800,125,5920,962,561,rgb,,88,2.545,False,0.764
bg_negative_image_nwpu_background_034_003,nwpu_background_034,train,negative_image,0,background,61,306,108,353,2209,962,561,rgb,,52,4.308,False,0.817
bg_negative_image_nwpu_background_035_000,nwpu_background_035,val,negative_image,0,background,644,147,694,193,2300,831,521,rgb,,55,4.073,False,0.76
bg_negative_image_nwpu_background_035_001,nwpu_background_035,val,negative_image,0,background,113,425,162,485,2940,831,521,rgb,,66,3.394,False,0.675
bg_negative_image_nwpu_background_035_002,nwpu_background_035,val,negative_image,0,background,222,67,272,151,4200,831,521,rgb,,92,2.435,False,0.496
bg_negative_image_nwpu_background_035_003,nwpu_background_035,val,negative_image,0,background,88,9,155,93,5628,831,521,rgb,,92,2.435,False,0.665
bg_negative_image_nwpu_background_036_000,nwpu_background_036,val,negative_image,0,background,156,28,192,69,1476,931,572,rgb,,45,4.978,False,0.729
bg_negative_image_nwpu_background_036_001,nwpu_background_036,val,negative_image,0,background,517,346,574,409,3591,931,572,rgb,,69,3.246,False,0.754
bg_negative_image_nwpu_background_036_002,nwpu_background_036,val,negative_image,0,background,261,242,372,334,10212,931,572,rgb,,122,1.836,False,0.686
bg_negative_image_nwpu_background_036_003,nwpu_background_036,val,negative_image,0,background,780,453,820,493,1600,931,572,rgb,,44,5.091,False,0.826
bg_negative_image_nwpu_background_038_000,nwpu_background_038,train,negative_image,0,background,165,125,201,159,1224,945,561,rgb,,40,5.6,False,0.765
bg_negative_image_nwpu_background_038_001,nwpu_background_038,train,negative_image,0,background,218,281,288,350,4830,945,561,rgb,,77,2.909,False,0.815
bg_negative_image_nwpu_background_038_002,nwpu_background_038,train,negative_image,0,background,41,166,162,282,14036,945,561,rgb,,133,1.684,False,0.793
bg_negative_image_nwpu_background_038_003,nwpu_background_038,train,negative_image,0,background,460,51,526,111,3960,945,561,rgb,,73,3.068,False,0.743
bg_negative_image_nwpu_background_039_000,nwpu_background_039,train,negative_image,0,background,42,428,120,517,6942,891,552,rgb,,98,2.286,False,0.723
bg_negative_image_nwpu_background_039_001,nwpu_background_039,train,negative_image,0,background,85,422,117,474,1664,891,552,rgb,,57,3.93,False,0.512
bg_negative_image_nwpu_background_039_002,nwpu_background_039,train,negative_image,0,background,789,426,875,447,1806,891,552,rgb,,95,2.358,False,0.2
bg_negative_image_nwpu_background_039_003,nwpu_background_039,train,negative_image,0,background,640,320,710,374,3780,891,552,rgb,,77,2.909,False,0.638
bg_negative_image_nwpu_background_040_000,nwpu_background_040,train,negative_image,0,background,103,274,148,315,1845,814,552,rgb,,50,4.48,False,0.738
bg_negative_image_nwpu_background_040_001,nwpu_background_040,train,negative_image,0,background,393,431,442,480,2401,814,552,rgb,,54,4.148,False,0.823
bg_negative_image_nwpu_background_040_002,nwpu_background_040,train,negative_image,0,background,303,319,330,373,1458,814,552,rgb,,59,3.797,False,0.419
bg_negative_image_nwpu_background_040_003,nwpu_background_040,train,negative_image,0,background,198,68,270,130,4464,814,552,rgb,,79,2.835,False,0.715
bg_negative_image_nwpu_background_042_000,nwpu_background_042,train,negative_image,0,background,384,114,450,177,4158,986,553,rgb,,73,3.068,False,0.78
bg_negative_image_nwpu_background_042_001,nwpu_background_042,train,negative_image,0,background,339,178,402,246,4284,986,553,rgb,,75,2.987,False,0.762
bg_negative_image_nwpu_background_042_002,nwpu_background_042,train,negative_image,0,background,356,355,404,390,1680,986,553,rgb,,53,4.226,False,0.598
bg_negative_image_nwpu_background_042_003,nwpu_background_042,train,negative_image,0,background,269,377,349,533,12480,986,553,rgb,,172,1.302,False,0.422
bg_negative_image_nwpu_background_043_000,nwpu_background_043,train,negative_image,0,background,487,169,510,215,1058,1035,560,rgb,,51,4.392,False,0.407
bg_negative_image_nwpu_background_043_001,nwpu_background_043,train,negative_image,0,background,511,402,592,488,6966,1035,560,rgb,,95,2.358,False,0.772
bg_negative_image_nwpu_background_043_002,nwpu_background_043,train,negative_image,0,background,805,281,839,314,1122,1035,560,rgb,,37,6.054,True,0.82
bg_negative_image_nwpu_background_043_003,nwpu_background_043,train,negative_image,0,background,613,150,679,191,2706,1035,560,rgb,,73,3.068,False,0.508
bg_negative_image_nwpu_background_044_000,nwpu_background_044,train,negative_image,0,background,204,336,277,396,4380,1083,544,rgb,,80,2.8,False,0.684
bg_negative_image_nwpu_background_044_001,nwpu_background_044,train,negative_image,0,background,899,67,937,104,1406,1083,544,rgb,,42,5.333,False,0.797
bg_negative_image_nwpu_background_044_002,nwpu_background_044,train,negative_image,0,background,96,340,171,415,5625,1083,544,rgb,,83,2.699,False,0.817
bg_negative_image_nwpu_background_044_003,nwpu_background_044,train,negative_image,0,background,86,463,149,512,3087,1083,544,rgb,,69,3.246,False,0.648
bg_negative_image_nwpu_background_045_000,nwpu_background_045,train,negative_image,0,background,1038,428,1088,453,1250,1132,560,rgb,,55,4.073,False,0.413
bg_negative_image_nwpu_background_045_001,nwpu_background_045,train,negative_image,0,background,641,383,693,453,3640,1132,560,rgb,,77,2.909,False,0.614
bg_negative_image_nwpu_background_045_002,nwpu_background_045,train,negative_image,0,background,1021,123,1074,197,3922,1132,560,rgb,,81,2.765,False,0.598
bg_negative_image_nwpu_background_045_003,nwpu_background_045,train,negative_image,0,background,617,47,703,110,5418,1132,560,rgb,,95,2.358,False,0.6
bg_negative_image_nwpu_background_046_000,nwpu_background_046,train,negative_image,0,background,146,290,178,322,1024,886,546,rgb,,35,6.4,True,0.836
bg_negative_image_nwpu_background_046_001,nwpu_background_046,train,negative_image,0,background,481,235,526,276,1845,886,546,rgb,,49,4.571,False,0.768
bg_negative_image_nwpu_background_046_002,nwpu_background_046,train,negative_image,0,background,636,407,689,444,1961,886,546,rgb,,58,3.862,False,0.583
bg_negative_image_nwpu_background_046_003,nwpu_background_046,train,negative_image,0,background,422,312,450,338,728,886,546,rgb,,31,7.226,True,0.758
bg_negative_image_nwpu_background_047_000,nwpu_background_047,train,negative_image,0,background,125,57,202,124,5159,1121,551,rgb,,85,2.635,False,0.714
bg_negative_image_nwpu_background_047_001,nwpu_background_047,train,negative_image,0,background,91,319,173,385,5412,1121,551,rgb,,90,2.489,False,0.668
bg_negative_image_nwpu_background_047_002,nwpu_background_047,train,negative_image,0,background,829,352,880,378,1326,1121,551,rgb,,56,4.0,False,0.423
bg_negative_image_nwpu_background_047_003,nwpu_background_047,train,negative_image,0,background,352,440,418,501,4026,1121,551,rgb,,73,3.068,False,0.755
bg_negative_image_nwpu_background_048_000,nwpu_background_048,val,negative_image,0,background,281,180,352,244,4544,1109,559,rgb,,78,2.872,False,0.747
bg_negative_image_nwpu_background_048_001,nwpu_background_048,val,negative_image,0,background,330,82,391,121,2379,1109,559,rgb,,67,3.343,False,0.53
bg_negative_image_nwpu_background_048_002,nwpu_background_048,val,negative_image,0,background,722,152,1060,364,71656,1109,559,rgb,,372,0.602,False,0.518
bg_negative_image_nwpu_background_048_003,nwpu_background_048,val,negative_image,0,background,383,355,493,428,8030,1109,559,rgb,,121,1.851,False,0.548
bg_negative_image_nwpu_background_049_000,nwpu_background_049,train,negative_image,0,background,973,369,1053,449,6400,1119,553,rgb,,88,2.545,False,0.826
bg_negative_image_nwpu_background_049_001,nwpu_background_049,train,negative_image,0,background,510,187,565,242,3025,1119,553,rgb,,61,3.672,False,0.813
bg_negative_image_nwpu_background_049_002,nwpu_background_049,train,negative_image,0,background,757,488,822,528,2600,1119,553,rgb,,72,3.111,False,0.502
bg_negative_image_nwpu_background_049_003,nwpu_background_049,train,negative_image,0,background,123,438,206,476,3154,1119,553,rgb,,91,2.462,False,0.381
bg_negative_image_nwpu_background_050_000,nwpu_background_050,train,negative_image,0,background,117,241,157,378,5480,1000,547,rgb,,151,1.483,False,0.24
bg_negative_image_nwpu_background_050_001,nwpu_background_050,train,negative_image,0,background,652,6,701,38,1568,1000,547,rgb,,54,4.148,False,0.538
bg_negative_image_nwpu_background_050_002,nwpu_background_050,train,negative_image,0,background,754,136,840,221,7310,1000,547,rgb,,95,2.358,False,0.81
bg_negative_image_nwpu_background_050_003,nwpu_background_050,train,negative_image,0,background,426,213,496,278,4550,1000,547,rgb,,77,2.909,False,0.767
bg_negative_image_nwpu_background_051_000,nwpu_background_051,train,negative_image,0,background,815,373,875,439,3960,947,544,rgb,,73,3.068,False,0.743
bg_negative_image_nwpu_background_051_001,nwpu_background_051,train,negative_image,0,background,95,485,187,543,5336,947,544,rgb,,101,2.218,False,0.523
bg_negative_image_nwpu_background_051_002,nwpu_background_051,train,negative_image,0,background,247,412,325,464,4056,947,544,rgb,,86,2.605,False,0.548
bg_negative_image_nwpu_background_051_003,nwpu_background_051,train,negative_image,0,background,73,490,335,544,14148,947,544,rgb,,288,0.778,False,0.171
bg_negative_image_nwpu_background_052_000,nwpu_background_052,val,negative_image,0,background,686,43,762,124,6156,1131,552,rgb,,89,2.517,False,0.777
bg_negative_image_nwpu_background_052_001,nwpu_background_052,val,negative_image,0,background,985,15,1018,60,1485,1131,552,rgb,,50,4.48,False,0.594
bg_negative_image_nwpu_background_052_002,nwpu_background_052,val,negative_image,0,background,145,384,260,442,6670,1131,552,rgb,,126,1.778,False,0.42
bg_negative_image_nwpu_background_052_003,nwpu_background_052,val,negative_image,0,background,190,406,363,512,18338,1131,552,rgb,,190,1.179,False,0.508
bg_negative_image_nwpu_background_053_000,nwpu_background_053,val,negative_image,0,background,31,3,137,68,6890,960,563,rgb,,117,1.915,False,0.503
bg_negative_image_nwpu_background_053_001,nwpu_background_053,val,negative_image,0,background,46,318,123,356,2926,960,563,rgb,,85,2.635,False,0.405
bg_negative_image_nwpu_background_053_002,nwpu_background_053,val,negative_image,0,background,215,403,273,491,5104,960,563,rgb,,97,2.309,False,0.542
bg_negative_image_nwpu_background_053_003,nwpu_background_053,val,negative_image,0,background,51,432,122,456,1704,960,563,rgb,,78,2.872,False,0.28
bg_negative_image_nwpu_background_054_000,nwpu_background_054,train,negative_image,0,background,693,323,793,396,7300,998,535,rgb,,110,2.036,False,0.603
bg_negative_image_nwpu_background_054_001,nwpu_background_054,train,negative_image,0,background,763,18,850,97,6873,998,535,rgb,,96,2.333,False,0.746
bg_negative_image_nwpu_background_054_002,nwpu_background_054,train,negative_image,0,background,116,239,187,301,4402,998,535,rgb,,78,2.872,False,0.724
bg_negative_image_nwpu_background_054_003,nwpu_background_054,train,negative_image,0,background,706,291,756,364,3650,998,535,rgb,,80,2.8,False,0.57
bg_negative_image_nwpu_background_056_000,nwpu_background_056,train,negative_image,0,background,142,350,226,429,6636,997,555,rgb,,92,2.435,False,0.784
bg_negative_image_nwpu_background_056_001,nwpu_background_056,train,negative_image,0,background,181,144,239,168,1392,997,555,rgb,,64,3.5,False,0.34
bg_negative_image_nwpu_background_056_002,nwpu_background_056,train,negative_image,0,background,888,297,979,367,6370,997,555,rgb,,100,2.24,False,0.637
bg_negative_image_nwpu_background_056_003,nwpu_background_056,train,negative_image,0,background,52,309,96,363,2376,997,555,rgb,,59,3.797,False,0.683
bg_negative_image_nwpu_background_057_000,nwpu_background_057,train,negative_image,0,background,781,330,852,410,5680,954,545,rgb,,88,2.545,False,0.733
bg_negative_image_nwpu_background_057_001,nwpu_background_057,train,negative_image,0,background,156,44,210,109,3510,954,545,rgb,,72,3.111,False,0.677
bg_negative_image_nwpu_background_057_002,nwpu_background_057,train,negative_image,0,background,887,240,936,261,1029,954,545,rgb,,54,4.148,False,0.353
bg_negative_image_nwpu_background_057_003,nwpu_background_057,train,negative_image,0,background,716,320,757,362,1722,954,545,rgb,,46,4.87,False,0.814
bg_negative_image_nwpu_background_058_000,nwpu_background_058,train,negative_image,0,background,121,396,340,531,29565,1050,554,rgb,,241,0.929,False,0.509
bg_negative_image_nwpu_background_058_001,nwpu_background_058,train,negative_image,0,background,291,283,374,348,5395,1050,554,rgb,,91,2.462,False,0.651
bg_negative_image_nwpu_background_058_002,nwpu_background_058,train,negative_image,0,background,644,469,702,524,3190,1050,554,rgb,,64,3.5,False,0.779
bg_negative_image_nwpu_background_058_003,nwpu_background_058,train,negative_image,0,background,149,267,193,296,1276,1050,554,rgb,,48,4.667,False,0.554
bg_negative_image_nwpu_background_059_000,nwpu_background_059,train,negative_image,0,background,426,64,476,104,2000,948,575,rgb,,55,4.073,False,0.661
bg_negative_image_nwpu_background_059_001,nwpu_background_059,train,negative_image,0,background,117,140,196,213,5767,948,575,rgb,,87,2.575,False,0.762
bg_negative_image_nwpu_background_059_002,nwpu_background_059,train,negative_image,0,background,377,302,443,383,5346,948,575,rgb,,89,2.517,False,0.675
bg_negative_image_nwpu_background_059_003,nwpu_background_059,train,negative_image,0,background,381,111,728,417,106182,948,575,rgb,,382,0.586,False,0.728
bg_negative_image_nwpu_background_060_000,nwpu_background_060,train,negative_image,0,background,184,304,259,370,4950,920,582,rgb,,83,2.699,False,0.719
bg_negative_image_nwpu_background_060_001,nwpu_background_060,train,negative_image,0,background,270,19,338,78,4012,920,582,rgb,,75,2.987,False,0.713
bg_negative_image_nwpu_background_060_002,nwpu_background_060,train,negative_image,0,background,394,119,482,173,4752,920,582,rgb,,97,2.309,False,0.505
bg_negative_image_nwpu_background_060_003,nwpu_background_060,train,negative_image,0,background,489,295,555,356,4026,920,582,rgb,,73,3.068,False,0.755
bg_negative_image_nwpu_background_061_000,nwpu_background_061,train,negative_image,0,background,565,303,627,373,4340,934,534,rgb,,77,2.909,False,0.732
bg_negative_image_nwpu_background_061_001,nwpu_background_061,train,negative_image,0,background,284,386,320,430,1584,934,534,rgb,,48,4.667,False,0.688
bg_negative_image_nwpu_background_061_002,nwpu_background_061,train,negative_image,0,background,346,291,479,360,9177,934,534,rgb,,146,1.534,False,0.431
bg_negative_image_nwpu_background_061_003,nwpu_background_061,train,negative_image,0,background,296,253,409,294,4633,934,534,rgb,,124,1.806,False,0.301
bg_negative_image_nwpu_background_062_000,nwpu_background_062,train,negative_image,0,background,760,485,823,514,1827,920,556,rgb,,69,3.246,False,0.384
bg_negative_image_nwpu_background_062_001,nwpu_background_062,train,negative_image,0,background,436,269,491,308,2145,920,556,rgb,,61,3.672,False,0.576
bg_negative_image_nwpu_background_062_002,nwpu_background_062,train,negative_image,0,background,269,415,333,476,3904,920,556,rgb,,70,3.2,False,0.797
bg_negative_image_nwpu_background_062_003,nwpu_background_062,train,negative_image,0,background,433,55,477,137,3608,920,556,rgb,,90,2.489,False,0.445
bg_negative_image_nwpu_background_063_000,nwpu_background_063,train,negative_image,0,background,812,28,895,85,4731,1047,562,rgb,,91,2.462,False,0.571
bg_negative_image_nwpu_background_063_001,nwpu_background_063,train,negative_image,0,background,277,166,338,230,3904,1047,562,rgb,,70,3.2,False,0.797
bg_negative_image_nwpu_background_063_002,nwpu_background_063,train,negative_image,0,background,309,368,373,434,4224,1047,562,rgb,,73,3.068,False,0.793
bg_negative_image_nwpu_background_063_003,nwpu_background_063,train,negative_image,0,background,14,414,75,475,3721,1047,562,rgb,,67,3.343,False,0.829
bg_negative_image_nwpu_background_064_000,nwpu_background_064,train,negative_image,0,background,310,82,359,103,1029,883,556,rgb,,54,4.148,False,0.353
bg_negative_image_nwpu_background_064_001,nwpu_background_064,train,negative_image,0,background,500,63,551,92,1479,883,556,rgb,,56,4.0,False,0.472
bg_negative_image_nwpu_background_064_002,nwpu_background_064,train,negative_image,0,background,798,504,848,554,2500,883,556,rgb,,55,4.073,False,0.826
bg_negative_image_nwpu_background_064_003,nwpu_background_064,train,negative_image,0,background,661,145,688,236,2457,883,556,rgb,,100,2.24,False,0.246
bg_negative_image_nwpu_background_065_000,nwpu_background_065,train,negative_image,0,background,643,190,701,240,2900,970,539,rgb,,64,3.5,False,0.708
bg_negative_image_nwpu_background_065_001,nwpu_background_065,train,negative_image,0,background,599,5,634,61,1960,970,539,rgb,,62,3.613,False,0.51
bg_negative_image_nwpu_background_065_002,nwpu_background_065,train,negative_image,0,background,495,81,522,127,1242,970,539,rgb,,51,4.392,False,0.478
bg_negative_image_nwpu_background_065_003,nwpu_background_065,train,negative_image,0,background,145,367,242,467,9700,970,539,rgb,,110,2.036,False,0.802
bg_negative_image_nwpu_background_066_000,nwpu_background_066,train,negative_image,0,background,473,451,510,519,2516,887,606,rgb,,75,2.987,False,0.447
bg_negative_image_nwpu_background_066_001,nwpu_background_066,train,negative_image,0,background,787,73,879,162,8188,887,606,rgb,,101,2.218,False,0.803
bg_negative_image_nwpu_background_066_002,nwpu_background_066,train,negative_image,0,background,337,46,366,78,928,887,606,rgb,,35,6.4,True,0.758
bg_negative_image_nwpu_background_066_003,nwpu_background_066,train,negative_image,0,background,623,235,685,300,4030,887,606,rgb,,72,3.111,False,0.777
bg_negative_image_nwpu_background_069_000,nwpu_background_069,train,negative_image,0,background,122,92,182,160,4080,870,579,rgb,,75,2.987,False,0.725
bg_negative_image_nwpu_background_069_001,nwpu_background_069,train,negative_image,0,background,703,22,798,106,7980,870,579,rgb,,105,2.133,False,0.724
bg_negative_image_nwpu_background_069_002,nwpu_background_069,train,negative_image,0,background,232,254,306,314,4440,870,579,rgb,,81,2.765,False,0.677
bg_negative_image_nwpu_background_069_003,nwpu_background_069,train,negative_image,0,background,394,188,593,386,39402,870,579,rgb,,219,1.023,False,0.822
bg_negative_image_nwpu_background_070_000,nwpu_background_070,train,negative_image,0,background,169,369,248,448,6241,772,516,rgb,,87,2.575,False,0.825
bg_negative_image_nwpu_background_070_001,nwpu_background_070,train,negative_image,0,background,448,281,517,364,5727,772,516,rgb,,91,2.462,False,0.692
bg_negative_image_nwpu_background_070_002,nwpu_background_070,train,negative_image,0,background,533,26,607,89,4662,772,516,rgb,,81,2.765,False,0.711
bg_negative_image_nwpu_background_070_003,nwpu_background_070,train,negative_image,0,background,274,249,298,303,1296,772,516,rgb,,59,3.797,False,0.372
bg_negative_image_nwpu_background_071_000,nwpu_background_071,train,negative_image,0,background,745,259,853,302,4644,990,580,rgb,,119,1.882,False,0.328
bg_negative_image_nwpu_background_071_001,nwpu_background_071,train,negative_image,0,background,667,432,789,505,8906,990,580,rgb,,134,1.672,False,0.496
bg_negative_image_nwpu_background_071_002,nwpu_background_071,train,negative_image,0,background,879,326,903,351,600,990,580,rgb,,28,8.0,True,0.765
bg_negative_image_nwpu_background_071_003,nwpu_background_071,train,negative_image,0,background,817,187,846,218,899,990,580,rgb,,34,6.588,True,0.778
bg_negative_image_nwpu_background_072_000,nwpu_background_072,train,negative_image,0,background,479,55,535,128,4088,958,595,rgb,,80,2.8,False,0.639
bg_negative_image_nwpu_background_072_001,nwpu_background_072,train,negative_image,0,background,370,518,400,548,900,958,595,rgb,,33,6.788,True,0.826
bg_negative_image_nwpu_background_072_002,nwpu_background_072,train,negative_image,0,background,153,175,247,255,7520,958,595,rgb,,103,2.175,False,0.709
bg_negative_image_nwpu_background_072_003,nwpu_background_072,train,negative_image,0,background,174,13,226,74,3172,958,595,rgb,,67,3.343,False,0.707
bg_negative_image_nwpu_background_073_000,nwpu_background_073,train,negative_image,0,background,377,157,433,250,5208,898,602,rgb,,102,2.196,False,0.501
bg_negative_image_nwpu_background_073_001,nwpu_background_073,train,negative_image,0,background,487,4,572,79,6375,898,602,rgb,,94,2.383,False,0.721
bg_negative_image_nwpu_background_073_002,nwpu_background_073,train,negative_image,0,background,586,347,651,401,3510,898,602,rgb,,72,3.111,False,0.677
bg_negative_image_nwpu_background_073_003,nwpu_background_073,train,negative_image,0,background,827,338,883,395,3192,898,602,rgb,,63,3.556,False,0.804
bg_negative_image_nwpu_background_074_000,nwpu_background_074,train,negative_image,0,background,431,425,694,477,13676,829,523,rgb,,289,0.775,False,0.164
bg_negative_image_nwpu_background_074_001,nwpu_background_074,train,negative_image,0,background,545,426,618,507,5913,829,523,rgb,,89,2.517,False,0.746
bg_negative_image_nwpu_background_074_002,nwpu_background_074,train,negative_image,0,background,674,53,725,109,2856,829,523,rgb,,62,3.613,False,0.743
bg_negative_image_nwpu_background_074_003,nwpu_background_074,train,negative_image,0,background,562,203,623,264,3721,829,523,rgb,,67,3.343,False,0.829
bg_negative_image_nwpu_background_075_000,nwpu_background_075,train,negative_image,0,background,653,508,682,556,1392,1027,572,rgb,,53,4.226,False,0.496
bg_negative_image_nwpu_background_075_001,nwpu_background_075,train,negative_image,0,background,957,149,1012,204,3025,1027,572,rgb,,61,3.672,False,0.813
bg_negative_image_nwpu_background_075_002,nwpu_background_075,train,negative_image,0,background,733,187,782,220,1617,1027,572,rgb,,54,4.148,False,0.555
bg_negative_image_nwpu_background_075_003,nwpu_background_075,train,negative_image,0,background,123,21,158,68,1645,1027,572,rgb,,52,4.308,False,0.608
bg_negative_image_nwpu_background_076_000,nwpu_background_076,train,negative_image,0,background,484,502,534,552,2500,1039,559,rgb,,55,4.073,False,0.826
bg_negative_image_nwpu_background_076_001,nwpu_background_076,train,negative_image,0,background,463,508,506,548,1720,1039,559,rgb,,47,4.766,False,0.779
bg_negative_image_nwpu_background_076_002,nwpu_background_076,train,negative_image,0,background,765,37,840,158,9075,1039,559,rgb,,133,1.684,False,0.513
bg_negative_image_nwpu_background_076_003,nwpu_background_076,train,negative_image,0,background,532,386,613,464,6318,1039,559,rgb,,89,2.517,False,0.798
bg_negative_image_nwpu_background_079_000,nwpu_background_079,train,negative_image,0,background,701,18,765,63,2880,916,537,rgb,,70,3.2,False,0.588
bg_negative_image_nwpu_background_079_001,nwpu_background_079,train,negative_image,0,background,320,24,378,75,2958,916,537,rgb,,64,3.5,False,0.722
bg_negative_image_nwpu_background_079_002,nwpu_background_079,train,negative_image,0,background,587,350,634,396,2162,916,537,rgb,,52,4.308,False,0.8
bg_negative_image_nwpu_background_079_003,nwpu_background_079,train,negative_image,0,background,634,397,730,475,7488,916,537,rgb,,106,2.113,False,0.666
bg_negative_image_nwpu_background_080_000,nwpu_background_080,train,negative_image,0,background,746,25,772,84,1534,958,567,rgb,,65,3.446,False,0.363
bg_negative_image_nwpu_background_080_001,nwpu_background_080,train,negative_image,0,background,217,318,249,374,1792,958,567,rgb,,62,3.613,False,0.466
bg_negative_image_nwpu_background_080_002,nwpu_background_080,train,negative_image,0,background,4,268,118,315,5358,958,567,rgb,,125,1.792,False,0.343
bg_negative_image_nwpu_background_080_003,nwpu_background_080,train,negative_image,0,background,549,14,696,119,15435,958,567,rgb,,162,1.383,False,0.588
bg_negative_image_nwpu_background_081_000,nwpu_background_081,train,negative_image,0,background,723,331,777,380,2646,861,542,rgb,,59,3.797,False,0.76
bg_negative_image_nwpu_background_081_001,nwpu_background_081,train,negative_image,0,background,197,434,230,467,1089,861,542,rgb,,36,6.222,True,0.84
bg_negative_image_nwpu_background_081_002,nwpu_background_081,train,negative_image,0,background,713,155,738,180,625,861,542,rgb,,28,8.0,True,0.797
bg_negative_image_nwpu_background_081_003,nwpu_background_081,train,negative_image,0,background,482,193,527,249,2520,861,542,rgb,,62,3.613,False,0.656
bg_negative_image_nwpu_background_082_000,nwpu_background_082,val,negative_image,0,background,722,91,818,166,7200,910,561,rgb,,106,2.113,False,0.641
bg_negative_image_nwpu_background_082_001,nwpu_background_082,val,negative_image,0,background,71,176,143,221,3240,910,561,rgb,,79,2.835,False,0.519
bg_negative_image_nwpu_background_082_002,nwpu_background_082,val,negative_image,0,background,680,496,748,560,4352,910,561,rgb,,75,2.987,False,0.774
bg_negative_image_nwpu_background_082_003,nwpu_background_082,val,negative_image,0,background,258,215,299,248,1353,910,561,rgb,,45,4.978,False,0.668
bg_negative_image_nwpu_background_084_000,nwpu_background_084,train,negative_image,0,background,506,506,554,557,2448,929,558,rgb,,56,4.0,False,0.781
bg_negative_image_nwpu_background_084_001,nwpu_background_084,train,negative_image,0,background,598,294,674,358,4864,929,558,rgb,,84,2.667,False,0.689
bg_negative_image_nwpu_background_084_002,nwpu_background_084,train,negative_image,0,background,789,241,856,315,4958,929,558,rgb,,81,2.765,False,0.756
bg_negative_image_nwpu_background_084_003,nwpu_background_084,train,negative_image,0,background,120,191,157,226,1295,929,558,rgb,,41,5.463,False,0.77
bg_negative_image_nwpu_background_085_000,nwpu_background_085,train,negative_image,0,background,161,8,237,99,6916,871,530,rgb,,100,2.24,False,0.692
bg_negative_image_nwpu_background_085_001,nwpu_background_085,train,negative_image,0,background,360,283,437,367,6468,871,530,rgb,,92,2.435,False,0.764
bg_negative_image_nwpu_background_085_002,nwpu_background_085,train,negative_image,0,background,324,475,425,510,3535,871,530,rgb,,111,2.018,False,0.287
bg_negative_image_nwpu_background_085_003,nwpu_background_085,train,negative_image,0,background,560,249,686,319,8820,871,530,rgb,,139,1.612,False,0.456
bg_negative_image_nwpu_background_086_000,nwpu_background_086,train,negative_image,0,background,778,108,857,212,8216,946,565,rgb,,114,1.965,False,0.632
bg_negative_image_nwpu_background_086_001,nwpu_background_086,train,negative_image,0,background,254,269,419,538,44385,946,565,rgb,,296,0.757,False,0.507
bg_negative_image_nwpu_background_086_002,nwpu_background_086,train,negative_image,0,background,668,301,714,357,2576,946,565,rgb,,62,3.613,False,0.67
bg_negative_image_nwpu_background_086_003,nwpu_background_086,train,negative_image,0,background,593,159,631,194,1330,946,565,rgb,,42,5.333,False,0.754
bg_negative_image_nwpu_background_087_000,nwpu_background_087,train,negative_image,0,background,317,80,344,118,1026,1011,552,rgb,,42,5.333,False,0.582
bg_negative_image_nwpu_background_087_001,nwpu_background_087,train,negative_image,0,background,817,123,893,242,9044,1011,552,rgb,,131,1.71,False,0.527
bg_negative_image_nwpu_background_087_002,nwpu_background_087,train,negative_image,0,background,744,375,816,449,5328,1011,552,rgb,,81,2.765,False,0.812
bg_negative_image_nwpu_background_087_003,nwpu_background_087,train,negative_image,0,background,281,72,651,472,148000,1011,552,rgb,,440,0.509,False,0.764
bg_negative_image_nwpu_background_088_000,nwpu_background_088,val,negative_image,0,background,537,354,646,471,12753,905,551,rgb,,129,1.736,False,0.766
bg_negative_image_nwpu_background_088_001,nwpu_background_088,val,negative_image,0,background,724,358,827,455,9991,905,551,rgb,,113,1.982,False,0.782
bg_negative_image_nwpu_background_088_002,nwpu_background_088,val,negative_image,0,background,453,47,552,133,8514,905,551,rgb,,109,2.055,False,0.717
bg_negative_image_nwpu_background_088_003,nwpu_background_088,val,negative_image,0,background,556,474,609,529,2915,905,551,rgb,,60,3.733,False,0.81
bg_negative_image_nwpu_background_089_000,nwpu_background_089,train,negative_image,0,background,377,19,434,61,2394,927,559,rgb,,63,3.556,False,0.603
bg_negative_image_nwpu_background_089_001,nwpu_background_089,train,negative_image,0,background,866,55,891,79,600,927,559,rgb,,28,8.0,True,0.765
bg_negative_image_nwpu_background_089_002,nwpu_background_089,train,negative_image,0,background,184,29,363,139,19690,927,559,rgb,,197,1.137,False,0.507
bg_negative_image_nwpu_background_089_003,nwpu_background_089,train,negative_image,0,background,402,266,446,310,1936,927,559,rgb,,48,4.667,False,0.84
bg_negative_image_nwpu_background_091_000,nwpu_background_091,val,negative_image,0,background,42,53,96,131,4212,873,552,rgb,,86,2.605,False,0.569
bg_negative_image_nwpu_background_091_001,nwpu_background_091,val,negative_image,0,background,234,23,499,203,47700,873,552,rgb,,292,0.767,False,0.559
bg_negative_image_nwpu_background_091_002,nwpu_background_091,val,negative_image,0,background,148,130,305,252,19154,873,552,rgb,,173,1.295,False,0.64
bg_negative_image_nwpu_background_091_003,nwpu_background_091,val,negative_image,0,background,327,214,370,253,1677,873,552,rgb,,47,4.766,False,0.759
bg_negative_image_nwpu_background_092_000,nwpu_background_092,train,negative_image,0,background,95,442,174,495,4187,926,565,rgb,,87,2.575,False,0.553
bg_negative_image_nwpu_background_092_001,nwpu_background_092,train,negative_image,0,background,1,235,80,337,8058,926,565,rgb,,112,2.0,False,0.642
bg_negative_image_nwpu_background_092_002,nwpu_background_092,train,negative_image,0,background,222,148,482,371,57980,926,565,rgb,,286,0.783,False,0.709
bg_negative_image_nwpu_background_092_003,nwpu_background_092,train,negative_image,0,background,697,447,730,481,1122,926,565,rgb,,37,6.054,True,0.82
bg_negative_image_nwpu_background_094_000,nwpu_background_094,train,negative_image,0,background,299,117,337,152,1330,965,518,rgb,,42,5.333,False,0.754
bg_negative_image_nwpu_background_094_001,nwpu_background_094,train,negative_image,0,background,376,188,558,431,44226,965,518,rgb,,267,0.839,False,0.62
bg_negative_image_nwpu_background_094_002,nwpu_background_094,train,negative_image,0,background,267,408,426,487,12561,965,518,rgb,,175,1.28,False,0.41
bg_negative_image_nwpu_background_094_003,nwpu_background_094,train,negative_image,0,background,43,205,114,279,5254,965,518,rgb,,81,2.765,False,0.801
bg_negative_image_nwpu_background_095_000,nwpu_background_095,train,negative_image,0,background,124,24,250,83,7434,951,574,rgb,,139,1.612,False,0.385
bg_negative_image_nwpu_background_095_001,nwpu_background_095,train,negative_image,0,background,124,492,175,530,1938,951,574,rgb,,56,4.0,False,0.618
bg_negative_image_nwpu_background_095_002,nwpu_background_095,train,negative_image,0,background,159,15,266,113,10486,951,574,rgb,,118,1.898,False,0.753
bg_negative_image_nwpu_background_095_003,nwpu_background_095,train,negative_image,0,background,95,296,191,392,9216,951,574,rgb,,106,2.113,False,0.82
bg_negative_image_nwpu_background_096_000,nwpu_background_096,val,negative_image,0,background,479,270,554,346,5700,916,534,rgb,,84,2.667,False,0.808
bg_negative_image_nwpu_background_096_001,nwpu_background_096,val,negative_image,0,background,714,2,789,123,9075,916,534,rgb,,133,1.684,False,0.513
bg_negative_image_nwpu_background_096_002,nwpu_background_096,val,negative_image,0,background,380,19,683,437,126654,916,534,rgb,,460,0.487,False,0.599
bg_negative_image_nwpu_background_096_003,nwpu_background_096,val,negative_image,0,background,648,438,726,460,1716,916,534,rgb,,86,2.605,False,0.232
bg_negative_image_nwpu_background_097_000,nwpu_background_097,train,negative_image,0,background,774,228,823,288,2940,891,562,rgb,,66,3.394,False,0.675
bg_negative_image_nwpu_background_097_001,nwpu_background_097,train,negative_image,0,background,445,479,599,555,11704,891,562,rgb,,169,1.325,False,0.41
bg_negative_image_nwpu_background_097_002,nwpu_background_097,train,negative_image,0,background,650,151,742,239,8096,891,562,rgb,,101,2.218,False,0.794
bg_negative_image_nwpu_background_097_003,nwpu_background_097,train,negative_image,0,background,662,297,725,365,4284,891,562,rgb,,75,2.987,False,0.762
bg_negative_image_nwpu_background_098_000,nwpu_background_098,train,negative_image,0,background,337,163,406,212,3381,882,561,rgb,,76,2.947,False,0.585
bg_negative_image_nwpu_background_098_001,nwpu_background_098,train,negative_image,0,background,60,14,169,121,11663,882,561,rgb,,120,1.867,False,0.81
bg_negative_image_nwpu_background_098_002,nwpu_background_098,train,negative_image,0,background,16,84,53,140,2072,882,561,rgb,,62,3.613,False,0.539
bg_negative_image_nwpu_background_098_003,nwpu_background_098,train,negative_image,0,background,606,360,652,413,2438,882,561,rgb,,58,3.862,False,0.725
bg_negative_image_nwpu_background_099_000,nwpu_background_099,train,negative_image,0,background,180,242,547,536,107898,935,566,rgb,,404,0.554,False,0.661
bg_negative_image_nwpu_background_099_001,nwpu_background_099,train,negative_image,0,background,524,67,577,103,1908,935,566,rgb,,58,3.862,False,0.567
bg_negative_image_nwpu_background_099_002,nwpu_background_099,train,negative_image,0,background,624,91,659,128,1295,935,566,rgb,,41,5.463,False,0.77
bg_negative_image_nwpu_background_099_003,nwpu_background_099,train,negative_image,0,background,447,502,500,562,3180,935,566,rgb,,66,3.394,False,0.73
bg_negative_image_nwpu_background_100_000,nwpu_background_100,train,negative_image,0,background,14,362,122,546,19872,944,549,rgb,,202,1.109,False,0.487
bg_negative_image_nwpu_background_100_001,nwpu_background_100,train,negative_image,0,background,521,62,573,121,3068,944,549,rgb,,65,3.446,False,0.726
bg_negative_image_nwpu_background_100_002,nwpu_background_100,train,negative_image,0,background,762,262,840,323,4758,944,549,rgb,,86,2.605,False,0.643
bg_negative_image_nwpu_background_100_003,nwpu_background_100,train,negative_image,0,background,470,111,658,254,26884,944,549,rgb,,207,1.082,False,0.627
bg_negative_image_nwpu_background_101_000,nwpu_background_101,train,negative_image,0,background,545,154,598,181,1431,969,550,rgb,,58,3.862,False,0.425
bg_negative_image_nwpu_background_101_001,nwpu_background_101,train,negative_image,0,background,607,414,661,469,2970,969,550,rgb,,61,3.672,False,0.798
bg_negative_image_nwpu_background_101_002,nwpu_background_101,train,negative_image,0,background,559,114,590,169,1705,969,550,rgb,,60,3.733,False,0.474
bg_negative_image_nwpu_background_101_003,nwpu_background_101,train,negative_image,0,background,776,122,857,192,5670,969,550,rgb,,89,2.517,False,0.716
bg_negative_image_nwpu_background_102_000,nwpu_background_102,train,negative_image,0,background,478,184,542,285,6464,927,565,rgb,,111,2.018,False,0.525
bg_negative_image_nwpu_background_102_001,nwpu_background_102,train,negative_image,0,background,581,374,651,424,3500,927,565,rgb,,77,2.909,False,0.59
bg_negative_image_nwpu_background_102_002,nwpu_background_102,train,negative_image,0,background,667,500,715,557,2736,927,565,rgb,,63,3.556,False,0.689
bg_negative_image_nwpu_background_102_003,nwpu_background_102,train,negative_image,0,background,368,252,417,328,3724,927,565,rgb,,84,2.667,False,0.528
bg_negative_image_nwpu_background_103_000,nwpu_background_103,train,negative_image,0,background,682,243,775,322,7347,950,546,rgb,,102,2.196,False,0.706
bg_negative_image_nwpu_background_103_001,nwpu_background_103,train,negative_image,0,background,367,46,417,106,3000,950,546,rgb,,66,3.394,False,0.689
bg_negative_image_nwpu_background_103_002,nwpu_background_103,train,negative_image,0,background,359,343,401,386,1806,950,546,rgb,,47,4.766,False,0.818
bg_negative_image_nwpu_background_103_003,nwpu_background_103,train,negative_image,0,background,131,383,202,531,10508,950,546,rgb,,163,1.374,False,0.395
bg_negative_image_nwpu_background_105_000,nwpu_background_105,train,negative_image,0,background,188,423,264,483,4560,1020,552,rgb,,84,2.667,False,0.646
bg_negative_image_nwpu_background_105_001,nwpu_background_105,train,negative_image,0,background,894,106,934,156,2000,1020,552,rgb,,55,4.073,False,0.661
bg_negative_image_nwpu_background_105_002,nwpu_background_105,train,negative_image,0,background,651,424,784,493,9177,1020,552,rgb,,146,1.534,False,0.431
bg_negative_image_nwpu_background_105_003,nwpu_background_105,train,negative_image,0,background,348,235,450,333,9996,1020,552,rgb,,112,2.0,False,0.797
bg_negative_image_nwpu_background_106_000,nwpu_background_106,train,negative_image,0,background,559,369,641,441,5904,847,543,rgb,,90,2.489,False,0.729
bg_negative_image_nwpu_background_106_001,nwpu_background_106,train,negative_image,0,background,454,54,505,83,1479,847,543,rgb,,56,4.0,False,0.472
bg_negative_image_nwpu_background_106_002,nwpu_background_106,train,negative_image,0,background,705,401,738,441,1320,847,543,rgb,,44,5.091,False,0.682
bg_negative_image_nwpu_background_106_003,nwpu_background_106,train,negative_image,0,background,62,82,285,224,31666,847,543,rgb,,245,0.914,False,0.528
bg_negative_image_nwpu_background_107_000,nwpu_background_107,val,negative_image,0,background,19,441,108,521,7120,890,530,rgb,,98,2.286,False,0.741
bg_negative_image_nwpu_background_107_001,nwpu_background_107,val,negative_image,0,background,318,334,364,400,3036,890,530,rgb,,73,3.068,False,0.57
bg_negative_image_nwpu_background_107_002,nwpu_background_107,val,negative_image,0,background,319,148,401,214,5412,890,530,rgb,,90,2.489,False,0.668
bg_negative_image_nwpu_background_107_003,nwpu_background_107,val,negative_image,0,background,511,219,561,372,7650,890,530,rgb,,168,1.333,False,0.271
bg_negative_image_nwpu_background_108_000,nwpu_background_108,train,negative_image,0,background,534,438,561,504,1782,914,534,rgb,,73,3.068,False,0.334
bg_negative_image_nwpu_background_108_001,nwpu_background_108,train,negative_image,0,background,396,93,464,156,4284,914,534,rgb,,75,2.987,False,0.762
bg_negative_image_nwpu_background_108_002,nwpu_background_108,train,negative_image,0,background,322,59,420,144,8330,914,534,rgb,,108,2.074,False,0.714
bg_negative_image_nwpu_background_108_003,nwpu_background_108,train,negative_image,0,background,137,303,207,394,6370,914,534,rgb,,100,2.24,False,0.637
bg_negative_image_nwpu_background_109_000,nwpu_background_109,train,negative_image,0,background,780,115,848,196,5508,885,552,rgb,,89,2.517,False,0.695
bg_negative_image_nwpu_background_109_001,nwpu_background_109,train,negative_image,0,background,75,347,204,439,11868,885,552,rgb,,142,1.577,False,0.589
bg_negative_image_nwpu_background_109_002,nwpu_background_109,train,negative_image,0,background,228,96,294,174,5148,885,552,rgb,,86,2.605,False,0.696
bg_negative_image_nwpu_background_109_003,nwpu_background_109,train,negative_image,0,background,146,267,247,307,4040,885,552,rgb,,111,2.018,False,0.328
bg_negative_image_nwpu_background_110_000,nwpu_background_110,train,negative_image,0,background,235,23,281,81,2668,953,563,rgb,,64,3.5,False,0.651
bg_negative_image_nwpu_background_110_001,nwpu_background_110,train,negative_image,0,background,425,469,495,543,5180,953,563,rgb,,81,2.765,False,0.79
bg_negative_image_nwpu_background_110_002,nwpu_background_110,train,negative_image,0,background,420,57,526,109,5512,953,563,rgb,,117,1.915,False,0.403
bg_negative_image_nwpu_background_110_003,nwpu_background_110,train,negative_image,0,background,225,155,285,192,2220,953,563,rgb,,66,3.394,False,0.51
bg_negative_image_nwpu_background_111_000,nwpu_background_111,train,negative_image,0,background,678,338,943,518,47700,1038,555,rgb,,292,0.767,False,0.559
bg_negative_image_nwpu_background_111_001,nwpu_background_111,train,negative_image,0,background,966,518,1023,546,1596,1038,555,rgb,,63,3.556,False,0.402
bg_negative_image_nwpu_background_111_002,nwpu_background_111,train,negative_image,0,background,71,68,126,128,3300,1038,555,rgb,,66,3.394,False,0.758
bg_negative_image_nwpu_background_111_003,nwpu_background_111,train,negative_image,0,background,297,258,361,346,5632,1038,555,rgb,,97,2.309,False,0.599
bg_negative_image_nwpu_background_112_000,nwpu_background_112,train,negative_image,0,background,668,271,751,354,6889,873,522,rgb,,91,2.462,False,0.832
bg_negative_image_nwpu_background_112_001,nwpu_background_112,train,negative_image,0,background,427,72,512,158,7310,873,522,rgb,,95,2.358,False,0.81
bg_negative_image_nwpu_background_112_002,nwpu_background_112,train,negative_image,0,background,133,405,176,452,2021,873,522,rgb,,52,4.308,False,0.747
bg_negative_image_nwpu_background_112_003,nwpu_background_112,train,negative_image,0,background,378,252,604,431,40454,873,522,rgb,,249,0.9,False,0.652
bg_negative_image_nwpu_background_113_000,nwpu_background_113,val,negative_image,0,background,366,203,392,262,1534,1012,561,rgb,,65,3.446,False,0.363
bg_negative_image_nwpu_background_113_001,nwpu_background_113,val,negative_image,0,background,730,372,781,452,4080,1012,561,rgb,,88,2.545,False,0.527
bg_negative_image_nwpu_background_113_002,nwpu_background_113,val,negative_image,0,background,889,59,957,129,4760,1012,561,rgb,,77,2.909,False,0.803
bg_negative_image_nwpu_background_113_003,nwpu_background_113,val,negative_image,0,background,838,48,915,130,6314,1012,561,rgb,,90,2.489,False,0.78
bg_negative_image_nwpu_background_114_000,nwpu_background_114,val,negative_image,0,background,815,92,860,140,2160,1008,559,rgb,,53,4.226,False,0.769
bg_negative_image_nwpu_background_114_001,nwpu_background_114,val,negative_image,0,background,351,152,510,374,35298,1008,559,rgb,,244,0.918,False,0.593
bg_negative_image_nwpu_background_114_002,nwpu_background_114,val,negative_image,0,background,678,429,731,484,2915,1008,559,rgb,,61,3.672,False,0.783
bg_negative_image_nwpu_background_114_003,nwpu_background_114,val,negative_image,0,background,819,154,890,259,7455,1008,559,rgb,,116,1.931,False,0.554
bg_negative_image_nwpu_background_115_000,nwpu_background_115,train,negative_image,0,background,237,122,295,174,3016,1013,551,rgb,,64,3.5,False,0.736
bg_negative_image_nwpu_background_115_001,nwpu_background_115,train,negative_image,0,background,152,455,222,522,4690,1013,551,rgb,,77,2.909,False,0.791
bg_negative_image_nwpu_background_115_002,nwpu_background_115,train,negative_image,0,background,722,238,806,329,7644,1013,551,rgb,,100,2.24,False,0.764
bg_negative_image_nwpu_background_115_003,nwpu_background_115,train,negative_image,0,background,424,219,573,356,20413,1013,551,rgb,,164,1.366,False,0.759
bg_negative_image_nwpu_background_116_000,nwpu_background_116,val,negative_image,0,background,425,64,453,137,2044,1005,555,rgb,,80,2.8,False,0.319
bg_negative_image_nwpu_background_116_001,nwpu_background_116,val,negative_image,0,background,122,496,158,530,1224,1005,555,rgb,,40,5.6,False,0.765
bg_negative_image_nwpu_background_116_002,nwpu_background_116,val,negative_image,0,background,888,79,961,148,5037,1005,555,rgb,,80,2.8,False,0.787
bg_negative_image_nwpu_background_116_003,nwpu_background_116,val,negative_image,0,background,529,105,580,154,2499,1005,555,rgb,,56,4.0,False,0.797
bg_negative_image_nwpu_background_117_000,nwpu_background_117,train,negative_image,0,background,26,56,102,125,5244,951,541,rgb,,84,2.667,False,0.743
bg_negative_image_nwpu_background_117_001,nwpu_background_117,train,negative_image,0,background,594,104,897,320,65448,951,541,rgb,,333,0.673,False,0.59
bg_negative_image_nwpu_background_117_002,nwpu_background_117,train,negative_image,0,background,429,197,457,246,1372,951,541,rgb,,54,4.148,False,0.471
bg_negative_image_nwpu_background_117_003,nwpu_background_117,train,negative_image,0,background,478,84,531,175,4823,951,541,rgb,,100,2.24,False,0.482
bg_negative_image_nwpu_background_118_000,nwpu_background_118,train,negative_image,0,background,660,358,724,416,3712,870,541,rgb,,70,3.2,False,0.758
bg_negative_image_nwpu_background_118_001,nwpu_background_118,train,negative_image,0,background,355,67,467,168,11312,870,541,rgb,,123,1.821,False,0.748
bg_negative_image_nwpu_background_118_002,nwpu_background_118,train,negative_image,0,background,274,25,340,64,2574,870,541,rgb,,73,3.068,False,0.483
bg_negative_image_nwpu_background_118_003,nwpu_background_118,train,negative_image,0,background,286,377,322,444,2412,870,541,rgb,,74,3.027,False,0.44
bg_negative_image_nwpu_background_120_000,nwpu_background_120,val,negative_image,0,background,666,366,731,429,4095,952,524,rgb,,72,3.111,False,0.79
bg_negative_image_nwpu_background_120_001,nwpu_background_120,val,negative_image,0,background,191,427,241,489,3100,952,524,rgb,,68,3.294,False,0.67
bg_negative_image_nwpu_background_120_002,nwpu_background_120,val,negative_image,0,background,572,1,629,51,2850,952,524,rgb,,63,3.556,False,0.718
bg_negative_image_nwpu_background_120_003,nwpu_background_120,val,negative_image,0,background,882,131,946,189,3712,952,524,rgb,,70,3.2,False,0.758
bg_negative_image_nwpu_background_121_000,nwpu_background_121,train,negative_image,0,background,426,53,466,190,5480,969,549,rgb,,151,1.483,False,0.24
bg_negative_image_nwpu_background_121_001,nwpu_background_121,train,negative_image,0,background,137,300,206,374,5106,969,549,rgb,,81,2.765,False,0.778
bg_negative_image_nwpu_background_121_002,nwpu_background_121,train,negative_image,0,background,845,161,897,205,2288,969,549,rgb,,57,3.93,False,0.704
bg_negative_image_nwpu_background_121_003,nwpu_background_121,train,negative_image,0,background,635,233,730,276,4085,969,549,rgb,,105,2.133,False,0.371
bg_negative_image_nwpu_background_122_000,nwpu_background_122,train,negative_image,0,background,519,222,556,294,2664,903,542,rgb,,79,2.835,False,0.427
bg_negative_image_nwpu_background_122_001,nwpu_background_122,train,negative_image,0,background,800,172,861,212,2440,903,542,rgb,,67,3.343,False,0.544
bg_negative_image_nwpu_background_122_002,nwpu_background_122,train,negative_image,0,background,580,414,627,467,2491,903,542,rgb,,58,3.862,False,0.74
bg_negative_image_nwpu_background_122_003,nwpu_background_122,train,negative_image,0,background,34,221,85,271,2550,903,542,rgb,,56,4.0,False,0.813
bg_negative_image_nwpu_background_123_000,nwpu_background_123,val,negative_image,0,background,516,282,809,545,77059,982,547,rgb,,322,0.696,False,0.743
bg_negative_image_nwpu_background_123_001,nwpu_background_123,val,negative_image,0,background,428,313,605,385,12744,982,547,rgb,,195,1.149,False,0.335
bg_negative_image_nwpu_background_123_002,nwpu_background_123,val,negative_image,0,background,881,179,933,237,3016,982,547,rgb,,64,3.5,False,0.736
bg_negative_image_nwpu_background_123_003,nwpu_background_123,val,negative_image,0,background,697,191,735,265,2812,982,547,rgb,,81,2.765,False,0.429
bg_negative_image_nwpu_background_125_000,nwpu_background_125,val,negative_image,0,background,690,186,746,318,7392,1015,497,rgb,,145,1.545,False,0.352
bg_negative_image_nwpu_background_125_001,nwpu_background_125,val,negative_image,0,background,787,182,934,246,9408,1015,497,rgb,,162,1.383,False,0.358
bg_negative_image_nwpu_background_125_002,nwpu_background_125,val,negative_image,0,background,336,182,371,234,1820,1015,497,rgb,,57,3.93,False,0.56
bg_negative_image_nwpu_background_125_003,nwpu_background_125,val,negative_image,0,background,427,54,471,120,2904,1015,497,rgb,,73,3.068,False,0.545
bg_negative_image_nwpu_background_126_000,nwpu_background_126,train,negative_image,0,background,654,338,704,371,1650,1030,548,rgb,,55,4.073,False,0.545
bg_negative_image_nwpu_background_126_001,nwpu_background_126,train,negative_image,0,background,621,9,714,102,8649,1030,548,rgb,,102,2.196,False,0.831
bg_negative_image_nwpu_background_126_002,nwpu_background_126,train,negative_image,0,background,194,307,244,460,7650,1030,548,rgb,,168,1.333,False,0.271
bg_negative_image_nwpu_background_126_003,nwpu_background_126,train,negative_image,0,background,757,126,907,162,5400,1030,548,rgb,,165,1.358,False,0.198
bg_negative_image_nwpu_background_127_000,nwpu_background_127,train,negative_image,0,background,116,130,164,182,2496,948,523,rgb,,57,3.93,False,0.768
bg_negative_image_nwpu_background_127_001,nwpu_background_127,train,negative_image,0,background,122,136,187,181,2925,948,523,rgb,,72,3.111,False,0.564
bg_negative_image_nwpu_background_127_002,nwpu_background_127,train,negative_image,0,background,826,90,867,169,3239,948,523,rgb,,87,2.575,False,0.428
bg_negative_image_nwpu_background_127_003,nwpu_background_127,train,negative_image,0,background,498,332,527,382,1450,948,523,rgb,,55,4.073,False,0.479
bg_negative_image_nwpu_background_128_000,nwpu_background_128,train,negative_image,0,background,472,131,534,160,1798,835,541,rgb,,68,3.294,False,0.389
bg_negative_image_nwpu_background_128_001,nwpu_background_128,train,negative_image,0,background,482,145,546,233,5632,835,541,rgb,,97,2.309,False,0.599
bg_negative_image_nwpu_background_128_002,nwpu_background_128,train,negative_image,0,background,317,348,359,381,1386,835,541,rgb,,46,4.87,False,0.655
bg_negative_image_nwpu_background_128_003,nwpu_background_128,train,negative_image,0,background,18,176,99,278,8262,835,541,rgb,,112,2.0,False,0.659
bg_negative_image_nwpu_background_129_000,nwpu_background_129,train,negative_image,0,background,569,218,611,255,1554,974,528,rgb,,46,4.87,False,0.734
bg_negative_image_nwpu_background_129_001,nwpu_background_129,train,negative_image,0,background,792,363,920,466,13184,974,528,rgb,,141,1.589,False,0.663
bg_negative_image_nwpu_background_129_002,nwpu_background_129,train,negative_image,0,background,491,195,563,325,9360,974,528,rgb,,143,1.566,False,0.458
bg_negative_image_nwpu_background_129_003,nwpu_background_129,train,negative_image,0,background,538,138,661,254,14268,974,528,rgb,,135,1.659,False,0.783
bg_negative_image_nwpu_background_130_000,nwpu_background_130,val,negative_image,0,background,904,470,966,503,2046,1053,542,rgb,,68,3.294,False,0.442
bg_negative_image_nwpu_background_130_001,nwpu_background_130,val,negative_image,0,background,803,430,904,532,10302,1053,542,rgb,,112,2.0,False,0.821
bg_negative_image_nwpu_background_130_002,nwpu_background_130,val,negative_image,0,background,724,339,830,437,10388,1053,542,rgb,,117,1.915,False,0.759
bg_negative_image_nwpu_background_130_003,nwpu_background_130,val,negative_image,0,background,487,227,527,272,1800,1053,542,rgb,,49,4.571,False,0.75
bg_negative_image_nwpu_background_131_000,nwpu_background_131,train,negative_image,0,background,571,150,615,179,1276,930,549,rgb,,48,4.667,False,0.554
bg_negative_image_nwpu_background_131_001,nwpu_background_131,train,negative_image,0,background,217,305,304,334,2523,930,549,rgb,,96,2.333,False,0.274
bg_negative_image_nwpu_background_131_002,nwpu_background_131,train,negative_image,0,background,185,396,269,460,5376,930,549,rgb,,92,2.435,False,0.635
bg_negative_image_nwpu_background_131_003,nwpu_background_131,train,negative_image,0,background,735,78,811,159,6156,930,549,rgb,,89,2.517,False,0.777
bg_negative_image_nwpu_background_133_000,nwpu_background_133,train,negative_image,0,background,303,396,356,446,2650,953,546,rgb,,58,3.862,False,0.788
bg_negative_image_nwpu_background_133_001,nwpu_background_133,train,negative_image,0,background,719,64,815,148,8064,953,546,rgb,,106,2.113,False,0.718
bg_negative_image_nwpu_background_133_002,nwpu_background_133,train,negative_image,0,background,105,202,149,231,1276,953,546,rgb,,48,4.667,False,0.554
bg_negative_image_nwpu_background_133_003,nwpu_background_133,train,negative_image,0,background,918,96,952,143,1598,953,546,rgb,,52,4.308,False,0.591
bg_negative_image_nwpu_background_134_000,nwpu_background_134,train,negative_image,0,background,375,325,434,353,1652,947,552,rgb,,65,3.446,False,0.391
bg_negative_image_nwpu_background_134_001,nwpu_background_134,train,negative_image,0,background,826,470,888,543,4526,947,552,rgb,,80,2.8,False,0.707
bg_negative_image_nwpu_background_134_002,nwpu_background_134,train,negative_image,0,background,119,372,201,454,6724,947,552,rgb,,90,2.489,False,0.83
bg_negative_image_nwpu_background_134_003,nwpu_background_134,train,negative_image,0,background,243,446,293,494,2400,947,552,rgb,,55,4.073,False,0.793
bg_negative_image_nwpu_background_135_000,nwpu_background_135,train,negative_image,0,background,85,355,184,461,10494,859,533,rgb,,117,1.915,False,0.767
bg_negative_image_nwpu_background_135_001,nwpu_background_135,train,negative_image,0,background,141,195,200,268,4307,859,533,rgb,,80,2.8,False,0.673
bg_negative_image_nwpu_background_135_002,nwpu_background_135,train,negative_image,0,background,416,343,444,376,924,859,533,rgb,,36,6.222,True,0.713
bg_negative_image_nwpu_background_135_003,nwpu_background_135,train,negative_image,0,background,526,479,579,529,2650,859,533,rgb,,58,3.862,False,0.788
bg_negative_image_nwpu_background_136_000,nwpu_background_136,val,negative_image,0,background,407,44,483,125,6156,864,541,rgb,,89,2.517,False,0.777
bg_negative_image_nwpu_background_136_001,nwpu_background_136,val,negative_image,0,background,580,438,647,531,6231,864,541,rgb,,102,2.196,False,0.599
bg_negative_image_nwpu_background_136_002,nwpu_background_136,val,negative_image,0,background,354,195,450,276,7776,864,541,rgb,,106,2.113,False,0.692
bg_negative_image_nwpu_background_136_003,nwpu_background_136,val,negative_image,0,background,23,198,441,445,103246,864,541,rgb,,460,0.487,False,0.488
bg_negative_image_nwpu_background_137_000,nwpu_background_137,train,negative_image,0,background,640,401,688,458,2736,861,539,rgb,,63,3.556,False,0.689
bg_negative_image_nwpu_background_137_001,nwpu_background_137,train,negative_image,0,background,650,195,719,266,4899,861,539,rgb,,78,2.872,False,0.805
bg_negative_image_nwpu_background_137_002,nwpu_background_137,train,negative_image,0,background,606,389,658,443,2808,861,539,rgb,,59,3.797,False,0.807
bg_negative_image_nwpu_background_137_003,nwpu_background_137,train,negative_image,0,background,390,426,458,488,4216,861,539,rgb,,75,2.987,False,0.75
bg_negative_image_nwpu_background_138_000,nwpu_background_138,train,negative_image,0,background,744,48,790,92,2024,892,539,rgb,,51,4.392,False,0.778
bg_negative_image_nwpu_background_138_001,nwpu_background_138,train,negative_image,0,background,126,235,199,334,7227,892,539,rgb,,109,2.055,False,0.608
bg_negative_image_nwpu_background_138_002,nwpu_background_138,train,negative_image,0,background,31,0,334,418,126654,892,539,rgb,,460,0.487,False,0.599
bg_negative_image_nwpu_background_138_003,nwpu_background_138,train,negative_image,0,background,346,336,446,441,10500,892,539,rgb,,116,1.931,False,0.78
bg_negative_image_nwpu_background_139_000,nwpu_background_139,train,negative_image,0,background,432,342,541,434,10028,772,508,rgb,,120,1.867,False,0.696
bg_negative_image_nwpu_background_139_001,nwpu_background_139,train,negative_image,0,background,112,59,217,164,11025,772,508,rgb,,116,1.931,False,0.819
bg_negative_image_nwpu_background_139_002,nwpu_background_139,train,negative_image,0,background,579,248,648,296,3312,772,508,rgb,,76,2.947,False,0.573
bg_negative_image_nwpu_background_139_003,nwpu_background_139,train,negative_image,0,background,545,42,652,92,5350,772,508,rgb,,118,1.898,False,0.384
bg_negative_image_nwpu_background_140_000,nwpu_background_140,train,negative_image,0,background,645,116,726,195,6399,955,528,rgb,,89,2.517,False,0.808
bg_negative_image_nwpu_background_140_001,nwpu_background_140,train,negative_image,0,background,681,239,731,293,2700,955,528,rgb,,59,3.797,False,0.776
bg_negative_image_nwpu_background_140_002,nwpu_background_140,train,negative_image,0,background,417,173,474,230,3249,955,528,rgb,,63,3.556,False,0.819
bg_negative_image_nwpu_background_140_003,nwpu_background_140,train,negative_image,0,background,202,100,236,149,1666,955,528,rgb,,54,4.148,False,0.571
bg_negative_image_nwpu_background_141_000,nwpu_background_141,train,negative_image,0,background,109,43,151,71,1176,956,528,rgb,,46,4.87,False,0.556
bg_negative_image_nwpu_background_141_001,nwpu_background_141,train,negative_image,0,background,160,87,206,121,1564,956,528,rgb,,51,4.392,False,0.601
bg_negative_image_nwpu_background_141_002,nwpu_background_141,train,negative_image,0,background,350,471,428,523,4056,956,528,rgb,,86,2.605,False,0.548
bg_negative_image_nwpu_background_141_003,nwpu_background_141,train,negative_image,0,background,120,315,199,361,3634,956,528,rgb,,87,2.575,False,0.48
bg_negative_image_nwpu_background_142_000,nwpu_background_142,val,negative_image,0,background,381,398,435,463,3510,1024,520,rgb,,72,3.111,False,0.677
bg_negative_image_nwpu_background_142_001,nwpu_background_142,val,negative_image,0,background,939,398,1001,462,3968,1024,520,rgb,,70,3.2,False,0.81
bg_negative_image_nwpu_background_142_002,nwpu_background_142,val,negative_image,0,background,211,299,281,364,4550,1024,520,rgb,,77,2.909,False,0.767
bg_negative_image_nwpu_background_143_000,nwpu_background_143,train,negative_image,0,background,230,330,325,416,8170,890,535,rgb,,105,2.133,False,0.741
bg_negative_image_nwpu_background_143_001,nwpu_background_143,train,negative_image,0,background,464,394,511,454,2820,890,535,rgb,,66,3.394,False,0.647
bg_negative_image_nwpu_background_143_002,nwpu_background_143,train,negative_image,0,background,594,13,648,68,2970,890,535,rgb,,61,3.672,False,0.798
bg_negative_image_nwpu_background_145_000,nwpu_background_145,train,negative_image,0,background,528,259,642,279,2280,992,552,rgb,,125,1.792,False,0.146
bg_negative_image_nwpu_background_145_001,nwpu_background_145,train,negative_image,0,background,243,205,300,267,3534,992,552,rgb,,68,3.294,False,0.764
bg_negative_image_nwpu_background_145_002,nwpu_background_145,train,negative_image,0,background,721,195,841,399,24480,992,552,rgb,,224,1.0,False,0.488
bg_negative_image_nwpu_background_146_000,nwpu_background_146,train,negative_image,0,background,371,143,419,176,1584,1012,562,rgb,,53,4.226,False,0.564
bg_negative_image_nwpu_background_146_001,nwpu_background_146,train,negative_image,0,background,291,285,380,342,5073,1012,562,rgb,,98,2.286,False,0.528
bg_negative_image_nwpu_background_146_002,nwpu_background_146,train,negative_image,0,background,668,35,693,61,650,1012,562,rgb,,29,7.724,True,0.773
bg_negative_image_nwpu_background_147_000,nwpu_background_147,train,negative_image,0,background,187,426,271,490,5376,967,540,rgb,,92,2.435,False,0.635
bg_negative_image_nwpu_background_147_001,nwpu_background_147,train,negative_image,0,background,600,85,638,131,1748,967,540,rgb,,51,4.392,False,0.672
bg_negative_image_nwpu_background_147_002,nwpu_background_147,train,negative_image,0,background,424,229,488,287,3712,967,540,rgb,,70,3.2,False,0.758
bg_negative_image_nwpu_background_148_000,nwpu_background_148,train,negative_image,0,background,839,29,906,108,5293,964,568,rgb,,87,2.575,False,0.699
bg_negative_image_nwpu_background_148_001,nwpu_background_148,train,negative_image,0,background,497,93,613,183,10440,964,568,rgb,,128,1.75,False,0.637
bg_negative_image_nwpu_background_148_002,nwpu_background_148,train,negative_image,0,background,588,101,686,198,9506,964,568,rgb,,108,2.074,False,0.815
bg_negative_image_nwpu_background_149_000,nwpu_background_149,train,negative_image,0,background,180,219,303,276,7011,991,574,rgb,,135,1.659,False,0.385
bg_negative_image_nwpu_background_149_001,nwpu_background_149,train,negative_image,0,background,156,66,264,152,9288,991,574,rgb,,119,1.882,False,0.656
bg_negative_image_nwpu_background_149_002,nwpu_background_149,train,negative_image,0,background,298,192,360,235,2666,991,574,rgb,,68,3.294,False,0.577
bg_negative_image_nwpu_background_150_000,nwpu_background_150,train,negative_image,0,background,49,165,103,260,5130,947,556,rgb,,105,2.133,False,0.465
bg_negative_image_nwpu_background_150_001,nwpu_background_150,train,negative_image,0,background,502,100,626,167,8308,947,556,rgb,,136,1.647,False,0.449
bg_negative_image_nwpu_background_150_002,nwpu_background_150,train,negative_image,0,background,745,346,853,530,19872,947,556,rgb,,202,1.109,False,0.487
bg_positive_free_nwpu_positive_002_000,nwpu_positive_002,train,positive_free,0,background,97,89,144,127,1786,950,806,rgb,,52,4.308,False,0.661
bg_positive_free_nwpu_positive_003_000,nwpu_positive_003,train,positive_free,0,background,675,553,772,623,6790,889,803,rgb,,107,2.093,False,0.593
bg_positive_free_nwpu_positive_004_000,nwpu_positive_004,train,positive_free,0,background,453,642,537,730,7392,946,732,rgb,,97,2.309,False,0.786
bg_positive_free_nwpu_positive_005_000,nwpu_positive_005,val,positive_free,0,background,39,290,122,321,2573,966,753,rgb,,91,2.462,False,0.311
bg_positive_free_nwpu_positive_006_000,nwpu_positive_006,val,positive_free,0,background,855,395,936,494,8019,982,784,rgb,,109,2.055,False,0.675
bg_positive_free_nwpu_positive_007_000,nwpu_positive_007,train,positive_free,0,background,711,123,814,167,4532,985,769,rgb,,113,1.982,False,0.355
bg_positive_free_nwpu_positive_008_000,nwpu_positive_008,train,positive_free,0,background,460,365,518,391,1508,980,765,rgb,,64,3.5,False,0.368
bg_positive_free_nwpu_positive_009_000,nwpu_positive_009,val,positive_free,0,background,825,251,955,358,13910,980,767,rgb,,143,1.566,False,0.68
bg_positive_free_nwpu_positive_010_000,nwpu_positive_010,val,positive_free,0,background,550,89,589,145,2184,979,752,rgb,,62,3.613,False,0.568
bg_positive_free_nwpu_positive_011_000,nwpu_positive_011,train,positive_free,0,background,280,137,377,172,3395,969,742,rgb,,107,2.093,False,0.297
bg_positive_free_nwpu_positive_012_000,nwpu_positive_012,train,positive_free,0,background,637,427,841,509,16728,940,806,rgb,,224,1.0,False,0.333
bg_positive_free_nwpu_positive_013_000,nwpu_positive_013,train,positive_free,0,background,745,433,829,521,7392,888,552,rgb,,97,2.309,False,0.786
bg_positive_free_nwpu_positive_014_000,nwpu_positive_014,train,positive_free,0,background,592,255,612,293,760,1063,590,rgb,,42,5.333,False,0.431
bg_positive_free_nwpu_positive_015_000,nwpu_positive_015,val,positive_free,0,background,586,337,624,371,1292,927,641,rgb,,42,5.333,False,0.732
bg_positive_free_nwpu_positive_017_000,nwpu_positive_017,train,positive_free,0,background,344,229,368,254,600,1020,630,rgb,,28,8.0,True,0.765
bg_positive_free_nwpu_positive_018_000,nwpu_positive_018,train,positive_free,0,background,43,96,124,155,4779,533,637,rgb,,89,2.517,False,0.603
bg_positive_free_nwpu_positive_021_000,nwpu_positive_021,train,positive_free,0,background,515,195,547,226,992,1356,939,rgb,,35,6.4,True,0.81
bg_positive_free_nwpu_positive_022_000,nwpu_positive_022,val,positive_free,0,background,635,367,682,391,1128,1176,510,rgb,,52,4.308,False,0.417
bg_positive_free_nwpu_positive_023_000,nwpu_positive_023,train,positive_free,0,background,746,696,792,742,2116,948,796,rgb,,51,4.392,False,0.814
bg_positive_free_nwpu_positive_024_000,nwpu_positive_024,train,positive_free,0,background,537,313,736,414,20099,1200,425,rgb,,219,1.023,False,0.419
bg_positive_free_nwpu_positive_025_000,nwpu_positive_025,train,positive_free,0,background,560,391,634,456,4810,1017,510,rgb,,81,2.765,False,0.733
bg_positive_free_nwpu_positive_027_000,nwpu_positive_027,train,positive_free,0,background,393,53,428,112,2065,1085,584,rgb,,65,3.446,False,0.489
bg_positive_free_nwpu_positive_029_000,nwpu_positive_029,train,positive_free,0,background,339,350,375,386,1296,740,656,rgb,,40,5.6,False,0.81
bg_positive_free_nwpu_positive_030_000,nwpu_positive_030,train,positive_free,0,background,65,414,422,587,61761,1030,610,rgb,,393,0.57,False,0.4
bg_positive_free_nwpu_positive_031_000,nwpu_positive_031,train,positive_free,0,background,341,222,467,359,17262,920,653,rgb,,151,1.483,False,0.757
bg_positive_free_nwpu_positive_032_000,nwpu_positive_032,train,positive_free,0,background,1067,479,1150,554,6225,1157,575,rgb,,91,2.462,False,0.752
bg_positive_free_nwpu_positive_033_000,nwpu_positive_033,train,positive_free,0,background,415,182,484,230,3312,657,652,rgb,,76,2.947,False,0.573
bg_positive_free_nwpu_positive_034_000,nwpu_positive_034,train,positive_free,0,background,753,33,795,78,1890,876,781,rgb,,50,4.48,False,0.756
bg_positive_free_nwpu_positive_035_000,nwpu_positive_035,val,positive_free,0,background,834,67,917,144,6391,1079,647,rgb,,91,2.462,False,0.772
bg_positive_free_nwpu_positive_036_000,nwpu_positive_036,train,positive_free,0,background,243,334,432,529,36855,533,597,rgb,,214,1.047,False,0.805
bg_positive_free_nwpu_positive_037_000,nwpu_positive_037,train,positive_free,0,background,826,589,911,648,5015,1066,683,rgb,,94,2.383,False,0.568
bg_positive_free_nwpu_positive_038_000,nwpu_positive_038,val,positive_free,0,background,523,299,603,397,7840,1039,649,rgb,,108,2.074,False,0.672
bg_positive_free_nwpu_positive_039_000,nwpu_positive_039,train,positive_free,0,background,956,433,1052,477,4224,1080,659,rgb,,106,2.113,False,0.376
bg_positive_free_nwpu_positive_040_000,nwpu_positive_040,train,positive_free,0,background,526,244,601,319,5625,1165,609,rgb,,83,2.699,False,0.817
bg_positive_free_nwpu_positive_041_000,nwpu_positive_041,train,positive_free,0,background,81,43,268,75,5984,1087,582,rgb,,206,1.087,False,0.141
bg_positive_free_nwpu_positive_042_000,nwpu_positive_042,train,positive_free,0,background,755,262,772,292,510,985,617,rgb,,33,6.788,True,0.468
bg_positive_free_nwpu_positive_043_000,nwpu_positive_043,train,positive_free,0,background,880,139,911,194,1705,933,692,rgb,,61,3.672,False,0.458
bg_positive_free_nwpu_positive_044_000,nwpu_positive_044,val,positive_free,0,background,918,132,978,199,4020,999,627,rgb,,74,3.027,False,0.734
bg_positive_free_nwpu_positive_045_000,nwpu_positive_045,train,positive_free,0,background,131,44,207,168,9424,927,811,rgb,,136,1.647,False,0.51
bg_positive_free_nwpu_positive_046_000,nwpu_positive_046,train,positive_free,0,background,178,329,236,393,3712,970,642,rgb,,70,3.2,False,0.758
bg_positive_free_nwpu_positive_047_000,nwpu_positive_047,train,positive_free,0,background,601,443,692,466,2093,1209,731,rgb,,100,2.24,False,0.209
bg_positive_free_nwpu_positive_048_000,nwpu_positive_048,val,positive_free,0,background,453,521,503,565,2200,783,647,rgb,,55,4.073,False,0.727
bg_positive_free_nwpu_positive_050_000,nwpu_positive_050,train,positive_free,0,background,344,57,461,107,5850,1105,680,rgb,,129,1.736,False,0.352
bg_positive_free_nwpu_positive_051_000,nwpu_positive_051,train,positive_free,0,background,880,198,1001,314,14036,1052,639,rgb,,133,1.684,False,0.793
bg_positive_free_nwpu_positive_052_000,nwpu_positive_052,train,positive_free,0,background,334,95,489,137,6510,773,559,rgb,,170,1.318,False,0.225
bg_positive_free_nwpu_positive_054_000,nwpu_positive_054,train,positive_free,0,background,421,223,479,273,2900,684,563,rgb,,64,3.5,False,0.708
bg_positive_free_nwpu_positive_055_000,nwpu_positive_055,train,positive_free,0,background,625,133,688,162,1827,929,819,rgb,,69,3.246,False,0.384
bg_positive_free_nwpu_positive_056_000,nwpu_positive_056,train,positive_free,0,background,796,133,898,244,11322,952,818,rgb,,122,1.836,False,0.761
bg_positive_free_nwpu_positive_057_000,nwpu_positive_057,train,positive_free,0,background,449,408,499,449,2050,952,827,rgb,,55,4.073,False,0.678
bg_positive_free_nwpu_positive_058_000,nwpu_positive_058,val,positive_free,0,background,424,331,496,393,4464,906,821,rgb,,79,2.835,False,0.715
bg_positive_free_nwpu_positive_059_000,nwpu_positive_059,train,positive_free,0,background,360,48,411,107,3009,904,771,rgb,,65,3.446,False,0.712
bg_positive_free_nwpu_positive_060_000,nwpu_positive_060,val,positive_free,0,background,498,166,601,263,9991,943,823,rgb,,113,1.982,False,0.782
bg_positive_free_nwpu_positive_061_000,nwpu_positive_061,train,positive_free,0,background,47,709,87,756,1880,966,769,rgb,,52,4.308,False,0.695
bg_positive_free_nwpu_positive_062_000,nwpu_positive_062,train,positive_free,0,background,410,685,475,726,2665,939,805,rgb,,72,3.111,False,0.514
bg_positive_free_nwpu_positive_063_000,nwpu_positive_063,train,positive_free,0,background,46,7,443,312,121085,968,723,rgb,,437,0.513,False,0.634
bg_positive_free_nwpu_positive_064_000,nwpu_positive_064,train,positive_free,0,background,419,332,515,427,9120,973,767,rgb,,106,2.113,False,0.812
bg_positive_free_nwpu_positive_065_000,nwpu_positive_065,train,positive_free,0,background,535,396,571,437,1476,977,758,rgb,,45,4.978,False,0.729
bg_positive_free_nwpu_positive_066_000,nwpu_positive_066,train,positive_free,0,background,755,75,826,141,4686,973,760,rgb,,78,2.872,False,0.77
bg_positive_free_nwpu_positive_067_000,nwpu_positive_067,train,positive_free,0,background,747,625,786,653,1092,981,765,rgb,,43,5.209,False,0.591
bg_positive_free_nwpu_positive_068_000,nwpu_positive_068,train,positive_free,0,background,884,575,981,689,11058,986,773,rgb,,125,1.792,False,0.708
bg_positive_free_nwpu_positive_070_000,nwpu_positive_070,train,positive_free,0,background,282,276,362,362,6880,977,772,rgb,,95,2.358,False,0.762
bg_positive_free_nwpu_positive_071_000,nwpu_positive_071,train,positive_free,0,background,246,374,306,505,7860,978,748,rgb,,144,1.556,False,0.379
bg_positive_free_nwpu_positive_072_000,nwpu_positive_072,train,positive_free,0,background,303,380,397,460,7520,974,763,rgb,,103,2.175,False,0.709
bg_positive_free_nwpu_positive_073_000,nwpu_positive_073,train,positive_free,0,background,253,115,378,189,9250,979,751,rgb,,138,1.623,False,0.486
bg_positive_free_nwpu_positive_074_000,nwpu_positive_074,train,positive_free,0,background,51,633,150,739,10494,975,773,rgb,,117,1.915,False,0.767
bg_positive_free_nwpu_positive_075_000,nwpu_positive_075,val,positive_free,0,background,349,542,453,638,9984,971,746,rgb,,114,1.965,False,0.768
bg_positive_free_nwpu_positive_077_000,nwpu_positive_077,train,positive_free,0,background,167,111,269,227,11832,971,749,rgb,,128,1.75,False,0.722
bg_positive_free_nwpu_positive_078_000,nwpu_positive_078,train,positive_free,0,background,756,185,794,226,1558,969,741,rgb,,45,4.978,False,0.769
bg_positive_free_nwpu_positive_079_000,nwpu_positive_079,train,positive_free,0,background,118,415,158,463,1920,881,661,rgb,,53,4.226,False,0.684
bg_positive_free_nwpu_positive_080_000,nwpu_positive_080,train,positive_free,0,background,778,128,826,180,2496,1003,594,rgb,,57,3.93,False,0.768
bg_positive_free_nwpu_positive_081_000,nwpu_positive_081,val,positive_free,0,background,943,176,1040,215,3783,1075,704,rgb,,107,2.093,False,0.33
bg_positive_free_nwpu_positive_082_000,nwpu_positive_082,train,positive_free,0,background,354,185,585,450,61215,1054,693,rgb,,292,0.767,False,0.718
bg_positive_free_nwpu_positive_083_000,nwpu_positive_083,train,positive_free,0,background,779,515,826,553,1786,1051,705,rgb,,52,4.308,False,0.661
bg_positive_free_nwpu_positive_084_000,nwpu_positive_084,train,positive_free,0,background,164,2,467,218,65448,1073,704,rgb,,333,0.673,False,0.59
bg_positive_free_nwpu_positive_085_000,nwpu_positive_085,train,positive_free,0,background,984,25,1064,90,5200,1070,700,rgb,,88,2.545,False,0.671
bg_positive_free_nwpu_positive_087_000,nwpu_positive_087,train,positive_free,0,background,181,264,264,342,6474,955,587,rgb,,91,2.462,False,0.782
bg_positive_free_nwpu_positive_088_000,nwpu_positive_088,train,positive_free,0,background,98,230,149,256,1326,1156,607,rgb,,56,4.0,False,0.423
bg_positive_free_nwpu_positive_089_000,nwpu_positive_089,train,positive_free,0,background,760,249,825,285,2340,1082,706,rgb,,72,3.111,False,0.451
bg_positive_free_nwpu_positive_090_000,nwpu_positive_090,train,positive_free,0,background,188,266,298,319,5830,1072,702,rgb,,121,1.851,False,0.398
bg_positive_free_nwpu_positive_091_000,nwpu_positive_091,train,positive_free,0,background,476,552,512,610,2088,1029,698,rgb,,64,3.5,False,0.51
bg_positive_free_nwpu_positive_092_000,nwpu_positive_092,train,positive_free,0,background,715,658,753,695,1406,1074,706,rgb,,42,5.333,False,0.797
bg_positive_free_nwpu_positive_093_000,nwpu_positive_093,train,positive_free,0,background,630,115,674,187,3168,726,538,rgb,,79,2.835,False,0.508
bg_positive_free_nwpu_positive_094_000,nwpu_positive_094,train,positive_free,0,background,585,42,870,319,78945,1060,702,rgb,,314,0.713,False,0.801
bg_positive_free_nwpu_positive_096_000,nwpu_positive_096,train,positive_free,0,background,486,129,517,182,1643,1068,697,rgb,,58,3.862,False,0.488
bg_positive_free_nwpu_positive_097_000,nwpu_positive_097,train,positive_free,0,background,476,184,517,229,1845,1067,682,rgb,,50,4.48,False,0.738
bg_positive_free_nwpu_positive_098_000,nwpu_positive_098,train,positive_free,0,background,798,594,855,643,2793,1060,704,rgb,,63,3.556,False,0.704
bg_positive_free_nwpu_positive_099_000,nwpu_positive_099,train,positive_free,0,background,268,177,325,234,3249,1065,702,rgb,,63,3.556,False,0.819
bg_positive_free_nwpu_positive_100_000,nwpu_positive_100,val,positive_free,0,background,901,201,1024,403,24846,1078,702,rgb,,222,1.009,False,0.504
bg_positive_free_nwpu_positive_102_000,nwpu_positive_102,train,positive_free,0,background,776,236,929,354,18054,1069,709,rgb,,168,1.333,False,0.64
bg_positive_free_nwpu_positive_103_000,nwpu_positive_103,val,positive_free,0,background,29,61,92,155,5922,878,473,rgb,,103,2.175,False,0.558
bg_positive_free_nwpu_positive_104_000,nwpu_positive_104,train,positive_free,0,background,549,115,916,280,60555,1068,712,rgb,,404,0.554,False,0.371
bg_positive_free_nwpu_positive_105_000,nwpu_positive_105,train,positive_free,0,background,940,531,978,599,2584,1063,692,rgb,,75,2.987,False,0.459
bg_positive_free_nwpu_positive_106_000,nwpu_positive_106,train,positive_free,0,background,211,30,301,129,8910,1019,699,rgb,,109,2.055,False,0.75
bg_positive_free_nwpu_positive_107_000,nwpu_positive_107,train,positive_free,0,background,861,201,921,240,2340,1053,696,rgb,,66,3.394,False,0.537
bg_positive_free_nwpu_positive_108_000,nwpu_positive_108,train,positive_free,0,background,745,578,854,670,10028,1063,708,rgb,,120,1.867,False,0.696
bg_positive_free_nwpu_positive_109_000,nwpu_positive_109,train,positive_free,0,background,725,261,790,367,6890,1061,697,rgb,,117,1.915,False,0.503
bg_positive_free_nwpu_positive_110_000,nwpu_positive_110,train,positive_free,0,background,526,460,587,531,4331,1058,689,rgb,,78,2.872,False,0.712
bg_positive_free_nwpu_positive_111_000,nwpu_positive_111,train,positive_free,0,background,291,68,354,199,8253,1073,705,rgb,,144,1.556,False,0.398
bg_positive_free_nwpu_positive_112_000,nwpu_positive_112,val,positive_free,0,background,765,601,851,638,3182,1058,695,rgb,,95,2.358,False,0.353
bg_positive_free_nwpu_positive_114_000,nwpu_positive_114,val,positive_free,0,background,544,256,619,351,7125,878,584,rgb,,105,2.133,False,0.646
bg_positive_free_nwpu_positive_115_000,nwpu_positive_115,train,positive_free,0,background,817,617,866,683,3234,1077,708,rgb,,73,3.068,False,0.607
bg_positive_free_nwpu_positive_116_000,nwpu_positive_116,train,positive_free,0,background,746,589,783,648,2183,1071,701,rgb,,65,3.446,False,0.517
bg_positive_free_nwpu_positive_117_000,nwpu_positive_117,val,positive_free,0,background,322,348,390,408,4080,982,606,rgb,,75,2.987,False,0.725
bg_positive_free_nwpu_positive_118_000,nwpu_positive_118,val,positive_free,0,background,470,633,539,689,3864,1061,698,rgb,,76,2.947,False,0.669
bg_positive_free_nwpu_positive_119_000,nwpu_positive_119,train,positive_free,0,background,395,540,499,610,7280,1061,687,rgb,,114,1.965,False,0.56
bg_positive_free_nwpu_positive_121_000,nwpu_positive_121,train,positive_free,0,background,275,472,369,580,10152,1062,707,rgb,,119,1.882,False,0.717
bg_positive_free_nwpu_positive_123_000,nwpu_positive_123,train,positive_free,0,background,663,403,760,470,6499,774,523,rgb,,107,2.093,False,0.568
bg_positive_free_nwpu_positive_125_000,nwpu_positive_125,train,positive_free,0,background,301,494,360,554,3540,1058,702,rgb,,66,3.394,False,0.813
bg_positive_free_nwpu_positive_126_000,nwpu_positive_126,train,positive_free,0,background,571,395,658,484,7743,1029,689,rgb,,98,2.286,False,0.806
bg_positive_free_nwpu_positive_128_000,nwpu_positive_128,train,positive_free,0,background,797,15,905,98,8964,1069,706,rgb,,119,1.882,False,0.633
bg_positive_free_nwpu_positive_129_000,nwpu_positive_129,train,positive_free,0,background,703,362,777,425,4662,1061,705,rgb,,81,2.765,False,0.711
bg_positive_free_nwpu_positive_130_000,nwpu_positive_130,train,positive_free,0,background,461,34,587,122,11088,1056,697,rgb,,139,1.612,False,0.574
bg_positive_free_nwpu_positive_131_000,nwpu_positive_131,train,positive_free,0,background,858,20,930,90,5040,1064,711,rgb,,79,2.835,False,0.808
bg_positive_free_nwpu_positive_132_000,nwpu_positive_132,train,positive_free,0,background,410,589,447,673,3108,1070,707,rgb,,92,2.435,False,0.367
bg_positive_free_nwpu_positive_133_000,nwpu_positive_133,train,positive_free,0,background,552,145,701,180,5215,885,596,rgb,,164,1.366,False,0.194
bg_positive_free_nwpu_positive_134_000,nwpu_positive_134,train,positive_free,0,background,666,324,717,388,3264,819,498,rgb,,70,3.2,False,0.666
bg_positive_free_nwpu_positive_136_000,nwpu_positive_136,train,positive_free,0,background,191,184,229,221,1406,921,383,rgb,,42,5.333,False,0.797
bg_positive_free_nwpu_positive_137_000,nwpu_positive_137,train,positive_free,0,background,651,113,714,251,8694,898,599,rgb,,152,1.474,False,0.376
bg_positive_free_nwpu_positive_138_000,nwpu_positive_138,train,positive_free,0,background,623,249,855,511,60784,933,569,rgb,,288,0.778,False,0.733
bg_positive_free_nwpu_positive_140_000,nwpu_positive_140,train,positive_free,0,background,219,205,273,230,1350,680,380,rgb,,59,3.797,False,0.388
bg_positive_free_nwpu_positive_141_000,nwpu_positive_141,train,positive_free,0,background,895,477,988,539,5766,1013,590,rgb,,102,2.196,False,0.554
bg_positive_free_nwpu_positive_142_000,nwpu_positive_142,val,positive_free,0,background,671,129,736,202,4745,793,461,rgb,,80,2.8,False,0.741
bg_positive_free_nwpu_positive_143_000,nwpu_positive_143,train,positive_free,0,background,159,39,203,113,3256,795,510,rgb,,81,2.765,False,0.496
bg_positive_free_nwpu_positive_144_000,nwpu_positive_144,train,positive_free,0,background,74,28,165,128,9100,708,498,rgb,,110,2.036,False,0.752
bg_positive_free_nwpu_positive_145_000,nwpu_positive_145,val,positive_free,0,background,49,68,113,142,4736,726,590,rgb,,81,2.765,False,0.722
bg_positive_free_nwpu_positive_146_000,nwpu_positive_146,train,positive_free,0,background,450,303,563,407,11752,657,627,rgb,,124,1.806,False,0.764
bg_positive_free_nwpu_positive_148_000,nwpu_positive_148,train,positive_free,0,background,575,467,644,551,5796,981,613,rgb,,92,2.435,False,0.685
bg_positive_free_nwpu_positive_149_000,nwpu_positive_149,train,positive_free,0,background,510,263,546,308,1620,835,549,rgb,,50,4.48,False,0.648
bg_positive_free_nwpu_positive_150_000,nwpu_positive_150,train,positive_free,0,background,326,163,451,237,9250,853,546,rgb,,138,1.623,False,0.486
bg_positive_free_nwpu_positive_151_000,nwpu_positive_151,train,positive_free,0,background,424,85,463,113,1092,945,528,rgb,,43,5.209,False,0.591
bg_positive_free_nwpu_positive_153_000,nwpu_positive_153,train,positive_free,0,background,163,70,228,139,4485,690,522,rgb,,76,2.947,False,0.776
bg_positive_free_nwpu_positive_154_000,nwpu_positive_154,train,positive_free,0,background,88,199,388,465,79800,659,502,rgb,,330,0.679,False,0.733
bg_positive_free_nwpu_positive_155_000,nwpu_positive_155,train,positive_free,0,background,583,455,623,491,1440,890,567,rgb,,44,5.091,False,0.744
bg_positive_free_nwpu_positive_156_000,nwpu_positive_156,train,positive_free,0,background,43,245,157,379,15276,663,454,rgb,,147,1.524,False,0.707
bg_positive_free_nwpu_positive_157_000,nwpu_positive_157,train,positive_free,0,background,751,106,819,176,4760,894,429,rgb,,77,2.909,False,0.803
bg_positive_free_nwpu_positive_159_000,nwpu_positive_159,train,positive_free,0,background,448,110,489,160,2050,828,431,rgb,,55,4.073,False,0.678
bg_positive_free_nwpu_positive_160_000,nwpu_positive_160,val,positive_free,0,background,430,276,572,376,14200,833,552,rgb,,156,1.436,False,0.583
bg_positive_free_nwpu_positive_161_000,nwpu_positive_161,val,positive_free,0,background,443,74,491,120,2208,759,594,rgb,,53,4.226,False,0.786
bg_positive_free_nwpu_positive_162_000,nwpu_positive_162,val,positive_free,0,background,530,280,610,436,12480,865,566,rgb,,172,1.302,False,0.422
bg_positive_free_nwpu_positive_163_000,nwpu_positive_163,val,positive_free,0,background,64,233,116,259,1352,916,547,rgb,,57,3.93,False,0.416
bg_positive_free_nwpu_positive_164_000,nwpu_positive_164,train,positive_free,0,background,43,82,95,144,3224,543,430,rgb,,68,3.294,False,0.697
bg_positive_free_nwpu_positive_165_000,nwpu_positive_165,train,positive_free,0,background,426,388,497,454,4686,1038,588,rgb,,78,2.872,False,0.77
bg_positive_free_nwpu_positive_166_000,nwpu_positive_166,train,positive_free,0,background,656,288,713,332,2508,847,572,rgb,,63,3.556,False,0.632
bg_positive_free_nwpu_positive_167_000,nwpu_positive_167,val,positive_free,0,background,273,307,390,388,9477,663,576,rgb,,129,1.736,False,0.569
bg_positive_free_nwpu_positive_168_000,nwpu_positive_168,train,positive_free,0,background,358,279,411,306,1431,781,555,rgb,,58,3.862,False,0.425
bg_positive_free_nwpu_positive_169_000,nwpu_positive_169,train,positive_free,0,background,42,138,250,380,50336,797,510,rgb,,266,0.842,False,0.711
bg_positive_free_nwpu_positive_170_000,nwpu_positive_170,val,positive_free,0,background,704,224,770,265,2706,830,494,rgb,,73,3.068,False,0.508
bg_positive_free_nwpu_positive_171_000,nwpu_positive_171,val,positive_free,0,background,430,534,482,588,2808,971,609,rgb,,59,3.797,False,0.807
bg_positive_free_nwpu_positive_172_000,nwpu_positive_172,train,positive_free,0,background,157,118,196,157,1521,909,585,rgb,,43,5.209,False,0.823
bg_positive_free_nwpu_positive_173_000,nwpu_positive_173,train,positive_free,0,background,62,0,130,69,4692,716,586,rgb,,76,2.947,False,0.812
bg_positive_free_nwpu_positive_174_000,nwpu_positive_174,train,positive_free,0,background,670,341,732,383,2604,933,507,rgb,,68,3.294,False,0.563
bg_positive_free_nwpu_positive_175_000,nwpu_positive_175,train,positive_free,0,background,24,260,108,340,6720,840,537,rgb,,92,2.435,False,0.794
bg_positive_free_nwpu_positive_176_000,nwpu_positive_176,train,positive_free,0,background,758,80,827,170,6210,874,569,rgb,,99,2.263,False,0.634
bg_positive_free_nwpu_positive_177_000,nwpu_positive_177,train,positive_free,0,background,887,110,965,213,8034,966,593,rgb,,113,1.982,False,0.629
bg_positive_free_nwpu_positive_178_000,nwpu_positive_178,train,positive_free,0,background,189,144,249,172,1680,814,575,rgb,,66,3.394,False,0.386
bg_positive_free_nwpu_positive_179_000,nwpu_positive_179,train,positive_free,0,background,453,510,528,568,4350,852,571,rgb,,82,2.732,False,0.647
bg_positive_free_nwpu_positive_180_000,nwpu_positive_180,val,positive_free,0,background,654,435,737,519,6972,844,550,rgb,,92,2.435,False,0.824
bg_positive_free_nwpu_positive_182_000,nwpu_positive_182,train,positive_free,0,background,553,144,658,207,6615,769,538,rgb,,116,1.931,False,0.492
bg_positive_free_nwpu_positive_183_000,nwpu_positive_183,train,positive_free,0,background,761,498,886,572,9250,897,580,rgb,,138,1.623,False,0.486
bg_positive_free_nwpu_positive_186_000,nwpu_positive_186,train,positive_free,0,background,814,400,878,470,4480,962,571,rgb,,77,2.909,False,0.756
bg_positive_free_nwpu_positive_187_000,nwpu_positive_187,train,positive_free,0,background,243,303,340,342,3783,853,593,rgb,,107,2.093,False,0.33
bg_positive_free_nwpu_positive_188_000,nwpu_positive_188,val,positive_free,0,background,487,209,558,274,4615,836,576,rgb,,78,2.872,False,0.759
bg_positive_free_nwpu_positive_189_000,nwpu_positive_189,train,positive_free,0,background,93,99,143,136,1850,780,560,rgb,,55,4.073,False,0.612
bg_positive_free_nwpu_positive_190_000,nwpu_positive_190,train,positive_free,0,background,600,204,628,259,1540,733,512,rgb,,61,3.672,False,0.414
bg_positive_free_nwpu_positive_191_000,nwpu_positive_191,train,positive_free,0,background,16,171,73,233,3534,826,602,rgb,,68,3.294,False,0.764
bg_positive_free_nwpu_positive_192_000,nwpu_positive_192,train,positive_free,0,background,287,33,379,134,9292,1135,604,rgb,,111,2.018,False,0.754
bg_positive_free_nwpu_positive_193_000,nwpu_positive_193,train,positive_free,0,background,654,86,709,138,2860,825,608,rgb,,61,3.672,False,0.769
bg_positive_free_nwpu_positive_194_000,nwpu_positive_194,train,positive_free,0,background,345,39,412,109,4690,847,619,rgb,,77,2.909,False,0.791
bg_positive_free_nwpu_positive_196_000,nwpu_positive_196,train,positive_free,0,background,645,5,715,77,5040,792,563,rgb,,79,2.835,False,0.808
bg_positive_free_nwpu_positive_197_000,nwpu_positive_197,train,positive_free,0,background,370,51,493,253,24846,796,540,rgb,,222,1.009,False,0.504
bg_positive_free_nwpu_positive_198_000,nwpu_positive_198,train,positive_free,0,background,248,227,436,370,26884,601,381,rgb,,207,1.082,False,0.627
bg_positive_free_nwpu_positive_199_000,nwpu_positive_199,train,positive_free,0,background,310,138,393,224,7138,711,545,rgb,,95,2.358,False,0.791
bg_positive_free_nwpu_positive_200_000,nwpu_positive_200,train,positive_free,0,background,226,92,262,160,2448,665,476,rgb,,75,2.987,False,0.435
bg_positive_free_nwpu_positive_201_000,nwpu_positive_201,train,positive_free,0,background,47,176,116,279,7107,1093,604,rgb,,113,1.982,False,0.557
bg_positive_free_nwpu_positive_202_000,nwpu_positive_202,train,positive_free,0,background,17,240,68,289,2499,994,596,rgb,,56,4.0,False,0.797
bg_positive_free_nwpu_positive_204_000,nwpu_positive_204,train,positive_free,0,background,641,471,678,522,1887,862,632,rgb,,56,4.0,False,0.602
bg_positive_free_nwpu_positive_205_000,nwpu_positive_205,train,positive_free,0,background,85,240,182,340,9700,927,606,rgb,,110,2.036,False,0.802
bg_positive_free_nwpu_positive_206_000,nwpu_positive_206,train,positive_free,0,background,592,132,643,170,1938,1032,574,rgb,,56,4.0,False,0.618
bg_positive_free_nwpu_positive_208_000,nwpu_positive_208,val,positive_free,0,background,204,224,244,274,2000,954,542,rgb,,55,4.073,False,0.661
bg_positive_free_nwpu_positive_209_000,nwpu_positive_209,train,positive_free,0,background,751,459,832,540,6561,992,577,rgb,,89,2.517,False,0.828
bg_positive_free_nwpu_positive_210_000,nwpu_positive_210,train,positive_free,0,background,743,8,802,76,4012,858,518,rgb,,75,2.987,False,0.713
bg_positive_free_nwpu_positive_211_000,nwpu_positive_211,train,positive_free,0,background,658,442,708,511,3450,761,533,rgb,,76,2.947,False,0.597
bg_positive_free_nwpu_positive_212_000,nwpu_positive_212,train,positive_free,0,background,652,486,692,530,1760,894,545,rgb,,48,4.667,False,0.764
bg_positive_free_nwpu_positive_213_000,nwpu_positive_213,train,positive_free,0,background,772,436,832,502,3960,912,515,rgb,,73,3.068,False,0.743
bg_positive_free_nwpu_positive_214_000,nwpu_positive_214,train,positive_free,0,background,62,421,133,488,4757,869,562,rgb,,78,2.872,False,0.782
bg_positive_free_nwpu_positive_215_000,nwpu_positive_215,train,positive_free,0,background,468,303,515,362,2773,809,552,rgb,,65,3.446,False,0.656
bg_positive_free_nwpu_positive_216_000,nwpu_positive_216,train,positive_free,0,background,646,83,709,158,4725,1192,617,rgb,,82,2.732,False,0.703
bg_positive_free_nwpu_positive_217_000,nwpu_positive_217,train,positive_free,0,background,654,39,720,93,3564,950,571,rgb,,73,3.068,False,0.669
bg_positive_free_nwpu_positive_219_000,nwpu_positive_219,train,positive_free,0,background,726,252,766,300,1920,895,582,rgb,,53,4.226,False,0.684
bg_positive_free_nwpu_positive_220_000,nwpu_positive_220,val,positive_free,0,background,863,400,894,453,1643,921,598,rgb,,58,3.862,False,0.488
bg_positive_free_nwpu_positive_221_000,nwpu_positive_221,train,positive_free,0,background,355,399,436,477,6318,847,501,rgb,,89,2.517,False,0.798
bg_positive_free_nwpu_positive_222_000,nwpu_positive_222,train,positive_free,0,background,722,211,769,257,2162,887,603,rgb,,52,4.308,False,0.8
bg_positive_free_nwpu_positive_224_000,nwpu_positive_224,train,positive_free,0,background,763,123,829,180,3762,889,535,rgb,,73,3.068,False,0.706
bg_positive_free_nwpu_positive_225_000,nwpu_positive_225,train,positive_free,0,background,565,501,617,527,1352,868,533,rgb,,57,3.93,False,0.416
bg_positive_free_nwpu_positive_227_000,nwpu_positive_227,train,positive_free,0,background,73,337,127,392,2970,878,555,rgb,,61,3.672,False,0.798
bg_positive_free_nwpu_positive_228_000,nwpu_positive_228,train,positive_free,0,background,236,30,306,96,4620,766,481,rgb,,77,2.909,False,0.779
bg_positive_free_nwpu_positive_229_000,nwpu_positive_229,train,positive_free,0,background,503,129,568,183,3510,732,507,rgb,,72,3.111,False,0.677
bg_positive_free_nwpu_positive_230_000,nwpu_positive_230,train,positive_free,0,background,227,420,302,496,5700,754,573,rgb,,84,2.667,False,0.808
bg_positive_free_nwpu_positive_231_000,nwpu_positive_231,train,positive_free,0,background,637,210,659,255,990,778,516,rgb,,50,4.48,False,0.396
bg_positive_free_nwpu_positive_232_000,nwpu_positive_232,train,positive_free,0,background,839,357,873,390,1122,914,582,rgb,,37,6.054,True,0.82
bg_positive_free_nwpu_positive_233_000,nwpu_positive_233,train,positive_free,0,background,709,264,744,316,1820,836,592,rgb,,57,3.93,False,0.56
bg_positive_free_nwpu_positive_234_000,nwpu_positive_234,val,positive_free,0,background,531,24,611,91,5360,853,583,rgb,,88,2.545,False,0.692
bg_positive_free_nwpu_positive_235_000,nwpu_positive_235,train,positive_free,0,background,103,177,157,232,2970,789,456,rgb,,61,3.672,False,0.798
bg_positive_free_nwpu_positive_236_000,nwpu_positive_236,train,positive_free,0,background,322,287,377,333,2530,832,596,rgb,,61,3.672,False,0.68
bg_positive_free_nwpu_positive_237_000,nwpu_positive_237,val,positive_free,0,background,23,310,87,371,3904,768,565,rgb,,70,3.2,False,0.797
bg_positive_free_nwpu_positive_238_000,nwpu_positive_238,train,positive_free,0,background,432,6,791,192,66774,1063,598,rgb,,395,0.567,False,0.428
bg_positive_free_nwpu_positive_240_000,nwpu_positive_240,train,positive_free,0,background,204,18,279,96,5850,846,542,rgb,,86,2.605,False,0.791
bg_positive_free_nwpu_positive_241_000,nwpu_positive_241,val,positive_free,0,background,93,113,180,192,6873,949,550,rgb,,96,2.333,False,0.746
bg_positive_free_nwpu_positive_243_000,nwpu_positive_243,train,positive_free,0,background,494,452,628,517,8710,787,521,rgb,,147,1.524,False,0.403
bg_positive_free_nwpu_positive_244_000,nwpu_positive_244,train,positive_free,0,background,369,285,741,410,46500,809,443,rgb,,409,0.548,False,0.278
bg_positive_free_nwpu_positive_245_000,nwpu_positive_245,train,positive_free,0,background,768,424,854,505,6966,1087,607,rgb,,95,2.358,False,0.772
bg_positive_free_nwpu_positive_246_000,nwpu_positive_246,train,positive_free,0,background,282,450,348,519,4554,979,553,rgb,,76,2.947,False,0.788
bg_positive_free_nwpu_positive_247_000,nwpu_positive_247,val,positive_free,0,background,870,415,922,463,2496,927,587,rgb,,57,3.93,False,0.768
bg_positive_free_nwpu_positive_248_000,nwpu_positive_248,train,positive_free,0,background,66,280,164,403,12054,804,549,rgb,,135,1.659,False,0.661
bg_positive_free_nwpu_positive_249_000,nwpu_positive_249,train,positive_free,0,background,518,357,611,414,5301,766,504,rgb,,102,2.196,False,0.51
bg_positive_free_nwpu_positive_250_000,nwpu_positive_250,train,positive_free,0,background,433,337,517,431,7896,802,487,rgb,,103,2.175,False,0.744
bg_positive_free_nwpu_positive_251_000,nwpu_positive_251,train,positive_free,0,background,254,217,299,273,2520,965,581,rgb,,62,3.613,False,0.656
bg_positive_free_nwpu_positive_252_000,nwpu_positive_252,val,positive_free,0,background,26,149,108,238,7298,688,422,rgb,,98,2.286,False,0.76
bg_positive_free_nwpu_positive_253_000,nwpu_positive_253,train,positive_free,0,background,276,201,339,269,4284,766,542,rgb,,75,2.987,False,0.762
bg_positive_free_nwpu_positive_254_000,nwpu_positive_254,train,positive_free,0,background,234,165,359,340,21875,840,503,rgb,,193,1.161,False,0.587
bg_positive_free_nwpu_positive_255_000,nwpu_positive_255,train,positive_free,0,background,402,205,456,268,3402,764,560,rgb,,69,3.246,False,0.715
bg_positive_free_nwpu_positive_256_000,nwpu_positive_256,val,positive_free,0,background,714,401,788,458,4218,810,568,rgb,,81,2.765,False,0.643
bg_positive_free_nwpu_positive_257_000,nwpu_positive_257,train,positive_free,0,background,712,76,764,120,2288,902,582,rgb,,57,3.93,False,0.704
bg_positive_free_nwpu_positive_258_000,nwpu_positive_258,train,positive_free,0,background,591,262,752,386,19964,883,572,rgb,,177,1.266,False,0.637
bg_positive_free_nwpu_positive_259_000,nwpu_positive_259,val,positive_free,0,background,386,25,665,313,80352,694,502,rgb,,317,0.707,False,0.8
bg_positive_free_nwpu_positive_260_000,nwpu_positive_260,train,positive_free,0,background,42,282,203,368,13846,869,558,rgb,,177,1.266,False,0.442
bg_positive_free_nwpu_positive_261_000,nwpu_positive_261,train,positive_free,0,background,50,234,101,299,3315,789,521,rgb,,72,3.111,False,0.639
bg_positive_free_nwpu_positive_262_000,nwpu_positive_262,train,positive_free,0,background,129,484,164,569,2975,1119,602,rgb,,94,2.383,False,0.337
bg_positive_free_nwpu_positive_263_000,nwpu_positive_263,train,positive_free,0,background,129,115,269,290,24500,835,531,rgb,,193,1.161,False,0.658
bg_positive_free_nwpu_positive_265_000,nwpu_positive_265,train,positive_free,0,background,432,197,497,355,10270,801,432,rgb,,174,1.287,False,0.339
bg_positive_free_nwpu_positive_266_000,nwpu_positive_266,train,positive_free,0,background,151,57,185,96,1326,1003,585,rgb,,43,5.209,False,0.717
bg_positive_free_nwpu_positive_267_000,nwpu_positive_267,train,positive_free,0,background,1031,237,1102,300,4473,1102,583,rgb,,78,2.872,False,0.735
bg_positive_free_nwpu_positive_268_000,nwpu_positive_268,val,positive_free,0,background,352,379,406,435,3024,783,467,rgb,,62,3.613,False,0.787
bg_positive_free_nwpu_positive_270_000,nwpu_positive_270,val,positive_free,0,background,547,402,766,537,29565,807,559,rgb,,241,0.929,False,0.509
bg_positive_free_nwpu_positive_271_000,nwpu_positive_271,train,positive_free,0,background,214,245,346,322,10164,734,618,rgb,,145,1.545,False,0.483
bg_positive_free_nwpu_positive_272_000,nwpu_positive_272,train,positive_free,0,background,324,94,376,142,2496,831,540,rgb,,57,3.93,False,0.768
bg_positive_free_nwpu_positive_273_000,nwpu_positive_273,train,positive_free,0,background,203,387,251,440,2544,850,602,rgb,,58,3.862,False,0.756
bg_positive_free_nwpu_positive_274_000,nwpu_positive_274,train,positive_free,0,background,46,21,110,84,4032,747,593,rgb,,70,3.2,False,0.823
bg_positive_free_nwpu_positive_275_000,nwpu_positive_275,train,positive_free,0,background,650,485,721,555,4970,940,623,rgb,,78,2.872,False,0.817
bg_positive_free_nwpu_positive_276_000,nwpu_positive_276,train,positive_free,0,background,106,175,147,237,2542,817,608,rgb,,68,3.294,False,0.55
bg_positive_free_nwpu_positive_278_000,nwpu_positive_278,train,positive_free,0,background,34,176,159,250,9250,686,550,rgb,,138,1.623,False,0.486
bg_positive_free_nwpu_positive_279_000,nwpu_positive_279,val,positive_free,0,background,138,136,195,178,2394,756,560,rgb,,63,3.556,False,0.603
bg_positive_free_nwpu_positive_280_000,nwpu_positive_280,val,positive_free,0,background,480,378,520,428,2000,939,540,rgb,,55,4.073,False,0.661
bg_positive_free_nwpu_positive_282_000,nwpu_positive_282,train,positive_free,0,background,359,330,413,374,2376,1002,606,rgb,,59,3.797,False,0.683
bg_positive_free_nwpu_positive_283_000,nwpu_positive_283,train,positive_free,0,background,351,337,525,541,35496,847,574,rgb,,224,1.0,False,0.707
bg_positive_free_nwpu_positive_285_000,nwpu_positive_285,train,positive_free,0,background,504,634,594,713,7110,1264,987,rgb,,99,2.263,False,0.725
bg_positive_free_nwpu_positive_286_000,nwpu_positive_286,train,positive_free,0,background,423,64,480,120,3192,979,751,rgb,,63,3.556,False,0.804
bg_positive_free_nwpu_positive_287_000,nwpu_positive_287,train,positive_free,0,background,599,80,685,117,3182,1152,671,rgb,,95,2.358,False,0.353
bg_positive_free_nwpu_positive_288_000,nwpu_positive_288,train,positive_free,0,background,472,526,511,575,1911,968,776,rgb,,54,4.148,False,0.655
bg_positive_free_nwpu_positive_289_000,nwpu_positive_289,train,positive_free,0,background,811,460,857,494,1564,979,765,rgb,,51,4.392,False,0.601
bg_positive_free_nwpu_positive_290_000,nwpu_positive_290,train,positive_free,0,background,644,556,768,656,12400,978,760,rgb,,136,1.647,False,0.67
bg_positive_free_nwpu_positive_291_000,nwpu_positive_291,train,positive_free,0,background,787,26,857,80,3780,976,765,rgb,,77,2.909,False,0.638
bg_positive_free_nwpu_positive_292_000,nwpu_positive_292,train,positive_free,0,background,187,571,295,657,9288,974,750,rgb,,119,1.882,False,0.656
bg_positive_free_nwpu_positive_293_000,nwpu_positive_293,train,positive_free,0,background,593,294,642,356,3038,964,761,rgb,,68,3.294,False,0.657
bg_positive_free_nwpu_positive_295_000,nwpu_positive_295,train,positive_free,0,background,815,436,919,537,10504,1022,672,rgb,,114,1.965,False,0.808
bg_positive_free_nwpu_positive_297_000,nwpu_positive_297,train,positive_free,0,background,180,205,247,280,5025,968,776,rgb,,83,2.699,False,0.729
bg_positive_free_nwpu_positive_298_000,nwpu_positive_298,train,positive_free,0,background,671,417,709,485,2584,985,751,rgb,,75,2.987,False,0.459
bg_positive_free_nwpu_positive_299_000,nwpu_positive_299,val,positive_free,0,background,31,355,209,616,46458,974,749,rgb,,287,0.78,False,0.564
bg_positive_free_nwpu_positive_300_000,nwpu_positive_300,train,positive_free,0,background,4,528,59,575,2585,970,771,rgb,,61,3.672,False,0.695
bg_positive_free_nwpu_positive_301_000,nwpu_positive_301,train,positive_free,0,background,511,335,579,405,4760,1152,760,rgb,,77,2.909,False,0.803
bg_positive_free_nwpu_positive_302_000,nwpu_positive_302,val,positive_free,0,background,288,268,426,417,20562,1026,662,rgb,,164,1.366,False,0.765
bg_positive_free_nwpu_positive_303_000,nwpu_positive_303,train,positive_free,0,background,390,413,449,483,4130,964,761,rgb,,77,2.909,False,0.697
bg_positive_free_nwpu_positive_306_000,nwpu_positive_306,train,positive_free,0,background,871,56,933,90,2108,937,750,rgb,,68,3.294,False,0.456
bg_positive_free_nwpu_positive_307_000,nwpu_positive_307,train,positive_free,0,background,352,125,410,185,3480,974,749,rgb,,66,3.394,False,0.799
bg_positive_free_nwpu_positive_308_000,nwpu_positive_308,val,positive_free,0,background,740,311,768,379,1904,996,694,rgb,,75,2.987,False,0.338
bg_positive_free_nwpu_positive_309_000,nwpu_positive_309,val,positive_free,0,background,859,23,905,100,3542,981,774,rgb,,85,2.635,False,0.49
bg_positive_free_nwpu_positive_310_000,nwpu_positive_310,train,positive_free,0,background,366,53,430,141,5632,972,744,rgb,,97,2.309,False,0.599
bg_positive_free_nwpu_positive_311_000,nwpu_positive_311,train,positive_free,0,background,437,953,502,1015,4030,1728,1028,rgb,,72,3.111,False,0.777
bg_positive_free_nwpu_positive_312_000,nwpu_positive_312,train,positive_free,0,background,326,483,407,609,10206,1728,968,rgb,,139,1.612,False,0.528
bg_positive_free_nwpu_positive_313_000,nwpu_positive_313,train,positive_free,0,background,801,623,899,725,9996,1259,820,rgb,,112,2.0,False,0.797
bg_positive_free_nwpu_positive_314_000,nwpu_positive_314,train,positive_free,0,background,1139,654,1202,690,2268,1383,819,rgb,,69,3.246,False,0.476
bg_positive_free_nwpu_positive_315_000,nwpu_positive_315,train,positive_free,0,background,146,23,193,72,2303,1689,1026,rgb,,54,4.148,False,0.79
bg_positive_free_nwpu_positive_316_000,nwpu_positive_316,val,positive_free,0,background,537,288,724,435,27489,1166,822,rgb,,206,1.087,False,0.648
bg_positive_free_nwpu_positive_317_000,nwpu_positive_317,train,positive_free,0,background,738,343,784,403,2760,974,762,rgb,,66,3.394,False,0.634
bg_positive_free_nwpu_positive_318_000,nwpu_positive_318,val,positive_free,0,background,951,88,1034,166,6474,1044,664,rgb,,91,2.462,False,0.782
bg_positive_free_nwpu_positive_319_000,nwpu_positive_319,train,positive_free,0,background,788,39,820,70,992,981,775,rgb,,35,6.4,True,0.81
bg_positive_free_nwpu_positive_320_000,nwpu_positive_320,train,positive_free,0,background,641,188,685,248,2640,979,775,rgb,,66,3.394,False,0.606
bg_positive_free_nwpu_positive_322_000,nwpu_positive_322,train,positive_free,0,background,479,275,542,343,4284,982,662,rgb,,75,2.987,False,0.762
bg_positive_free_nwpu_positive_324_000,nwpu_positive_324,train,positive_free,0,background,330,139,402,208,4968,1152,625,rgb,,79,2.835,False,0.796
bg_positive_free_nwpu_positive_325_000,nwpu_positive_325,train,positive_free,0,background,948,361,1017,431,4830,1156,669,rgb,,77,2.909,False,0.815
bg_positive_free_nwpu_positive_326_000,nwpu_positive_326,train,positive_free,0,background,749,533,821,573,2880,1152,669,rgb,,79,2.835,False,0.461
bg_positive_free_nwpu_positive_327_000,nwpu_positive_327,train,positive_free,0,background,9,29,80,88,4189,1152,681,rgb,,78,2.872,False,0.689
bg_positive_free_nwpu_positive_328_000,nwpu_positive_328,train,positive_free,0,background,885,23,940,102,4345,951,597,rgb,,87,2.575,False,0.574
bg_positive_free_nwpu_positive_329_000,nwpu_positive_329,train,positive_free,0,background,819,45,875,80,1960,1151,655,rgb,,62,3.613,False,0.51
bg_positive_free_nwpu_positive_330_000,nwpu_positive_330,train,positive_free,0,background,497,182,572,228,3450,732,554,rgb,,82,2.732,False,0.513
bg_positive_free_nwpu_positive_331_000,nwpu_positive_331,train,positive_free,0,background,10,359,87,414,4235,993,658,rgb,,85,2.635,False,0.586
bg_positive_free_nwpu_positive_332_000,nwpu_positive_332,train,positive_free,0,background,246,96,345,194,9702,1052,605,rgb,,109,2.055,False,0.817
bg_positive_free_nwpu_positive_333_000,nwpu_positive_333,train,positive_free,0,background,90,294,292,385,18382,931,621,rgb,,222,1.009,False,0.373
bg_positive_free_nwpu_positive_334_000,nwpu_positive_334,train,positive_free,0,background,701,378,775,428,3700,959,552,rgb,,81,2.765,False,0.564
bg_positive_free_nwpu_positive_335_000,nwpu_positive_335,train,positive_free,0,background,842,428,891,497,3381,992,600,rgb,,76,2.947,False,0.585
bg_positive_free_nwpu_positive_336_000,nwpu_positive_336,train,positive_free,0,background,499,170,571,245,5400,970,645,rgb,,82,2.732,False,0.803
bg_positive_free_nwpu_positive_337_000,nwpu_positive_337,train,positive_free,0,background,242,483,340,545,6076,832,580,rgb,,108,2.074,False,0.521
bg_positive_free_nwpu_positive_338_000,nwpu_positive_338,train,positive_free,0,background,768,188,826,242,3132,846,506,rgb,,64,3.5,False,0.765
bg_positive_free_nwpu_positive_339_000,nwpu_positive_339,train,positive_free,0,background,85,118,130,167,2205,838,549,rgb,,54,4.148,False,0.756
bg_positive_free_nwpu_positive_340_000,nwpu_positive_340,train,positive_free,0,background,76,43,318,331,69696,858,507,rgb,,317,0.707,False,0.694
bg_positive_free_nwpu_positive_341_000,nwpu_positive_341,train,positive_free,0,background,621,55,661,93,1520,852,604,rgb,,44,5.091,False,0.785
bg_positive_free_nwpu_positive_343_000,nwpu_positive_343,train,positive_free,0,background,629,39,700,103,4544,938,628,rgb,,78,2.872,False,0.747
bg_positive_free_nwpu_positive_345_000,nwpu_positive_345,train,positive_free,0,background,641,320,697,354,1904,948,580,rgb,,62,3.613,False,0.495
bg_positive_free_nwpu_positive_346_000,nwpu_positive_346,val,positive_free,0,background,603,478,673,552,5180,935,574,rgb,,81,2.765,False,0.79
bg_positive_free_nwpu_positive_347_000,nwpu_positive_347,train,positive_free,0,background,558,376,723,473,16005,1115,663,rgb,,182,1.231,False,0.483
bg_positive_free_nwpu_positive_349_000,nwpu_positive_349,train,positive_free,0,background,681,514,756,583,5175,976,584,rgb,,82,2.732,False,0.77
bg_positive_free_nwpu_positive_350_000,nwpu_positive_350,val,positive_free,0,background,123,96,187,164,4352,829,540,rgb,,75,2.987,False,0.774
bg_positive_free_nwpu_positive_351_000,nwpu_positive_351,train,positive_free,0,background,39,213,93,250,1998,853,565,rgb,,59,3.797,False,0.574
bg_positive_free_nwpu_positive_352_000,nwpu_positive_352,train,positive_free,0,background,405,287,463,341,3132,752,545,rgb,,64,3.5,False,0.765
bg_positive_free_nwpu_positive_353_000,nwpu_positive_353,train,positive_free,0,background,573,317,749,392,13200,971,569,rgb,,194,1.155,False,0.351
bg_positive_free_nwpu_positive_355_000,nwpu_positive_355,train,positive_free,0,background,497,302,562,365,4095,989,561,rgb,,72,3.111,False,0.79
bg_positive_free_nwpu_positive_356_000,nwpu_positive_356,train,positive_free,0,background,780,365,835,406,2255,948,579,rgb,,61,3.672,False,0.606
bg_positive_free_nwpu_positive_357_000,nwpu_positive_357,train,positive_free,0,background,69,322,167,391,6762,864,613,rgb,,108,2.074,False,0.58
bg_positive_free_nwpu_positive_358_000,nwpu_positive_358,train,positive_free,0,background,683,504,730,548,2068,977,653,rgb,,52,4.308,False,0.765
bg_positive_free_nwpu_positive_359_000,nwpu_positive_359,train,positive_free,0,background,714,333,811,433,9700,923,561,rgb,,110,2.036,False,0.802
bg_positive_free_nwpu_positive_360_000,nwpu_positive_360,train,positive_free,0,background,319,29,343,54,600,891,605,rgb,,28,8.0,True,0.765
bg_positive_free_nwpu_positive_361_000,nwpu_positive_361,train,positive_free,0,background,100,102,135,136,1190,737,564,rgb,,39,5.744,False,0.782
bg_positive_free_nwpu_positive_362_000,nwpu_positive_362,train,positive_free,0,background,777,281,815,324,1634,861,599,rgb,,47,4.766,False,0.74
bg_positive_free_nwpu_positive_364_000,nwpu_positive_364,train,positive_free,0,background,260,63,289,128,1885,1135,661,rgb,,72,3.111,False,0.364
bg_positive_free_nwpu_positive_366_000,nwpu_positive_366,train,positive_free,0,background,18,471,140,544,8906,848,573,rgb,,134,1.672,False,0.496
bg_positive_free_nwpu_positive_368_000,nwpu_positive_368,train,positive_free,0,background,100,70,147,166,4512,839,576,rgb,,106,2.113,False,0.402
bg_positive_free_nwpu_positive_369_000,nwpu_positive_369,train,positive_free,0,background,879,360,956,426,5082,973,649,rgb,,85,2.635,False,0.703
bg_positive_free_nwpu_positive_371_000,nwpu_positive_371,train,positive_free,0,background,925,58,993,101,2924,1005,695,rgb,,75,2.987,False,0.52
bg_positive_free_nwpu_positive_373_000,nwpu_positive_373,train,positive_free,0,background,843,135,917,187,3848,939,715,rgb,,81,2.765,False,0.586
bg_positive_free_nwpu_positive_374_000,nwpu_positive_374,val,positive_free,0,background,383,256,445,291,2170,973,702,rgb,,68,3.294,False,0.469
bg_positive_free_nwpu_positive_375_000,nwpu_positive_375,val,positive_free,0,background,794,97,845,157,3060,904,709,rgb,,66,3.394,False,0.702
bg_positive_free_nwpu_positive_376_000,nwpu_positive_376,train,positive_free,0,background,311,388,377,457,4554,886,667,rgb,,76,2.947,False,0.788
bg_positive_free_nwpu_positive_377_000,nwpu_positive_377,val,positive_free,0,background,300,28,505,417,79745,863,571,rgb,,428,0.523,False,0.435
bg_positive_free_nwpu_positive_378_000,nwpu_positive_378,train,positive_free,0,background,786,23,836,64,2050,970,715,rgb,,55,4.073,False,0.678
bg_positive_free_nwpu_positive_379_000,nwpu_positive_379,train,positive_free,0,background,5,41,106,143,10302,709,358,rgb,,112,2.0,False,0.821
bg_positive_free_nwpu_positive_380_000,nwpu_positive_380,val,positive_free,0,background,37,179,114,262,6391,700,387,rgb,,91,2.462,False,0.772
bg_positive_free_nwpu_positive_381_000,nwpu_positive_381,train,positive_free,0,background,630,393,662,447,1728,953,723,rgb,,59,3.797,False,0.496
bg_positive_free_nwpu_positive_382_000,nwpu_positive_382,train,positive_free,0,background,649,356,720,426,4970,1002,669,rgb,,78,2.872,False,0.817
bg_positive_free_nwpu_positive_383_000,nwpu_positive_383,train,positive_free,0,background,181,365,266,389,2040,955,672,rgb,,93,2.409,False,0.236
bg_positive_free_nwpu_positive_384_000,nwpu_positive_384,train,positive_free,0,background,625,324,665,357,1320,978,720,rgb,,44,5.091,False,0.682
bg_positive_free_nwpu_positive_385_000,nwpu_positive_385,train,positive_free,0,background,210,53,312,132,8058,756,691,rgb,,112,2.0,False,0.642
bg_positive_free_nwpu_positive_386_000,nwpu_positive_386,train,positive_free,0,background,10,616,71,670,3294,926,678,rgb,,67,3.343,False,0.734
bg_positive_free_nwpu_positive_387_000,nwpu_positive_387,val,positive_free,0,background,142,321,248,373,5512,744,446,rgb,,117,1.915,False,0.403
bg_positive_free_nwpu_positive_389_000,nwpu_positive_389,train,positive_free,0,background,501,251,809,616,112420,831,652,rgb,,402,0.557,False,0.696
bg_positive_free_nwpu_positive_390_000,nwpu_positive_390,val,positive_free,0,background,119,463,208,571,9612,864,704,rgb,,119,1.882,False,0.679
bg_positive_free_nwpu_positive_391_000,nwpu_positive_391,train,positive_free,0,background,812,285,893,371,6966,970,637,rgb,,95,2.358,False,0.772
bg_positive_free_nwpu_positive_392_000,nwpu_positive_392,train,positive_free,0,background,291,97,402,179,9102,975,700,rgb,,122,1.836,False,0.612
bg_positive_free_nwpu_positive_394_000,nwpu_positive_394,train,positive_free,0,background,206,600,231,625,625,855,681,rgb,,28,8.0,True,0.797
bg_positive_free_nwpu_positive_395_000,nwpu_positive_395,train,positive_free,0,background,659,643,701,693,2100,868,713,rgb,,55,4.073,False,0.694
bg_positive_free_nwpu_positive_396_000,nwpu_positive_396,train,positive_free,0,background,532,141,588,200,3304,954,608,rgb,,65,3.446,False,0.782
bg_positive_free_nwpu_positive_397_000,nwpu_positive_397,train,positive_free,0,background,479,176,571,250,6808,975,623,rgb,,101,2.218,False,0.667
bg_positive_free_nwpu_positive_398_000,nwpu_positive_398,train,positive_free,0,background,322,102,356,170,2312,595,623,rgb,,75,2.987,False,0.411
bg_positive_free_nwpu_positive_399_000,nwpu_positive_399,train,positive_free,0,background,405,357,444,419,2418,902,611,rgb,,68,3.294,False,0.523
bg_positive_free_nwpu_positive_400_000,nwpu_positive_400,val,positive_free,0,background,623,272,809,455,34038,856,721,rgb,,205,1.093,False,0.81
bg_positive_free_nwpu_positive_401_000,nwpu_positive_401,val,positive_free,0,background,664,404,742,468,4992,888,682,rgb,,86,2.605,False,0.675
bg_positive_free_nwpu_positive_402_000,nwpu_positive_402,train,positive_free,0,background,568,162,616,210,2304,973,629,rgb,,53,4.226,False,0.82
bg_positive_free_nwpu_positive_403_000,nwpu_positive_403,train,positive_free,0,background,75,369,119,423,2376,794,663,rgb,,59,3.797,False,0.683
bg_positive_free_nwpu_positive_404_000,nwpu_positive_404,train,positive_free,0,background,385,82,488,164,8446,804,596,rgb,,113,1.982,False,0.661
bg_positive_free_nwpu_positive_405_000,nwpu_positive_405,train,positive_free,0,background,496,446,555,504,3422,872,622,rgb,,65,3.446,False,0.81
bg_positive_free_nwpu_positive_406_000,nwpu_positive_406,train,positive_free,0,background,210,251,418,493,50336,888,699,rgb,,266,0.842,False,0.711
bg_positive_free_nwpu_positive_408_000,nwpu_positive_408,val,positive_free,0,background,525,293,566,331,1558,974,657,rgb,,45,4.978,False,0.769
bg_positive_free_nwpu_positive_409_000,nwpu_positive_409,train,positive_free,0,background,114,684,182,717,2244,612,732,rgb,,75,2.987,False,0.399
bg_positive_free_nwpu_positive_410_000,nwpu_positive_410,train,positive_free,0,background,89,459,126,522,2331,949,617,rgb,,69,3.246,False,0.49
bg_positive_free_nwpu_positive_411_000,nwpu_positive_411,train,positive_free,0,background,204,447,246,507,2520,877,660,rgb,,66,3.394,False,0.579
bg_positive_free_nwpu_positive_412_000,nwpu_positive_412,train,positive_free,0,background,79,462,117,532,2660,976,666,rgb,,77,2.909,False,0.449
bg_positive_free_nwpu_positive_414_000,nwpu_positive_414,val,positive_free,0,background,506,351,555,419,3332,618,529,rgb,,75,2.987,False,0.592
bg_positive_free_nwpu_positive_415_000,nwpu_positive_415,train,positive_free,0,background,619,170,681,237,4154,949,676,rgb,,74,3.027,False,0.759
bg_positive_free_nwpu_positive_422_000,nwpu_positive_422,train,positive_free,0,background,926,49,1006,187,11040,1057,670,cir,,152,1.474,False,0.478
bg_positive_free_nwpu_positive_423_000,nwpu_positive_423,train,positive_free,0,background,338,154,374,195,1476,1072,696,cir,,45,4.978,False,0.729
bg_positive_free_nwpu_positive_424_000,nwpu_positive_424,train,positive_free,0,background,750,286,795,329,1935,1055,647,cir,,50,4.48,False,0.774
bg_positive_free_nwpu_positive_425_000,nwpu_positive_425,train,positive_free,0,background,537,189,565,262,2044,969,676,cir,,80,2.8,False,0.319
bg_positive_free_nwpu_positive_426_000,nwpu_positive_426,train,positive_free,0,background,254,540,316,600,3720,1014,688,cir,,68,3.294,False,0.804
bg_positive_free_nwpu_positive_427_000,nwpu_positive_427,train,positive_free,0,background,570,235,649,302,5293,1026,690,cir,,87,2.575,False,0.699
bg_positive_free_nwpu_positive_428_000,nwpu_positive_428,train,positive_free,0,background,221,608,323,695,8874,1061,704,cir,,112,2.0,False,0.707
bg_positive_free_nwpu_positive_429_000,nwpu_positive_429,train,positive_free,0,background,721,392,776,464,3960,1076,706,cir,,79,2.835,False,0.635
bg_positive_free_nwpu_positive_430_000,nwpu_positive_430,val,positive_free,0,background,189,411,245,470,3304,1079,706,cir,,65,3.446,False,0.782
bg_positive_free_nwpu_positive_431_000,nwpu_positive_431,val,positive_free,0,background,374,568,448,652,6216,1059,699,cir,,92,2.435,False,0.734
bg_positive_free_nwpu_positive_432_000,nwpu_positive_432,train,positive_free,0,background,458,510,507,540,1470,1072,710,cir,,54,4.148,False,0.504
bg_positive_free_nwpu_positive_433_000,nwpu_positive_433,train,positive_free,0,background,997,313,1054,341,1596,1079,707,cir,,63,3.556,False,0.402
bg_positive_free_nwpu_positive_434_000,nwpu_positive_434,train,positive_free,0,background,910,63,962,111,2496,1079,698,cir,,57,3.93,False,0.768
bg_positive_free_nwpu_positive_435_000,nwpu_positive_435,train,positive_free,0,background,663,522,731,566,2992,1090,711,cir,,75,2.987,False,0.532
bg_positive_free_nwpu_positive_437_000,nwpu_positive_437,train,positive_free,0,background,515,385,561,468,3818,1085,707,cir,,91,2.462,False,0.461
bg_positive_free_nwpu_positive_438_000,nwpu_positive_438,train,positive_free,0,background,152,140,203,179,1989,1052,687,cir,,56,4.0,False,0.634
bg_positive_free_nwpu_positive_439_000,nwpu_positive_439,train,positive_free,0,background,620,299,650,327,840,1068,704,cir,,33,6.788,True,0.771
bg_positive_free_nwpu_positive_440_000,nwpu_positive_440,train,positive_free,0,background,238,562,311,621,4307,1045,696,cir,,80,2.8,False,0.673
bg_positive_free_nwpu_positive_441_000,nwpu_positive_441,train,positive_free,0,background,433,11,507,56,3330,1039,698,cir,,81,2.765,False,0.508
bg_positive_free_nwpu_positive_442_000,nwpu_positive_442,train,positive_free,0,background,1001,491,1032,567,2356,1069,678,cir,,84,2.667,False,0.334
bg_positive_free_nwpu_positive_443_000,nwpu_positive_443,train,positive_free,0,background,891,588,949,640,3016,1083,700,cir,,64,3.5,False,0.736
bg_positive_free_nwpu_positive_444_000,nwpu_positive_444,train,positive_free,0,background,347,392,397,417,1250,1077,667,cir,,55,4.073,False,0.413
bg_positive_free_nwpu_positive_445_000,nwpu_positive_445,train,positive_free,0,background,262,129,344,214,6970,1061,665,cir,,94,2.383,False,0.789
bg_positive_free_nwpu_positive_446_000,nwpu_positive_446,train,positive_free,0,background,114,427,196,482,4510,1082,702,cir,,90,2.489,False,0.557
bg_positive_free_nwpu_positive_447_000,nwpu_positive_447,train,positive_free,0,background,205,277,243,351,2812,1039,684,cir,,81,2.765,False,0.429
bg_positive_free_nwpu_positive_448_000,nwpu_positive_448,train,positive_free,0,background,555,572,614,642,4130,1074,692,cir,,77,2.909,False,0.697
bg_positive_free_nwpu_positive_449_000,nwpu_positive_449,train,positive_free,0,background,951,563,989,601,1444,1076,700,cir,,42,5.333,False,0.819
bg_positive_free_nwpu_positive_450_000,nwpu_positive_450,train,positive_free,0,background,957,259,1030,343,6132,1065,641,cir,,92,2.435,False,0.724
bg_positive_free_nwpu_positive_451_000,nwpu_positive_451,train,positive_free,0,background,70,212,248,367,27590,1015,698,cir,,196,1.143,False,0.718
bg_positive_free_nwpu_positive_452_000,nwpu_positive_452,train,positive_free,0,background,250,105,295,157,2340,1016,667,cir,,57,3.93,False,0.72
bg_positive_free_nwpu_positive_453_000,nwpu_positive_453,val,positive_free,0,background,194,621,254,671,3000,1055,697,cir,,66,3.394,False,0.689
bg_positive_free_nwpu_positive_454_000,nwpu_positive_454,train,positive_free,0,background,753,328,802,414,4214,1039,598,rgb,,95,2.358,False,0.467
bg_positive_free_nwpu_positive_455_000,nwpu_positive_455,train,positive_free,0,background,128,420,196,485,4420,753,513,rgb,,75,2.987,False,0.786
bg_positive_free_nwpu_positive_456_000,nwpu_positive_456,val,positive_free,0,background,201,129,249,168,1872,715,546,rgb,,53,4.226,False,0.666
bg_positive_free_nwpu_positive_457_000,nwpu_positive_457,train,positive_free,0,background,523,209,582,292,4897,855,545,rgb,,91,2.462,False,0.591
bg_positive_free_nwpu_positive_458_000,nwpu_positive_458,train,positive_free,0,background,459,73,496,125,1924,762,511,rgb,,57,3.93,False,0.592
bg_positive_free_nwpu_positive_460_000,nwpu_positive_460,train,positive_free,0,background,403,65,459,100,1960,799,537,rgb,,62,3.613,False,0.51
bg_positive_free_nwpu_positive_461_000,nwpu_positive_461,train,positive_free,0,background,576,478,624,506,1344,884,534,rgb,,53,4.226,False,0.478
bg_positive_free_nwpu_positive_463_000,nwpu_positive_463,train,positive_free,0,background,34,325,133,393,6732,879,518,rgb,,109,2.055,False,0.567
bg_positive_free_nwpu_positive_464_000,nwpu_positive_464,train,positive_free,0,background,612,379,693,463,6804,885,533,rgb,,92,2.435,False,0.804
bg_positive_free_nwpu_positive_465_000,nwpu_positive_465,train,positive_free,0,background,248,84,394,150,9636,964,549,rgb,,161,1.391,False,0.372
bg_positive_free_nwpu_positive_468_000,nwpu_positive_468,val,positive_free,0,background,850,30,911,101,4331,914,535,rgb,,78,2.872,False,0.712
bg_positive_free_nwpu_positive_471_000,nwpu_positive_471,val,positive_free,0,background,390,23,733,337,107702,908,556,rgb,,377,0.594,False,0.758
bg_positive_free_nwpu_positive_472_000,nwpu_positive_472,train,positive_free,0,background,116,35,198,120,6970,696,540,rgb,,94,2.383,False,0.789
bg_positive_free_nwpu_positive_473_000,nwpu_positive_473,train,positive_free,0,background,858,350,964,390,4240,976,561,rgb,,117,1.915,False,0.31
bg_positive_free_nwpu_positive_474_000,nwpu_positive_474,train,positive_free,0,background,442,355,596,477,18788,776,483,rgb,,169,1.325,False,0.658
bg_positive_free_nwpu_positive_475_000,nwpu_positive_475,val,positive_free,0,background,30,390,98,459,4692,822,519,rgb,,76,2.947,False,0.812
bg_positive_free_nwpu_positive_478_000,nwpu_positive_478,train,positive_free,0,background,267,2,317,37,1750,783,525,rgb,,55,4.073,False,0.579
bg_positive_free_nwpu_positive_479_000,nwpu_positive_479,train,positive_free,0,background,41,38,153,137,11088,827,576,rgb,,123,1.821,False,0.733
bg_positive_free_nwpu_positive_480_000,nwpu_positive_480,train,positive_free,0,background,613,435,671,496,3538,901,565,rgb,,67,3.343,False,0.788
bg_positive_free_nwpu_positive_482_000,nwpu_positive_482,train,positive_free,0,background,234,90,286,158,3536,863,530,rgb,,75,2.987,False,0.629
bg_positive_free_nwpu_positive_484_000,nwpu_positive_484,train,positive_free,0,background,22,263,76,335,3888,883,547,rgb,,79,2.835,False,0.623
bg_positive_free_nwpu_positive_486_000,nwpu_positive_486,val,positive_free,0,background,491,49,540,101,2548,934,572,rgb,,57,3.93,False,0.784
bg_positive_free_nwpu_positive_487_000,nwpu_positive_487,train,positive_free,0,background,133,486,177,515,1276,908,551,rgb,,48,4.667,False,0.554
bg_positive_free_nwpu_positive_488_000,nwpu_positive_488,train,positive_free,0,background,756,480,796,518,1520,859,562,rgb,,44,5.091,False,0.785
bg_positive_free_nwpu_positive_489_000,nwpu_positive_489,val,positive_free,0,background,526,505,576,532,1350,860,571,rgb,,55,4.073,False,0.446
bg_positive_free_nwpu_positive_490_000,nwpu_positive_490,train,positive_free,0,background,3,31,96,105,6882,988,567,rgb,,102,2.196,False,0.661
bg_positive_free_nwpu_positive_491_000,nwpu_positive_491,train,positive_free,0,background,91,49,159,109,4080,901,570,rgb,,75,2.987,False,0.725
bg_positive_free_nwpu_positive_492_000,nwpu_positive_492,train,positive_free,0,background,487,77,541,121,2376,879,571,rgb,,59,3.797,False,0.683
bg_positive_free_nwpu_positive_493_000,nwpu_positive_493,val,positive_free,0,background,10,115,45,240,4375,791,536,rgb,,138,1.623,False,0.23
bg_positive_free_nwpu_positive_494_000,nwpu_positive_494,train,positive_free,0,background,243,396,316,473,5621,959,565,rgb,,85,2.635,False,0.778
bg_positive_free_nwpu_positive_495_000,nwpu_positive_495,train,positive_free,0,background,368,46,488,193,17640,958,561,rgb,,162,1.383,False,0.672
bg_positive_free_nwpu_positive_496_000,nwpu_positive_496,train,positive_free,0,background,109,480,194,545,5525,907,568,rgb,,94,2.383,False,0.625
bg_positive_free_nwpu_positive_497_000,nwpu_positive_497,train,positive_free,0,background,222,178,257,211,1155,816,533,rgb,,39,5.744,False,0.759
bg_positive_free_nwpu_positive_498_000,nwpu_positive_498,train,positive_free,0,background,804,324,853,360,1764,944,611,rgb,,54,4.148,False,0.605
bg_positive_free_nwpu_positive_499_000,nwpu_positive_499,train,positive_free,0,background,69,222,192,338,14268,720,516,rgb,,135,1.659,False,0.783
bg_positive_free_nwpu_positive_500_000,nwpu_positive_500,val,positive_free,0,background,856,438,925,487,3381,1137,547,rgb,,76,2.947,False,0.585
bg_positive_free_nwpu_positive_501_000,nwpu_positive_501,train,positive_free,0,background,488,467,663,545,13650,1207,559,rgb,,193,1.161,False,0.366
bg_positive_free_nwpu_positive_502_000,nwpu_positive_502,train,positive_free,0,background,282,249,315,280,1023,1073,540,rgb,,36,6.222,True,0.789
bg_positive_free_nwpu_positive_503_000,nwpu_positive_503,val,positive_free,0,background,119,155,174,210,3025,1233,558,rgb,,61,3.672,False,0.813
bg_positive_free_nwpu_positive_504_000,nwpu_positive_504,val,positive_free,0,background,427,144,799,269,46500,1267,549,rgb,,409,0.548,False,0.278
bg_positive_free_nwpu_positive_506_000,nwpu_positive_506,train,positive_free,0,background,205,95,266,149,3294,960,559,rgb,,67,3.343,False,0.734
bg_positive_free_nwpu_positive_507_000,nwpu_positive_507,train,positive_free,0,background,849,64,979,171,13910,1022,565,rgb,,143,1.566,False,0.68
bg_positive_free_nwpu_positive_509_000,nwpu_positive_509,train,positive_free,0,background,668,365,712,416,2244,1085,565,rgb,,56,4.0,False,0.716
bg_positive_free_nwpu_positive_511_000,nwpu_positive_511,train,positive_free,0,background,944,244,981,299,2035,1189,559,rgb,,60,3.733,False,0.565
bg_positive_free_nwpu_positive_512_000,nwpu_positive_512,train,positive_free,0,background,493,169,529,213,1584,961,565,rgb,,48,4.667,False,0.688
bg_positive_free_nwpu_positive_513_000,nwpu_positive_513,train,positive_free,0,background,318,45,377,131,5074,1213,559,rgb,,95,2.358,False,0.562
bg_positive_free_nwpu_positive_514_000,nwpu_positive_514,train,positive_free,0,background,547,196,632,285,7565,956,554,rgb,,98,2.286,False,0.788
bg_positive_free_nwpu_positive_515_000,nwpu_positive_515,train,positive_free,0,background,615,270,714,357,8613,953,553,rgb,,109,2.055,False,0.725
bg_positive_free_nwpu_positive_516_000,nwpu_positive_516,train,positive_free,0,background,538,241,627,314,6497,1183,568,rgb,,98,2.286,False,0.676
bg_positive_free_nwpu_positive_517_000,nwpu_positive_517,train,positive_free,0,background,760,254,815,306,2860,1060,563,rgb,,61,3.672,False,0.769
bg_positive_free_nwpu_positive_518_000,nwpu_positive_518,train,positive_free,0,background,502,12,592,91,7110,1137,548,rgb,,99,2.263,False,0.725
bg_positive_free_nwpu_positive_519_000,nwpu_positive_519,val,positive_free,0,background,307,123,389,184,5002,1045,541,rgb,,90,2.489,False,0.618
bg_positive_free_nwpu_positive_520_000,nwpu_positive_520,train,positive_free,0,background,949,340,1042,419,7347,1043,552,rgb,,102,2.196,False,0.706
bg_positive_free_nwpu_positive_522_000,nwpu_positive_522,train,positive_free,0,background,59,11,227,127,19488,1126,564,rgb,,185,1.211,False,0.569
bg_positive_free_nwpu_positive_523_000,nwpu_positive_523,train,positive_free,0,background,831,466,881,524,2900,940,555,rgb,,64,3.5,False,0.708
bg_positive_free_nwpu_positive_524_000,nwpu_positive_524,val,positive_free,0,background,49,347,119,414,4690,839,538,rgb,,77,2.909,False,0.791
bg_positive_free_nwpu_positive_525_000,nwpu_positive_525,train,positive_free,0,background,64,43,175,83,4440,743,546,rgb,,122,1.836,False,0.298
bg_positive_free_nwpu_positive_526_000,nwpu_positive_526,train,positive_free,0,background,11,234,65,285,2754,949,589,rgb,,59,3.797,False,0.791
bg_positive_free_nwpu_positive_527_000,nwpu_positive_527,train,positive_free,0,background,589,489,645,537,2688,1031,626,rgb,,62,3.613,False,0.699
bg_positive_free_nwpu_positive_528_000,nwpu_positive_528,train,positive_free,0,background,170,431,278,523,9936,872,549,rgb,,119,1.882,False,0.702
bg_positive_free_nwpu_positive_529_000,nwpu_positive_529,train,positive_free,0,background,288,12,371,92,6640,1131,548,rgb,,91,2.462,False,0.802
bg_positive_free_nwpu_positive_530_000,nwpu_positive_530,train,positive_free,0,background,556,417,654,503,8428,1158,558,rgb,,108,2.074,False,0.723
bg_positive_free_nwpu_positive_531_000,nwpu_positive_531,train,positive_free,0,background,344,222,432,343,10648,1266,547,rgb,,133,1.684,False,0.602
bg_positive_free_nwpu_positive_533_000,nwpu_positive_533,train,positive_free,0,background,551,416,632,502,6966,1016,623,rgb,,95,2.358,False,0.772
bg_positive_free_nwpu_positive_534_000,nwpu_positive_534,train,positive_free,0,background,315,212,411,343,12576,1053,558,rgb,,144,1.556,False,0.606
bg_positive_free_nwpu_positive_535_000,nwpu_positive_535,train,positive_free,0,background,1003,19,1051,71,2496,1172,567,rgb,,57,3.93,False,0.768
bg_positive_free_nwpu_positive_536_000,nwpu_positive_536,train,positive_free,0,background,806,95,853,143,2256,989,630,rgb,,53,4.226,False,0.803
bg_positive_free_nwpu_positive_537_000,nwpu_positive_537,train,positive_free,0,background,454,5,501,81,3572,1118,557,rgb,,84,2.667,False,0.506
bg_positive_free_nwpu_positive_538_000,nwpu_positive_538,train,positive_free,0,background,615,245,673,306,3538,730,599,rgb,,67,3.343,False,0.788
bg_positive_free_nwpu_positive_541_000,nwpu_positive_541,train,positive_free,0,background,318,439,371,502,3339,1162,570,rgb,,69,3.246,False,0.701
bg_positive_free_nwpu_positive_543_000,nwpu_positive_543,train,positive_free,0,background,754,280,813,366,5074,876,589,rgb,,95,2.358,False,0.562
bg_positive_free_nwpu_positive_544_000,nwpu_positive_544,val,positive_free,0,background,626,296,660,325,986,947,568,rgb,,37,6.054,True,0.72
bg_positive_free_nwpu_positive_545_000,nwpu_positive_545,train,positive_free,0,background,664,175,753,270,8455,792,493,rgb,,105,2.133,False,0.767
bg_positive_free_nwpu_positive_546_000,nwpu_positive_546,train,positive_free,0,background,111,318,199,397,6952,891,534,rgb,,97,2.309,False,0.739
bg_positive_free_nwpu_positive_547_000,nwpu_positive_547,train,positive_free,0,background,744,508,811,568,4020,1072,608,rgb,,74,3.027,False,0.734
bg_positive_free_nwpu_positive_548_000,nwpu_positive_548,train,positive_free,0,background,129,379,187,403,1392,1225,571,rgb,,64,3.5,False,0.34
bg_positive_free_nwpu_positive_549_000,nwpu_positive_549,val,positive_free,0,background,483,35,556,112,5621,818,583,rgb,,85,2.635,False,0.778
bg_positive_free_nwpu_positive_550_000,nwpu_positive_550,train,positive_free,0,background,522,492,562,530,1520,1038,580,rgb,,44,5.091,False,0.785
bg_positive_free_nwpu_positive_553_000,nwpu_positive_553,train,positive_free,0,background,759,466,796,504,1406,902,611,rgb,,42,5.333,False,0.797
bg_positive_free_nwpu_positive_555_000,nwpu_positive_555,train,positive_free,0,background,233,236,304,297,4331,995,527,rgb,,78,2.872,False,0.712
bg_positive_free_nwpu_positive_556_000,nwpu_positive_556,train,positive_free,0,background,85,347,118,379,1056,874,558,rgb,,36,6.222,True,0.815
bg_positive_free_nwpu_positive_557_000,nwpu_positive_557,val,positive_free,0,background,478,28,551,99,5183,1008,587,rgb,,80,2.8,False,0.81
bg_positive_free_nwpu_positive_558_000,nwpu_positive_558,train,positive_free,0,background,244,130,315,189,4189,887,619,rgb,,78,2.872,False,0.689
bg_positive_free_nwpu_positive_559_000,nwpu_positive_559,val,positive_free,0,background,983,403,1047,468,4160,1220,533,rgb,,72,3.111,False,0.802
bg_positive_free_nwpu_positive_560_000,nwpu_positive_560,train,positive_free,0,background,310,318,380,419,7070,975,583,rgb,,111,2.018,False,0.574
bg_positive_free_nwpu_positive_561_000,nwpu_positive_561,val,positive_free,0,background,100,274,193,352,7254,741,596,rgb,,102,2.196,False,0.697
bg_positive_free_nwpu_positive_562_000,nwpu_positive_562,train,positive_free,0,background,100,441,168,501,4080,1230,562,rgb,,75,2.987,False,0.725
bg_positive_free_nwpu_positive_563_000,nwpu_positive_563,val,positive_free,0,background,832,300,859,358,1566,1040,591,rgb,,64,3.5,False,0.382
bg_positive_free_nwpu_positive_564_000,nwpu_positive_564,train,positive_free,0,background,192,38,240,89,2448,821,545,rgb,,56,4.0,False,0.781
bg_positive_free_nwpu_positive_565_000,nwpu_positive_565,train,positive_free,0,background,281,158,343,209,3162,918,541,rgb,,68,3.294,False,0.684
bg_positive_free_nwpu_positive_566_000,nwpu_positive_566,val,positive_free,0,background,5,265,152,329,9408,845,508,rgb,,162,1.383,False,0.358
bg_positive_free_nwpu_positive_567_000,nwpu_positive_567,train,positive_free,0,background,389,374,679,523,43210,787,548,rgb,,319,0.702,False,0.425
bg_positive_free_nwpu_positive_569_000,nwpu_positive_569,train,positive_free,0,background,617,9,756,82,10147,823,524,rgb,,153,1.464,False,0.433
bg_positive_free_nwpu_positive_570_000,nwpu_positive_570,train,positive_free,0,background,5,115,97,205,8280,892,489,rgb,,101,2.218,False,0.812
bg_positive_free_nwpu_positive_571_000,nwpu_positive_571,train,positive_free,0,background,571,415,665,489,6956,854,597,rgb,,103,2.175,False,0.656
bg_positive_free_nwpu_positive_572_000,nwpu_positive_572,train,positive_free,0,background,250,153,307,202,2793,886,542,rgb,,63,3.556,False,0.704
bg_positive_free_nwpu_positive_573_000,nwpu_positive_573,train,positive_free,0,background,754,188,818,289,6464,844,528,rgb,,111,2.018,False,0.525
bg_positive_free_nwpu_positive_574_000,nwpu_positive_574,train,positive_free,0,background,552,227,584,258,992,1032,586,rgb,,35,6.4,True,0.81
bg_positive_free_nwpu_positive_575_000,nwpu_positive_575,val,positive_free,0,background,615,442,679,507,4160,808,551,rgb,,72,3.111,False,0.802
bg_positive_free_nwpu_positive_576_000,nwpu_positive_576,train,positive_free,0,background,492,203,553,264,3721,933,520,rgb,,67,3.343,False,0.829
bg_positive_free_nwpu_positive_577_000,nwpu_positive_577,train,positive_free,0,background,623,386,695,451,4680,955,526,rgb,,79,2.835,False,0.75
bg_positive_free_nwpu_positive_578_000,nwpu_positive_578,train,positive_free,0,background,500,302,757,456,39578,972,557,rgb,,283,0.792,False,0.494
bg_positive_free_nwpu_positive_579_000,nwpu_positive_579,train,positive_free,0,background,164,254,276,297,4816,896,552,rgb,,123,1.821,False,0.318
bg_positive_free_nwpu_positive_580_000,nwpu_positive_580,val,positive_free,0,background,544,219,820,457,65688,942,543,rgb,,304,0.737,False,0.711
bg_positive_free_nwpu_positive_581_000,nwpu_positive_581,train,positive_free,0,background,576,159,635,213,3186,819,460,rgb,,65,3.446,False,0.754
bg_positive_free_nwpu_positive_582_000,nwpu_positive_582,train,positive_free,0,background,414,281,491,347,5082,1078,558,rgb,,85,2.635,False,0.703
bg_positive_free_nwpu_positive_583_000,nwpu_positive_583,train,positive_free,0,background,1,308,26,378,1750,857,547,rgb,,77,2.909,False,0.295
bg_positive_free_nwpu_positive_584_000,nwpu_positive_584,val,positive_free,0,background,450,231,539,302,6319,882,537,rgb,,98,2.286,False,0.658
bg_positive_free_nwpu_positive_585_000,nwpu_positive_585,train,positive_free,0,background,612,347,652,380,1320,796,542,rgb,,44,5.091,False,0.682
bg_positive_free_nwpu_positive_586_000,nwpu_positive_586,train,positive_free,0,background,711,318,783,386,4896,813,517,rgb,,79,2.835,False,0.784
bg_positive_free_nwpu_positive_587_000,nwpu_positive_587,train,positive_free,0,background,820,482,876,539,3192,886,553,rgb,,63,3.556,False,0.804
