crop_id,image_uid,split,class_id,class_name,xmin,ymin,xmax,ymax,area_px,image_width,image_height,sensor,skipped_reason,object_window_px,upsample_factor,high_upsample,box_fill
nwpu_positive_002_000,nwpu_positive_002,train,1,airplane,575,114,635,162,2880,950,806,rgb,,66,3.394,False,0.661
nwpu_positive_002_001,nwpu_positive_002,train,1,airplane,72,305,133,369,3904,950,806,rgb,,70,3.2,False,0.797
nwpu_positive_002_002,nwpu_positive_002,train,1,airplane,210,317,273,384,4221,950,806,rgb,,74,3.027,False,0.771
nwpu_positive_002_003,nwpu_positive_002,train,1,airplane,306,374,344,420,1748,950,806,rgb,,51,4.392,False,0.672
nwpu_positive_002_004,nwpu_positive_002,train,1,airplane,447,531,535,632,8888,950,806,rgb,,111,2.018,False,0.721
nwpu_positive_002_005,nwpu_positive_002,train,1,airplane,546,605,625,707,8058,950,806,rgb,,112,2.0,False,0.642
nwpu_positive_002_006,nwpu_positive_002,train,1,airplane,632,680,720,790,9680,950,806,rgb,,121,1.851,False,0.661
nwpu_positive_003_000,nwpu_positive_003,train,1,airplane,100,256,170,319,4410,889,803,rgb,,77,2.909,False,0.744
nwpu_positive_003_001,nwpu_positive_003,train,1,airplane,575,139,668,240,9393,889,803,rgb,,111,2.018,False,0.762
nwpu_positive_003_002,nwpu_positive_003,train,1,airplane,753,382,843,484,9180,889,803,rgb,,112,2.0,False,0.732
nwpu_positive_003_003,nwpu_positive_003,train,1,airplane,313,648,415,764,11832,889,803,rgb,,128,1.75,False,0.722
nwpu_positive_003_004,nwpu_positive_003,train,1,airplane,434,674,527,787,10509,889,803,rgb,,124,1.806,False,0.683
nwpu_positive_004_000,nwpu_positive_004,train,1,airplane,227,106,268,155,2009,946,732,rgb,,54,4.148,False,0.689
nwpu_positive_004_001,nwpu_positive_004,train,1,airplane,318,126,370,185,3068,946,732,rgb,,65,3.446,False,0.726
nwpu_positive_004_002,nwpu_positive_004,train,1,airplane,445,88,516,168,5680,946,732,rgb,,88,2.545,False,0.733
nwpu_positive_004_003,nwpu_positive_004,train,1,airplane,363,336,438,420,6300,946,732,rgb,,92,2.435,False,0.744
nwpu_positive_004_004,nwpu_positive_004,train,1,airplane,455,331,529,415,6216,946,732,rgb,,92,2.435,False,0.734
nwpu_positive_004_005,nwpu_positive_004,train,1,airplane,68,316,170,411,9690,946,732,rgb,,112,2.0,False,0.772
nwpu_positive_004_006,nwpu_positive_004,train,1,airplane,69,423,180,525,11322,946,732,rgb,,122,1.836,False,0.761
nwpu_positive_005_000,nwpu_positive_005,val,1,airplane,401,596,443,636,1680,966,753,rgb,,46,4.87,False,0.794
nwpu_positive_005_001,nwpu_positive_005,val,1,airplane,606,138,668,199,3782,966,753,rgb,,68,3.294,False,0.818
nwpu_positive_006_000,nwpu_positive_006,val,1,airplane,135,412,182,472,2820,982,784,rgb,,66,3.394,False,0.647
nwpu_positive_006_001,nwpu_positive_006,val,1,airplane,295,420,347,470,2600,982,784,rgb,,57,3.93,False,0.8
nwpu_positive_006_002,nwpu_positive_006,val,1,airplane,369,363,415,419,2576,982,784,rgb,,62,3.613,False,0.67
nwpu_positive_006_003,nwpu_positive_006,val,1,airplane,444,320,534,432,10080,982,784,rgb,,123,1.821,False,0.666
nwpu_positive_006_004,nwpu_positive_006,val,1,airplane,608,171,704,255,8064,982,784,rgb,,106,2.113,False,0.718
nwpu_positive_006_005,nwpu_positive_006,val,1,airplane,656,62,754,157,9310,982,784,rgb,,108,2.074,False,0.798
nwpu_positive_006_006,nwpu_positive_006,val,1,airplane,317,555,386,627,4968,982,784,rgb,,79,2.835,False,0.796
nwpu_positive_006_007,nwpu_positive_006,val,1,airplane,479,695,542,769,4662,982,784,rgb,,81,2.765,False,0.711
nwpu_positive_007_000,nwpu_positive_007,train,1,airplane,278,546,361,630,6972,985,769,rgb,,92,2.435,False,0.824
nwpu_positive_007_001,nwpu_positive_007,train,1,airplane,362,476,434,545,4968,985,769,rgb,,79,2.835,False,0.796
nwpu_positive_007_002,nwpu_positive_007,train,1,airplane,361,315,457,411,9216,985,769,rgb,,106,2.113,False,0.82
nwpu_positive_007_003,nwpu_positive_007,train,1,airplane,574,199,666,293,8648,985,769,rgb,,103,2.175,False,0.815
nwpu_positive_008_000,nwpu_positive_008,train,1,airplane,208,361,272,418,3648,980,765,rgb,,70,3.2,False,0.744
nwpu_positive_008_001,nwpu_positive_008,train,1,airplane,234,429,289,481,2860,980,765,rgb,,61,3.672,False,0.769
nwpu_positive_008_002,nwpu_positive_008,train,1,airplane,322,473,376,540,3618,980,765,rgb,,74,3.027,False,0.661
nwpu_positive_008_003,nwpu_positive_008,train,1,airplane,313,631,384,697,4686,980,765,rgb,,78,2.872,False,0.77
nwpu_positive_009_000,nwpu_positive_009,val,1,airplane,167,184,232,241,3705,980,767,rgb,,72,3.111,False,0.715
nwpu_positive_009_001,nwpu_positive_009,val,1,airplane,423,146,456,174,924,980,767,rgb,,36,6.222,True,0.713
nwpu_positive_009_002,nwpu_positive_009,val,1,airplane,652,73,694,123,2100,980,767,rgb,,55,4.073,False,0.694
nwpu_positive_009_003,nwpu_positive_009,val,1,airplane,726,223,786,289,3960,980,767,rgb,,73,3.068,False,0.743
nwpu_positive_009_004,nwpu_positive_009,val,1,airplane,627,508,680,560,2756,980,767,rgb,,58,3.862,False,0.819
nwpu_positive_009_005,nwpu_positive_009,val,1,airplane,556,519,606,579,3000,980,767,rgb,,66,3.394,False,0.689
nwpu_positive_010_000,nwpu_positive_010,val,1,airplane,221,53,265,95,1848,979,752,rgb,,48,4.667,False,0.802
nwpu_positive_010_001,nwpu_positive_010,val,1,airplane,147,254,192,297,1935,979,752,rgb,,50,4.48,False,0.774
nwpu_positive_010_002,nwpu_positive_010,val,1,airplane,442,631,493,685,2754,979,752,rgb,,59,3.797,False,0.791
nwpu_positive_010_003,nwpu_positive_010,val,1,airplane,657,485,736,564,6241,979,752,rgb,,87,2.575,False,0.825
nwpu_positive_010_004,nwpu_positive_010,val,1,airplane,846,77,925,149,5688,979,752,rgb,,87,2.575,False,0.751
nwpu_positive_010_005,nwpu_positive_010,val,1,airplane,210,349,261,397,2448,979,752,rgb,,56,4.0,False,0.781
nwpu_positive_011_000,nwpu_positive_011,train,1,airplane,182,251,280,347,9408,969,742,rgb,,108,2.074,False,0.807
nwpu_positive_011_001,nwpu_positive_011,train,1,airplane,286,226,378,322,8832,969,742,rgb,,106,2.113,False,0.786
nwpu_positive_011_002,nwpu_positive_011,train,1,airplane,403,178,453,222,2200,969,742,rgb,,55,4.073,False,0.727
nwpu_positive_011_003,nwpu_positive_011,train,1,airplane,635,149,731,241,8832,969,742,rgb,,106,2.113,False,0.786
nwpu_positive_011_004,nwpu_positive_011,train,1,airplane,664,245,775,344,10989,969,742,rgb,,122,1.836,False,0.738
nwpu_positive_011_005,nwpu_positive_011,train,1,airplane,696,346,807,439,10323,969,742,rgb,,122,1.836,False,0.694
nwpu_positive_011_006,nwpu_positive_011,train,1,airplane,752,451,820,514,4284,969,742,rgb,,75,2.987,False,0.762
nwpu_positive_011_007,nwpu_positive_011,train,1,airplane,736,531,817,608,6237,969,742,rgb,,89,2.517,False,0.787
nwpu_positive_011_008,nwpu_positive_011,train,1,airplane,683,590,739,644,3024,969,742,rgb,,62,3.613,False,0.787
nwpu_positive_012_000,nwpu_positive_012,train,1,airplane,537,163,587,209,2300,940,806,rgb,,55,4.073,False,0.76
nwpu_positive_012_001,nwpu_positive_012,train,1,airplane,332,686,376,735,2156,940,806,rgb,,54,4.148,False,0.739
nwpu_positive_013_000,nwpu_positive_013,train,1,airplane,55,9,168,114,11865,888,552,rgb,,124,1.806,False,0.772
nwpu_positive_013_001,nwpu_positive_013,train,1,airplane,79,133,160,203,5670,888,552,rgb,,89,2.517,False,0.716
nwpu_positive_013_002,nwpu_positive_013,train,1,airplane,72,230,163,320,8190,888,552,rgb,,100,2.24,False,0.819
nwpu_positive_013_003,nwpu_positive_013,train,1,airplane,61,325,166,427,10710,888,552,rgb,,116,1.931,False,0.796
nwpu_positive_013_004,nwpu_positive_013,train,1,airplane,65,437,169,536,10296,888,552,rgb,,114,1.965,False,0.792
nwpu_positive_013_005,nwpu_positive_013,train,1,airplane,287,74,380,168,8742,888,552,rgb,,103,2.175,False,0.824
nwpu_positive_013_006,nwpu_positive_013,train,1,airplane,280,191,386,296,11130,888,552,rgb,,117,1.915,False,0.813
nwpu_positive_013_007,nwpu_positive_013,train,1,airplane,283,321,390,423,10914,888,552,rgb,,118,1.898,False,0.784
nwpu_positive_013_008,nwpu_positive_013,train,1,airplane,285,435,390,540,11025,888,552,rgb,,116,1.931,False,0.819
nwpu_positive_013_009,nwpu_positive_013,train,1,airplane,474,211,578,312,10504,888,552,rgb,,114,1.965,False,0.808
nwpu_positive_013_010,nwpu_positive_013,train,1,airplane,562,60,668,158,10388,888,552,rgb,,117,1.915,False,0.759
nwpu_positive_013_011,nwpu_positive_013,train,1,airplane,564,332,668,424,9568,888,552,rgb,,114,1.965,False,0.736
nwpu_positive_013_012,nwpu_positive_013,train,1,airplane,567,437,665,531,9212,888,552,rgb,,108,2.074,False,0.79
nwpu_positive_014_000,nwpu_positive_014,train,1,airplane,44,259,123,334,5925,1063,590,rgb,,87,2.575,False,0.783
nwpu_positive_014_001,nwpu_positive_014,train,1,airplane,292,313,371,400,6873,1063,590,rgb,,96,2.333,False,0.746
nwpu_positive_014_002,nwpu_positive_014,train,1,airplane,360,245,443,323,6474,1063,590,rgb,,91,2.462,False,0.782
nwpu_positive_014_003,nwpu_positive_014,train,1,airplane,437,171,513,245,5624,1063,590,rgb,,84,2.667,False,0.797
nwpu_positive_014_004,nwpu_positive_014,train,1,airplane,507,96,585,172,5928,1063,590,rgb,,86,2.605,False,0.802
nwpu_positive_014_005,nwpu_positive_014,train,1,airplane,579,31,660,109,6318,1063,590,rgb,,89,2.517,False,0.798
nwpu_positive_014_006,nwpu_positive_014,train,1,airplane,740,65,811,140,5325,1063,590,rgb,,82,2.732,False,0.792
nwpu_positive_014_007,nwpu_positive_014,train,1,airplane,660,275,736,356,6156,1063,590,rgb,,89,2.517,False,0.777
nwpu_positive_014_008,nwpu_positive_014,train,1,airplane,921,159,1007,256,8342,1063,590,rgb,,107,2.093,False,0.729
nwpu_positive_014_009,nwpu_positive_014,train,1,airplane,843,332,944,438,10706,1063,590,rgb,,117,1.915,False,0.782
nwpu_positive_015_000,nwpu_positive_015,val,1,airplane,44,294,147,389,9785,927,641,rgb,,113,1.982,False,0.766
nwpu_positive_015_001,nwpu_positive_015,val,1,airplane,148,289,247,389,9900,927,641,rgb,,110,2.036,False,0.818
nwpu_positive_015_002,nwpu_positive_015,val,1,airplane,386,479,505,587,12852,927,641,rgb,,131,1.71,False,0.749
nwpu_positive_015_003,nwpu_positive_015,val,1,airplane,534,30,634,138,10800,927,641,rgb,,119,1.882,False,0.763
nwpu_positive_015_004,nwpu_positive_015,val,1,airplane,631,23,729,124,9898,927,641,rgb,,111,2.018,False,0.803
nwpu_positive_015_005,nwpu_positive_015,val,1,airplane,773,340,873,441,10100,927,641,rgb,,111,2.018,False,0.82
nwpu_positive_015_006,nwpu_positive_015,val,1,airplane,731,29,823,118,8188,927,641,rgb,,101,2.218,False,0.803
nwpu_positive_017_000,nwpu_positive_017,train,1,airplane,52,515,152,594,7900,1020,630,rgb,,110,2.036,False,0.653
nwpu_positive_017_001,nwpu_positive_017,train,1,airplane,233,393,312,452,4661,1020,630,rgb,,87,2.575,False,0.616
nwpu_positive_017_002,nwpu_positive_017,train,1,airplane,258,472,333,529,4275,1020,630,rgb,,82,2.732,False,0.636
nwpu_positive_017_003,nwpu_positive_017,train,1,airplane,272,546,368,622,7296,1020,630,rgb,,106,2.113,False,0.649
nwpu_positive_017_004,nwpu_positive_017,train,1,airplane,175,109,258,187,6474,1020,630,rgb,,91,2.462,False,0.782
nwpu_positive_017_005,nwpu_positive_017,train,1,airplane,463,9,543,93,6720,1020,630,rgb,,92,2.435,False,0.794
nwpu_positive_017_006,nwpu_positive_017,train,1,airplane,521,124,618,197,7081,1020,630,rgb,,107,2.093,False,0.618
nwpu_positive_017_007,nwpu_positive_017,train,1,airplane,451,229,535,311,6888,1020,630,rgb,,92,2.435,False,0.814
nwpu_positive_017_008,nwpu_positive_017,train,1,airplane,773,352,856,425,6059,1020,630,rgb,,91,2.462,False,0.732
nwpu_positive_017_009,nwpu_positive_017,train,1,airplane,891,282,973,370,7216,1020,630,rgb,,97,2.309,False,0.767
nwpu_positive_017_010,nwpu_positive_017,train,3,storage_tank,387,382,443,429,2632,1020,630,rgb,,62,3.613,False,0.685
nwpu_positive_017_011,nwpu_positive_017,train,3,storage_tank,403,437,459,478,2296,1020,630,rgb,,62,3.613,False,0.597
nwpu_positive_017_012,nwpu_positive_017,train,3,storage_tank,423,489,475,527,1976,1020,630,rgb,,57,3.93,False,0.608
nwpu_positive_017_013,nwpu_positive_017,train,3,storage_tank,466,355,530,403,3072,1020,630,rgb,,70,3.2,False,0.627
nwpu_positive_017_014,nwpu_positive_017,train,3,storage_tank,490,417,555,467,3250,1020,630,rgb,,72,3.111,False,0.627
nwpu_positive_017_015,nwpu_positive_017,train,3,storage_tank,523,324,588,374,3250,1020,630,rgb,,72,3.111,False,0.627
nwpu_positive_017_016,nwpu_positive_017,train,3,storage_tank,548,384,614,437,3498,1020,630,rgb,,73,3.068,False,0.656
nwpu_positive_017_017,nwpu_positive_017,train,3,storage_tank,615,291,673,332,2378,1020,630,rgb,,64,3.5,False,0.581
nwpu_positive_017_018,nwpu_positive_017,train,3,storage_tank,634,343,693,383,2360,1020,630,rgb,,65,3.446,False,0.559
nwpu_positive_017_019,nwpu_positive_017,train,3,storage_tank,654,389,711,435,2622,1020,630,rgb,,63,3.556,False,0.661
nwpu_positive_018_000,nwpu_positive_018,train,1,airplane,59,332,152,420,8184,533,637,rgb,,102,2.196,False,0.787
nwpu_positive_018_001,nwpu_positive_018,train,1,airplane,69,427,172,514,8961,533,637,rgb,,113,1.982,False,0.702
nwpu_positive_018_002,nwpu_positive_018,train,1,airplane,88,532,180,614,7544,533,637,rgb,,101,2.218,False,0.74
nwpu_positive_018_003,nwpu_positive_018,train,1,airplane,226,211,338,302,10192,533,637,rgb,,123,1.821,False,0.674
nwpu_positive_018_004,nwpu_positive_018,train,1,airplane,378,23,458,98,6000,533,637,rgb,,88,2.545,False,0.775
nwpu_positive_021_000,nwpu_positive_021,train,1,airplane,108,60,192,154,7896,1356,939,rgb,,103,2.175,False,0.744
nwpu_positive_021_001,nwpu_positive_021,train,1,airplane,204,58,313,160,11118,1356,939,rgb,,120,1.867,False,0.772
nwpu_positive_021_002,nwpu_positive_021,train,1,airplane,327,46,432,151,11025,1356,939,rgb,,116,1.931,False,0.819
nwpu_positive_021_003,nwpu_positive_021,train,1,airplane,444,69,543,169,9900,1356,939,rgb,,110,2.036,False,0.818
nwpu_positive_021_004,nwpu_positive_021,train,1,airplane,556,91,651,181,8550,1356,939,rgb,,105,2.133,False,0.776
nwpu_positive_021_005,nwpu_positive_021,train,1,airplane,658,67,765,172,11235,1356,939,rgb,,118,1.898,False,0.807
nwpu_positive_021_006,nwpu_positive_021,train,1,airplane,792,81,882,172,8190,1356,939,rgb,,100,2.24,False,0.819
nwpu_positive_021_007,nwpu_positive_021,train,1,airplane,903,57,1032,180,15867,1356,939,rgb,,142,1.577,False,0.787
nwpu_positive_021_008,nwpu_positive_021,train,1,airplane,1035,70,1140,184,11970,1356,939,rgb,,125,1.792,False,0.766
nwpu_positive_021_009,nwpu_positive_021,train,1,airplane,1146,78,1251,181,10815,1356,939,rgb,,116,1.931,False,0.804
nwpu_positive_021_010,nwpu_positive_021,train,1,airplane,48,222,160,321,11088,1356,939,rgb,,123,1.821,False,0.733
nwpu_positive_021_011,nwpu_positive_021,train,1,airplane,106,493,207,577,8484,1356,939,rgb,,111,2.018,False,0.689
nwpu_positive_021_012,nwpu_positive_021,train,1,airplane,103,607,220,703,11232,1356,939,rgb,,129,1.736,False,0.675
nwpu_positive_021_013,nwpu_positive_021,train,1,airplane,106,727,205,814,8613,1356,939,rgb,,109,2.055,False,0.725
nwpu_positive_021_014,nwpu_positive_021,train,3,storage_tank,780,470,835,528,3190,1356,939,rgb,,64,3.5,False,0.779
nwpu_positive_021_015,nwpu_positive_021,train,3,storage_tank,815,520,870,570,2750,1356,939,rgb,,61,3.672,False,0.739
nwpu_positive_021_016,nwpu_positive_021,train,3,storage_tank,730,500,790,558,3480,1356,939,rgb,,66,3.394,False,0.799
nwpu_positive_021_017,nwpu_positive_021,train,3,storage_tank,760,550,815,604,2970,1356,939,rgb,,61,3.672,False,0.798
nwpu_positive_021_018,nwpu_positive_021,train,3,storage_tank,660,545,706,590,2070,1356,939,rgb,,51,4.392,False,0.796
nwpu_positive_021_019,nwpu_positive_021,train,3,storage_tank,690,592,736,638,2116,1356,939,rgb,,51,4.392,False,0.814
nwpu_positive_021_020,nwpu_positive_021,train,3,storage_tank,618,572,664,615,1978,1356,939,rgb,,51,4.392,False,0.76
nwpu_positive_021_021,nwpu_positive_021,train,3,storage_tank,650,620,692,665,1890,1356,939,rgb,,50,4.48,False,0.756
nwpu_positive_021_022,nwpu_positive_021,train,3,storage_tank,578,600,620,641,1722,1356,939,rgb,,46,4.87,False,0.814
nwpu_positive_021_023,nwpu_positive_021,train,3,storage_tank,606,646,650,690,1936,1356,939,rgb,,48,4.667,False,0.84
nwpu_positive_021_024,nwpu_positive_021,train,3,storage_tank,488,485,528,520,1400,1356,939,rgb,,44,5.091,False,0.723
nwpu_positive_021_025,nwpu_positive_021,train,3,storage_tank,470,450,500,485,1050,1356,939,rgb,,38,5.895,False,0.727
nwpu_positive_022_000,nwpu_positive_022,val,1,airplane,31,137,88,211,4218,1176,510,rgb,,81,2.765,False,0.643
nwpu_positive_022_001,nwpu_positive_022,val,1,airplane,168,139,222,204,3510,1176,510,rgb,,72,3.111,False,0.677
nwpu_positive_022_002,nwpu_positive_022,val,1,airplane,228,131,309,212,6561,1176,510,rgb,,89,2.517,False,0.828
nwpu_positive_022_003,nwpu_positive_022,val,1,airplane,325,140,385,201,3660,1176,510,rgb,,67,3.343,False,0.815
nwpu_positive_022_004,nwpu_positive_022,val,1,airplane,517,116,585,186,4760,1176,510,rgb,,77,2.909,False,0.803
nwpu_positive_022_005,nwpu_positive_022,val,1,airplane,760,114,830,183,4830,1176,510,rgb,,77,2.909,False,0.815
nwpu_positive_022_006,nwpu_positive_022,val,1,airplane,1023,98,1079,161,3528,1176,510,rgb,,69,3.246,False,0.741
nwpu_positive_022_007,nwpu_positive_022,val,1,airplane,1008,12,1086,64,4056,1176,510,rgb,,86,2.605,False,0.548
nwpu_positive_022_008,nwpu_positive_022,val,1,airplane,36,302,99,378,4788,1176,510,rgb,,84,2.667,False,0.679
nwpu_positive_022_009,nwpu_positive_022,val,1,airplane,254,286,323,360,5106,1176,510,rgb,,81,2.765,False,0.778
nwpu_positive_022_010,nwpu_positive_022,val,1,airplane,345,284,401,355,3976,1176,510,rgb,,78,2.872,False,0.654
nwpu_positive_022_011,nwpu_positive_022,val,1,airplane,542,268,610,344,5168,1176,510,rgb,,84,2.667,False,0.732
nwpu_positive_022_012,nwpu_positive_022,val,1,airplane,633,262,702,337,5175,1176,510,rgb,,82,2.732,False,0.77
nwpu_positive_022_013,nwpu_positive_022,val,1,airplane,732,334,797,400,4290,1176,510,rgb,,73,3.068,False,0.805
nwpu_positive_022_014,nwpu_positive_022,val,1,airplane,882,369,961,426,4503,1176,510,rgb,,87,2.575,False,0.595
nwpu_positive_022_015,nwpu_positive_022,val,1,airplane,988,250,1055,324,4958,1176,510,rgb,,81,2.765,False,0.756
nwpu_positive_022_016,nwpu_positive_022,val,1,airplane,1069,241,1137,322,5508,1176,510,rgb,,89,2.517,False,0.695
nwpu_positive_023_000,nwpu_positive_023,train,1,airplane,50,725,97,771,2162,948,796,rgb,,52,4.308,False,0.8
nwpu_positive_023_001,nwpu_positive_023,train,1,airplane,360,481,410,539,2900,948,796,rgb,,64,3.5,False,0.708
nwpu_positive_023_002,nwpu_positive_023,train,1,airplane,520,369,565,421,2340,948,796,rgb,,57,3.93,False,0.72
nwpu_positive_023_003,nwpu_positive_023,train,1,airplane,571,330,617,381,2346,948,796,rgb,,56,4.0,False,0.748
nwpu_positive_023_004,nwpu_positive_023,train,1,airplane,561,620,611,682,3100,948,796,rgb,,68,3.294,False,0.67
nwpu_positive_024_000,nwpu_positive_024,train,1,airplane,34,120,95,189,4209,1200,425,rgb,,76,2.947,False,0.729
nwpu_positive_024_001,nwpu_positive_024,train,1,airplane,104,119,163,184,3835,1200,425,rgb,,72,3.111,False,0.74
nwpu_positive_024_002,nwpu_positive_024,train,1,airplane,172,111,230,175,3712,1200,425,rgb,,70,3.2,False,0.758
nwpu_positive_024_003,nwpu_positive_024,train,1,airplane,243,113,300,175,3534,1200,425,rgb,,68,3.294,False,0.764
nwpu_positive_024_004,nwpu_positive_024,train,1,airplane,307,108,369,170,3844,1200,425,rgb,,68,3.294,False,0.831
nwpu_positive_024_005,nwpu_positive_024,train,1,airplane,377,101,439,162,3782,1200,425,rgb,,68,3.294,False,0.818
nwpu_positive_024_006,nwpu_positive_024,train,1,airplane,450,94,503,156,3286,1200,425,rgb,,68,3.294,False,0.711
nwpu_positive_024_007,nwpu_positive_024,train,1,airplane,508,88,562,143,2970,1200,425,rgb,,61,3.672,False,0.798
nwpu_positive_024_008,nwpu_positive_024,train,1,airplane,644,88,695,152,3264,1200,425,rgb,,70,3.2,False,0.666
nwpu_positive_024_009,nwpu_positive_024,train,1,airplane,702,80,754,143,3276,1200,425,rgb,,69,3.246,False,0.688
nwpu_positive_024_010,nwpu_positive_024,train,1,airplane,763,77,815,139,3224,1200,425,rgb,,68,3.294,False,0.697
nwpu_positive_024_011,nwpu_positive_024,train,1,airplane,826,80,882,143,3528,1200,425,rgb,,69,3.246,False,0.741
nwpu_positive_024_012,nwpu_positive_024,train,1,airplane,885,74,939,137,3402,1200,425,rgb,,69,3.246,False,0.715
nwpu_positive_024_013,nwpu_positive_024,train,1,airplane,942,69,998,131,3472,1200,425,rgb,,68,3.294,False,0.751
nwpu_positive_024_014,nwpu_positive_024,train,1,airplane,1005,65,1059,127,3348,1200,425,rgb,,68,3.294,False,0.724
nwpu_positive_024_015,nwpu_positive_024,train,1,airplane,1073,66,1123,126,3000,1200,425,rgb,,66,3.394,False,0.689
nwpu_positive_024_016,nwpu_positive_024,train,1,airplane,84,274,140,343,3864,1200,425,rgb,,76,2.947,False,0.669
nwpu_positive_024_017,nwpu_positive_024,train,1,airplane,287,264,356,336,4968,1200,425,rgb,,79,2.835,False,0.796
nwpu_positive_024_018,nwpu_positive_024,train,1,airplane,372,268,419,332,3008,1200,425,rgb,,70,3.2,False,0.614
nwpu_positive_024_019,nwpu_positive_024,train,1,airplane,607,252,668,306,3294,1200,425,rgb,,67,3.343,False,0.734
nwpu_positive_024_020,nwpu_positive_024,train,1,airplane,746,223,814,294,4828,1200,425,rgb,,78,2.872,False,0.794
nwpu_positive_024_021,nwpu_positive_024,train,1,airplane,899,235,951,296,3172,1200,425,rgb,,67,3.343,False,0.707
nwpu_positive_024_022,nwpu_positive_024,train,1,airplane,959,220,1026,290,4690,1200,425,rgb,,77,2.909,False,0.791
nwpu_positive_024_023,nwpu_positive_024,train,1,airplane,1034,225,1091,288,3591,1200,425,rgb,,69,3.246,False,0.754
nwpu_positive_024_024,nwpu_positive_024,train,1,airplane,1106,211,1157,277,3366,1200,425,rgb,,73,3.068,False,0.632
nwpu_positive_024_025,nwpu_positive_024,train,1,airplane,795,334,878,391,4731,1200,425,rgb,,91,2.462,False,0.571
nwpu_positive_025_000,nwpu_positive_025,train,1,airplane,58,155,104,215,2760,1017,510,rgb,,66,3.394,False,0.634
nwpu_positive_025_001,nwpu_positive_025,train,1,airplane,191,150,248,212,3534,1017,510,rgb,,68,3.294,False,0.764
nwpu_positive_025_002,nwpu_positive_025,train,1,airplane,258,119,319,190,4331,1017,510,rgb,,78,2.872,False,0.712
nwpu_positive_025_003,nwpu_positive_025,train,1,airplane,475,120,521,178,2668,1017,510,rgb,,64,3.5,False,0.651
nwpu_positive_025_004,nwpu_positive_025,train,1,airplane,523,92,600,167,5775,1017,510,rgb,,85,2.635,False,0.799
nwpu_positive_025_005,nwpu_positive_025,train,1,airplane,608,105,655,162,2679,1017,510,rgb,,63,3.556,False,0.675
nwpu_positive_025_006,nwpu_positive_025,train,1,airplane,662,72,749,159,7569,1017,510,rgb,,96,2.333,False,0.821
nwpu_positive_025_007,nwpu_positive_025,train,1,airplane,772,54,867,144,8550,1017,510,rgb,,105,2.133,False,0.776
nwpu_positive_025_008,nwpu_positive_025,train,1,airplane,891,77,971,153,6080,1017,510,rgb,,88,2.545,False,0.785
nwpu_positive_025_009,nwpu_positive_025,train,1,airplane,875,299,950,354,4125,1017,510,rgb,,82,2.732,False,0.613
nwpu_positive_027_000,nwpu_positive_027,train,1,airplane,39,120,108,197,5313,1085,584,rgb,,85,2.635,False,0.735
nwpu_positive_027_001,nwpu_positive_027,train,1,airplane,135,114,207,189,5400,1085,584,rgb,,82,2.732,False,0.803
nwpu_positive_027_002,nwpu_positive_027,train,1,airplane,218,113,286,178,4420,1085,584,rgb,,75,2.987,False,0.786
nwpu_positive_027_003,nwpu_positive_027,train,1,airplane,298,110,366,188,5304,1085,584,rgb,,86,2.605,False,0.717
nwpu_positive_027_004,nwpu_positive_027,train,1,airplane,382,113,449,187,4958,1085,584,rgb,,81,2.765,False,0.756
nwpu_positive_027_005,nwpu_positive_027,train,1,airplane,597,101,669,175,5328,1085,584,rgb,,81,2.765,False,0.812
nwpu_positive_027_006,nwpu_positive_027,train,1,airplane,774,97,844,166,4830,1085,584,rgb,,77,2.909,False,0.815
nwpu_positive_027_007,nwpu_positive_027,train,1,airplane,938,83,1002,157,4736,1085,584,rgb,,81,2.765,False,0.722
nwpu_positive_027_008,nwpu_positive_027,train,1,airplane,965,31,1047,94,5166,1085,584,rgb,,90,2.489,False,0.638
nwpu_positive_027_009,nwpu_positive_027,train,1,airplane,82,488,150,544,3808,1085,584,rgb,,75,2.987,False,0.677
nwpu_positive_027_010,nwpu_positive_027,train,1,airplane,165,461,234,535,5106,1085,584,rgb,,81,2.765,False,0.778
nwpu_positive_027_011,nwpu_positive_027,train,1,airplane,244,450,325,549,8019,1085,584,rgb,,109,2.055,False,0.675
nwpu_positive_027_012,nwpu_positive_027,train,1,airplane,349,456,432,550,7802,1085,584,rgb,,103,2.175,False,0.735
nwpu_positive_027_013,nwpu_positive_027,train,1,airplane,462,446,543,544,7938,1085,584,rgb,,108,2.074,False,0.681
nwpu_positive_027_014,nwpu_positive_027,train,1,airplane,595,439,682,530,7917,1085,584,rgb,,100,2.24,False,0.792
nwpu_positive_027_015,nwpu_positive_027,train,1,airplane,695,440,780,535,8075,1085,584,rgb,,105,2.133,False,0.732
nwpu_positive_027_016,nwpu_positive_027,train,1,airplane,805,435,887,530,7790,1085,584,rgb,,105,2.133,False,0.707
nwpu_positive_027_017,nwpu_positive_027,train,1,airplane,907,419,1007,532,11300,1085,584,rgb,,124,1.806,False,0.735
nwpu_positive_027_018,nwpu_positive_027,train,1,airplane,1014,432,1068,487,2970,1085,584,rgb,,61,3.672,False,0.798
nwpu_positive_027_019,nwpu_positive_027,train,1,airplane,478,214,546,290,5168,1085,584,rgb,,84,2.667,False,0.732
nwpu_positive_027_020,nwpu_positive_027,train,1,airplane,475,350,544,398,3312,1085,584,rgb,,76,2.947,False,0.573
nwpu_positive_029_000,nwpu_positive_029,train,1,airplane,66,186,142,272,6536,740,656,rgb,,95,2.358,False,0.724
nwpu_positive_029_001,nwpu_positive_029,train,1,airplane,204,191,268,260,4416,740,656,rgb,,76,2.947,False,0.765
nwpu_positive_029_002,nwpu_positive_029,train,1,airplane,297,190,361,261,4544,740,656,rgb,,78,2.872,False,0.747
nwpu_positive_029_003,nwpu_positive_029,train,1,airplane,374,197,433,255,3422,740,656,rgb,,65,3.446,False,0.81
nwpu_positive_029_004,nwpu_positive_029,train,1,airplane,448,199,505,251,2964,740,656,rgb,,63,3.556,False,0.747
nwpu_positive_029_005,nwpu_positive_029,train,1,airplane,621,194,686,256,4030,740,656,rgb,,72,3.111,False,0.777
nwpu_positive_029_006,nwpu_positive_029,train,1,airplane,27,417,104,501,6468,740,656,rgb,,92,2.435,False,0.764
nwpu_positive_029_007,nwpu_positive_029,train,1,airplane,142,419,242,524,10500,740,656,rgb,,116,1.931,False,0.78
nwpu_positive_029_008,nwpu_positive_029,train,1,airplane,262,420,341,510,7110,740,656,rgb,,99,2.263,False,0.725
nwpu_positive_029_009,nwpu_positive_029,train,1,airplane,364,422,443,518,7584,740,656,rgb,,106,2.113,False,0.675
nwpu_positive_029_010,nwpu_positive_029,train,1,airplane,587,438,641,501,3402,740,656,rgb,,69,3.246,False,0.715
nwpu_positive_030_000,nwpu_positive_030,train,1,airplane,92,178,154,233,3410,1030,610,rgb,,68,3.294,False,0.737
nwpu_positive_030_001,nwpu_positive_030,train,1,airplane,191,180,240,235,2695,1030,610,rgb,,61,3.672,False,0.724
nwpu_positive_030_002,nwpu_positive_030,train,1,airplane,261,182,320,236,3186,1030,610,rgb,,65,3.446,False,0.754
nwpu_positive_030_003,nwpu_positive_030,train,1,airplane,404,184,454,232,2400,1030,610,rgb,,55,4.073,False,0.793
nwpu_positive_030_004,nwpu_positive_030,train,1,airplane,563,184,623,236,3120,1030,610,rgb,,66,3.394,False,0.716
nwpu_positive_030_005,nwpu_positive_030,train,1,airplane,633,186,697,239,3392,1030,610,rgb,,70,3.2,False,0.692
nwpu_positive_030_006,nwpu_positive_030,train,1,airplane,774,183,831,232,2793,1030,610,rgb,,63,3.556,False,0.704
nwpu_positive_030_007,nwpu_positive_030,train,1,airplane,61,349,121,406,3420,1030,610,rgb,,66,3.394,False,0.785
nwpu_positive_030_008,nwpu_positive_030,train,1,airplane,219,347,283,406,3776,1030,610,rgb,,70,3.2,False,0.771
nwpu_positive_030_009,nwpu_positive_030,train,1,airplane,563,378,628,446,4420,1030,610,rgb,,75,2.987,False,0.786
nwpu_positive_030_010,nwpu_positive_030,train,1,airplane,657,362,703,423,2806,1030,610,rgb,,67,3.343,False,0.625
nwpu_positive_030_011,nwpu_positive_030,train,1,airplane,740,353,788,417,3072,1030,610,rgb,,70,3.2,False,0.627
nwpu_positive_030_012,nwpu_positive_030,train,1,airplane,920,345,981,409,3904,1030,610,rgb,,70,3.2,False,0.797
nwpu_positive_031_000,nwpu_positive_031,train,1,airplane,167,74,240,162,6424,920,653,rgb,,97,2.309,False,0.683
nwpu_positive_031_001,nwpu_positive_031,train,1,airplane,265,86,344,175,7031,920,653,rgb,,98,2.286,False,0.732
nwpu_positive_031_002,nwpu_positive_031,train,1,airplane,68,440,141,520,5840,920,653,rgb,,88,2.545,False,0.754
nwpu_positive_031_003,nwpu_positive_031,train,1,airplane,149,413,224,491,5850,920,653,rgb,,86,2.605,False,0.791
nwpu_positive_031_004,nwpu_positive_031,train,1,airplane,254,407,326,483,5472,920,653,rgb,,84,2.667,False,0.776
nwpu_positive_031_005,nwpu_positive_031,train,1,airplane,353,410,438,500,7650,920,653,rgb,,99,2.263,False,0.781
nwpu_positive_031_006,nwpu_positive_031,train,1,airplane,453,412,537,503,7644,920,653,rgb,,100,2.24,False,0.764
nwpu_positive_031_007,nwpu_positive_031,train,1,airplane,707,422,788,516,7614,920,653,rgb,,103,2.175,False,0.718
nwpu_positive_031_008,nwpu_positive_031,train,1,airplane,810,434,883,511,5621,920,653,rgb,,85,2.635,False,0.778
nwpu_positive_032_000,nwpu_positive_032,train,1,airplane,21,258,97,333,5700,1157,575,rgb,,84,2.667,False,0.808
nwpu_positive_032_001,nwpu_positive_032,train,1,airplane,109,216,180,288,5112,1157,575,rgb,,79,2.835,False,0.819
nwpu_positive_032_002,nwpu_positive_032,train,1,airplane,209,262,281,346,6048,1157,575,rgb,,92,2.435,False,0.715
nwpu_positive_032_003,nwpu_positive_032,train,1,airplane,297,219,368,288,4899,1157,575,rgb,,78,2.872,False,0.805
nwpu_positive_032_004,nwpu_positive_032,train,1,airplane,436,258,507,347,6319,1157,575,rgb,,98,2.286,False,0.658
nwpu_positive_032_005,nwpu_positive_032,train,1,airplane,508,229,582,294,4810,1157,575,rgb,,81,2.765,False,0.733
nwpu_positive_032_006,nwpu_positive_032,train,1,airplane,613,279,691,357,6084,1157,575,rgb,,86,2.605,False,0.823
nwpu_positive_032_007,nwpu_positive_032,train,1,airplane,682,232,757,300,5100,1157,575,rgb,,82,2.732,False,0.758
nwpu_positive_032_008,nwpu_positive_032,train,1,airplane,796,282,874,352,5460,1157,575,rgb,,86,2.605,False,0.738
nwpu_positive_032_009,nwpu_positive_032,train,1,airplane,861,235,934,302,4891,1157,575,rgb,,80,2.8,False,0.764
nwpu_positive_032_010,nwpu_positive_032,train,1,airplane,975,285,1056,364,6399,1157,575,rgb,,89,2.517,False,0.808
nwpu_positive_032_011,nwpu_positive_032,train,1,airplane,1038,243,1107,311,4692,1157,575,rgb,,76,2.947,False,0.812
nwpu_positive_033_000,nwpu_positive_033,train,1,airplane,105,43,198,132,8277,657,652,rgb,,102,2.196,False,0.796
nwpu_positive_033_001,nwpu_positive_033,train,1,airplane,99,176,191,266,8280,657,652,rgb,,101,2.218,False,0.812
nwpu_positive_033_002,nwpu_positive_033,train,1,airplane,90,289,182,377,8096,657,652,rgb,,101,2.218,False,0.794
nwpu_positive_033_003,nwpu_positive_033,train,1,airplane,368,35,450,115,6560,657,652,rgb,,90,2.489,False,0.81
nwpu_positive_033_004,nwpu_positive_033,train,1,airplane,291,326,389,412,8428,657,652,rgb,,108,2.074,False,0.723
nwpu_positive_033_005,nwpu_positive_033,train,1,airplane,342,424,429,513,7743,657,652,rgb,,98,2.286,False,0.806
nwpu_positive_033_006,nwpu_positive_033,train,1,airplane,341,520,425,603,6972,657,652,rgb,,92,2.435,False,0.824
nwpu_positive_034_000,nwpu_positive_034,train,1,airplane,32,290,82,353,3150,876,781,rgb,,69,3.246,False,0.662
nwpu_positive_034_001,nwpu_positive_034,train,1,airplane,199,229,246,281,2444,876,781,rgb,,57,3.93,False,0.752
nwpu_positive_034_002,nwpu_positive_034,train,1,airplane,252,180,303,240,3060,876,781,rgb,,66,3.394,False,0.702
nwpu_positive_034_003,nwpu_positive_034,train,1,airplane,367,102,410,149,2021,876,781,rgb,,52,4.308,False,0.747
nwpu_positive_034_004,nwpu_positive_034,train,1,airplane,548,257,597,317,2940,876,781,rgb,,66,3.394,False,0.675
nwpu_positive_034_005,nwpu_positive_034,train,1,airplane,456,281,533,375,7238,876,781,rgb,,103,2.175,False,0.682
nwpu_positive_034_006,nwpu_positive_034,train,1,airplane,168,507,244,598,6916,876,781,rgb,,100,2.24,False,0.692
nwpu_positive_034_007,nwpu_positive_034,train,1,airplane,106,606,154,666,2880,876,781,rgb,,66,3.394,False,0.661
nwpu_positive_035_000,nwpu_positive_035,val,1,airplane,80,42,177,127,8245,1079,647,rgb,,107,2.093,False,0.72
nwpu_positive_035_001,nwpu_positive_035,val,1,airplane,66,224,159,306,7626,1079,647,rgb,,102,2.196,False,0.733
nwpu_positive_035_002,nwpu_positive_035,val,1,airplane,62,312,156,394,7708,1079,647,rgb,,103,2.175,False,0.727
nwpu_positive_035_003,nwpu_positive_035,val,1,airplane,245,29,314,112,5727,1079,647,rgb,,91,2.462,False,0.692
nwpu_positive_035_004,nwpu_positive_035,val,1,airplane,244,121,328,208,7308,1079,647,rgb,,96,2.333,False,0.793
nwpu_positive_035_005,nwpu_positive_035,val,1,airplane,240,217,337,301,8148,1079,647,rgb,,107,2.093,False,0.712
nwpu_positive_035_006,nwpu_positive_035,val,1,airplane,242,312,311,396,5796,1079,647,rgb,,92,2.435,False,0.685
nwpu_positive_035_007,nwpu_positive_035,val,1,airplane,245,410,339,492,7708,1079,647,rgb,,103,2.175,False,0.727
nwpu_positive_035_008,nwpu_positive_035,val,1,airplane,241,505,336,587,7790,1079,647,rgb,,105,2.133,False,0.707
nwpu_positive_035_009,nwpu_positive_035,val,1,airplane,480,406,564,492,7224,1079,647,rgb,,95,2.358,False,0.8
nwpu_positive_035_010,nwpu_positive_035,val,1,airplane,478,511,562,590,6636,1079,647,rgb,,92,2.435,False,0.784
nwpu_positive_035_011,nwpu_positive_035,val,1,airplane,714,13,780,98,5610,1079,647,rgb,,94,2.383,False,0.635
nwpu_positive_035_012,nwpu_positive_035,val,1,airplane,713,109,793,193,6720,1079,647,rgb,,92,2.435,False,0.794
nwpu_positive_035_013,nwpu_positive_035,val,1,airplane,710,302,792,386,6888,1079,647,rgb,,92,2.435,False,0.814
nwpu_positive_035_014,nwpu_positive_035,val,1,airplane,711,412,793,497,6970,1079,647,rgb,,94,2.383,False,0.789
nwpu_positive_035_015,nwpu_positive_035,val,1,airplane,939,112,1023,194,6888,1079,647,rgb,,92,2.435,False,0.814
nwpu_positive_035_016,nwpu_positive_035,val,1,airplane,938,206,1025,288,7134,1079,647,rgb,,96,2.333,False,0.774
nwpu_positive_035_017,nwpu_positive_035,val,1,airplane,934,300,1023,385,7565,1079,647,rgb,,98,2.286,False,0.788
nwpu_positive_035_018,nwpu_positive_035,val,1,airplane,932,501,1018,592,7826,1079,647,rgb,,100,2.24,False,0.783
nwpu_positive_036_000,nwpu_positive_036,train,1,airplane,100,107,182,179,5904,533,597,rgb,,90,2.489,False,0.729
nwpu_positive_036_001,nwpu_positive_036,train,1,airplane,98,208,188,278,6300,533,597,rgb,,99,2.263,False,0.643
nwpu_positive_036_002,nwpu_positive_036,train,1,airplane,106,312,179,381,5037,533,597,rgb,,80,2.8,False,0.787
nwpu_positive_036_003,nwpu_positive_036,train,1,airplane,83,405,190,503,10486,533,597,rgb,,118,1.898,False,0.753
nwpu_positive_036_004,nwpu_positive_036,train,1,airplane,370,185,441,250,4615,533,597,rgb,,78,2.872,False,0.759
nwpu_positive_036_005,nwpu_positive_036,train,1,airplane,359,260,448,333,6497,533,597,rgb,,98,2.286,False,0.676
nwpu_positive_037_000,nwpu_positive_037,train,1,airplane,300,17,405,112,9975,1066,683,rgb,,116,1.931,False,0.741
nwpu_positive_037_001,nwpu_positive_037,train,1,airplane,201,80,292,171,8281,1066,683,rgb,,100,2.24,False,0.828
nwpu_positive_037_002,nwpu_positive_037,train,1,airplane,115,173,205,267,8460,1066,683,rgb,,103,2.175,False,0.797
nwpu_positive_037_003,nwpu_positive_037,train,1,airplane,149,366,215,442,5016,1066,683,rgb,,84,2.667,False,0.711
nwpu_positive_037_004,nwpu_positive_037,train,1,airplane,235,338,328,431,8649,1066,683,rgb,,102,2.196,False,0.831
nwpu_positive_037_005,nwpu_positive_037,train,1,airplane,341,300,440,397,9603,1066,683,rgb,,109,2.055,False,0.808
nwpu_positive_037_006,nwpu_positive_037,train,1,airplane,453,269,546,371,9486,1066,683,rgb,,112,2.0,False,0.756
nwpu_positive_037_007,nwpu_positive_037,train,1,airplane,564,253,657,355,9486,1066,683,rgb,,112,2.0,False,0.756
nwpu_positive_037_008,nwpu_positive_037,train,1,airplane,685,243,788,345,10506,1066,683,rgb,,113,1.982,False,0.823
nwpu_positive_037_009,nwpu_positive_037,train,1,airplane,155,550,233,639,6942,1066,683,rgb,,98,2.286,False,0.723
nwpu_positive_037_010,nwpu_positive_037,train,1,airplane,344,522,410,603,5346,1066,683,rgb,,89,2.517,False,0.675
nwpu_positive_037_011,nwpu_positive_037,train,1,airplane,445,532,539,640,10152,1066,683,rgb,,119,1.882,False,0.717
nwpu_positive_037_012,nwpu_positive_037,train,1,airplane,563,524,673,642,12980,1066,683,rgb,,130,1.723,False,0.768
nwpu_positive_037_013,nwpu_positive_037,train,1,airplane,697,490,795,613,12054,1066,683,rgb,,135,1.659,False,0.661
nwpu_positive_037_014,nwpu_positive_037,train,1,airplane,816,478,905,573,8455,1066,683,rgb,,105,2.133,False,0.767
nwpu_positive_037_015,nwpu_positive_037,train,1,airplane,933,456,1017,556,8400,1066,683,rgb,,110,2.036,False,0.694
nwpu_positive_038_000,nwpu_positive_038,val,1,airplane,74,61,152,167,8268,1039,649,rgb,,117,1.915,False,0.604
nwpu_positive_038_001,nwpu_positive_038,val,1,airplane,70,248,156,333,7310,1039,649,rgb,,95,2.358,False,0.81
nwpu_positive_038_002,nwpu_positive_038,val,1,airplane,74,441,182,537,10368,1039,649,rgb,,119,1.882,False,0.732
nwpu_positive_038_003,nwpu_positive_038,val,1,airplane,256,53,337,145,7452,1039,649,rgb,,101,2.218,False,0.731
nwpu_positive_038_004,nwpu_positive_038,val,1,airplane,332,175,423,262,7917,1039,649,rgb,,100,2.24,False,0.792
nwpu_positive_038_005,nwpu_positive_038,val,1,airplane,321,263,429,351,9504,1039,649,rgb,,119,1.882,False,0.671
nwpu_positive_038_006,nwpu_positive_038,val,1,airplane,337,354,422,440,7310,1039,649,rgb,,95,2.358,False,0.81
nwpu_positive_038_007,nwpu_positive_038,val,1,airplane,350,534,437,620,7482,1039,649,rgb,,96,2.333,False,0.812
nwpu_positive_038_008,nwpu_positive_038,val,1,airplane,626,95,709,169,6142,1039,649,rgb,,91,2.462,False,0.742
nwpu_positive_038_009,nwpu_positive_038,val,1,airplane,624,169,706,258,7298,1039,649,rgb,,98,2.286,False,0.76
nwpu_positive_038_010,nwpu_positive_038,val,1,airplane,635,331,743,432,10908,1039,649,rgb,,119,1.882,False,0.77
nwpu_positive_038_011,nwpu_positive_038,val,1,airplane,774,28,851,122,7238,1039,649,rgb,,103,2.175,False,0.682
nwpu_positive_038_012,nwpu_positive_038,val,1,airplane,847,229,956,321,10028,1039,649,rgb,,120,1.867,False,0.696
nwpu_positive_038_013,nwpu_positive_038,val,1,airplane,858,404,966,490,9288,1039,649,rgb,,119,1.882,False,0.656
nwpu_positive_039_000,nwpu_positive_039,train,1,airplane,38,118,150,193,8400,1080,659,rgb,,123,1.821,False,0.555
nwpu_positive_039_001,nwpu_positive_039,train,1,airplane,23,485,120,555,6790,1080,659,rgb,,107,2.093,False,0.593
nwpu_positive_039_002,nwpu_positive_039,train,1,airplane,474,125,565,195,6370,1080,659,rgb,,100,2.24,False,0.637
nwpu_positive_039_003,nwpu_positive_039,train,1,airplane,450,178,549,248,6930,1080,659,rgb,,109,2.055,False,0.583
nwpu_positive_039_004,nwpu_positive_039,train,1,airplane,473,336,565,410,6808,1080,659,rgb,,101,2.218,False,0.667
nwpu_positive_039_005,nwpu_positive_039,train,1,airplane,454,400,551,463,6111,1080,659,rgb,,107,2.093,False,0.534
nwpu_positive_039_006,nwpu_positive_039,train,1,airplane,454,503,552,572,6762,1080,659,rgb,,108,2.074,False,0.58
nwpu_positive_039_007,nwpu_positive_039,train,1,airplane,472,556,565,627,6603,1080,659,rgb,,102,2.196,False,0.635
nwpu_positive_039_008,nwpu_positive_039,train,1,airplane,938,31,1033,105,7030,1080,659,rgb,,105,2.133,False,0.638
nwpu_positive_040_000,nwpu_positive_040,train,1,airplane,138,116,218,198,6560,1165,609,rgb,,90,2.489,False,0.81
nwpu_positive_040_001,nwpu_positive_040,train,1,airplane,65,225,150,291,5610,1165,609,rgb,,94,2.383,False,0.635
nwpu_positive_040_002,nwpu_positive_040,train,1,airplane,33,336,140,410,7918,1165,609,rgb,,118,1.898,False,0.569
nwpu_positive_040_003,nwpu_positive_040,train,1,airplane,188,476,264,549,5548,1165,609,rgb,,84,2.667,False,0.786
nwpu_positive_040_004,nwpu_positive_040,train,1,airplane,504,96,588,184,7392,1165,609,rgb,,97,2.309,False,0.786
nwpu_positive_040_005,nwpu_positive_040,train,1,airplane,623,77,708,162,7225,1165,609,rgb,,94,2.383,False,0.818
nwpu_positive_040_006,nwpu_positive_040,train,1,airplane,734,39,827,131,8556,1165,609,rgb,,102,2.196,False,0.822
nwpu_positive_040_007,nwpu_positive_040,train,1,airplane,965,66,1059,140,6956,1165,609,rgb,,103,2.175,False,0.656
nwpu_positive_040_008,nwpu_positive_040,train,1,airplane,1014,170,1095,245,6075,1165,609,rgb,,89,2.517,False,0.767
nwpu_positive_040_009,nwpu_positive_040,train,1,airplane,1019,281,1127,366,9180,1165,609,rgb,,119,1.882,False,0.648
nwpu_positive_041_000,nwpu_positive_041,train,1,airplane,38,256,120,343,7134,1087,582,rgb,,96,2.333,False,0.774
nwpu_positive_041_001,nwpu_positive_041,train,1,airplane,202,266,287,355,7565,1087,582,rgb,,98,2.286,False,0.788
nwpu_positive_041_002,nwpu_positive_041,train,1,airplane,341,237,430,347,9790,1087,582,rgb,,121,1.851,False,0.669
nwpu_positive_041_003,nwpu_positive_041,train,1,airplane,483,223,571,320,8536,1087,582,rgb,,107,2.093,False,0.746
nwpu_positive_041_004,nwpu_positive_041,train,1,airplane,624,196,713,315,10591,1087,582,rgb,,131,1.71,False,0.617
nwpu_positive_041_005,nwpu_positive_041,train,1,airplane,771,194,855,294,8400,1087,582,rgb,,110,2.036,False,0.694
nwpu_positive_041_006,nwpu_positive_041,train,1,airplane,913,182,999,276,8084,1087,582,rgb,,103,2.175,False,0.762
nwpu_positive_042_000,nwpu_positive_042,train,1,airplane,275,124,347,186,4464,985,617,rgb,,79,2.835,False,0.715
nwpu_positive_042_001,nwpu_positive_042,train,1,airplane,315,193,385,255,4340,985,617,rgb,,77,2.909,False,0.732
nwpu_positive_042_002,nwpu_positive_042,train,1,airplane,339,284,407,343,4012,985,617,rgb,,75,2.987,False,0.713
nwpu_positive_042_003,nwpu_positive_042,train,1,airplane,341,379,420,445,5214,985,617,rgb,,87,2.575,False,0.689
nwpu_positive_042_004,nwpu_positive_042,train,1,airplane,351,467,428,533,5082,985,617,rgb,,85,2.635,False,0.703
nwpu_positive_042_005,nwpu_positive_042,train,1,airplane,619,145,693,218,5402,985,617,rgb,,81,2.765,False,0.823
nwpu_positive_042_006,nwpu_positive_042,train,1,airplane,625,236,699,308,5328,985,617,rgb,,81,2.765,False,0.812
nwpu_positive_043_000,nwpu_positive_043,train,1,airplane,104,29,200,107,7488,933,692,rgb,,106,2.113,False,0.666
nwpu_positive_043_001,nwpu_positive_043,train,1,airplane,99,122,198,200,7722,933,692,rgb,,109,2.055,False,0.65
nwpu_positive_043_002,nwpu_positive_043,train,1,airplane,99,216,192,294,7254,933,692,rgb,,102,2.196,False,0.697
nwpu_positive_043_003,nwpu_positive_043,train,1,airplane,113,318,192,374,4424,933,692,rgb,,87,2.575,False,0.584
nwpu_positive_043_004,nwpu_positive_043,train,1,airplane,108,408,195,476,5916,933,692,rgb,,96,2.333,False,0.642
nwpu_positive_043_005,nwpu_positive_043,train,1,airplane,102,489,197,573,7980,933,692,rgb,,105,2.133,False,0.724
nwpu_positive_043_006,nwpu_positive_043,train,1,airplane,99,584,197,666,8036,933,692,rgb,,108,2.074,False,0.689
nwpu_positive_043_007,nwpu_positive_043,train,1,airplane,305,6,396,95,8099,933,692,rgb,,100,2.24,False,0.81
nwpu_positive_043_008,nwpu_positive_043,train,1,airplane,303,135,387,210,6300,933,692,rgb,,92,2.435,False,0.744
nwpu_positive_043_009,nwpu_positive_043,train,1,airplane,300,267,386,341,6364,933,692,rgb,,95,2.358,False,0.705
nwpu_positive_043_010,nwpu_positive_043,train,1,airplane,296,369,392,455,8256,933,692,rgb,,106,2.113,False,0.735
nwpu_positive_043_011,nwpu_positive_043,train,1,airplane,297,479,392,563,7980,933,692,rgb,,105,2.133,False,0.724
nwpu_positive_043_012,nwpu_positive_043,train,1,airplane,306,585,393,666,7047,933,692,rgb,,96,2.333,False,0.765
nwpu_positive_043_013,nwpu_positive_043,train,1,airplane,540,12,633,87,6975,933,692,rgb,,102,2.196,False,0.67
nwpu_positive_043_014,nwpu_positive_043,train,1,airplane,542,125,629,201,6612,933,692,rgb,,96,2.333,False,0.717
nwpu_positive_043_015,nwpu_positive_043,train,1,airplane,540,252,630,336,7560,933,692,rgb,,99,2.263,False,0.771
nwpu_positive_043_016,nwpu_positive_043,train,1,airplane,468,384,561,473,8277,933,692,rgb,,102,2.196,False,0.796
nwpu_positive_043_017,nwpu_positive_043,train,1,airplane,537,491,632,569,7410,933,692,rgb,,105,2.133,False,0.672
nwpu_positive_043_018,nwpu_positive_043,train,1,airplane,539,582,635,657,7200,933,692,rgb,,106,2.113,False,0.641
nwpu_positive_043_019,nwpu_positive_043,train,1,airplane,746,132,819,189,4161,933,692,rgb,,80,2.8,False,0.65
nwpu_positive_044_000,nwpu_positive_044,val,1,airplane,25,193,84,243,2950,999,627,rgb,,65,3.446,False,0.698
nwpu_positive_044_001,nwpu_positive_044,val,1,airplane,81,112,153,173,4392,999,627,rgb,,79,2.835,False,0.704
nwpu_positive_044_002,nwpu_positive_044,val,1,airplane,121,40,201,107,5360,999,627,rgb,,88,2.545,False,0.692
nwpu_positive_044_003,nwpu_positive_044,val,1,airplane,216,44,264,100,2688,999,627,rgb,,62,3.613,False,0.699
nwpu_positive_044_004,nwpu_positive_044,val,1,airplane,292,31,363,101,4970,999,627,rgb,,78,2.872,False,0.817
nwpu_positive_044_005,nwpu_positive_044,val,1,airplane,378,29,439,90,3721,999,627,rgb,,67,3.343,False,0.829
nwpu_positive_044_006,nwpu_positive_044,val,1,airplane,38,287,115,368,6237,999,627,rgb,,89,2.517,False,0.787
nwpu_positive_044_007,nwpu_positive_044,val,1,airplane,117,326,187,411,5950,999,627,rgb,,94,2.383,False,0.673
nwpu_positive_044_008,nwpu_positive_044,val,1,airplane,206,216,290,278,5208,999,627,rgb,,92,2.435,False,0.615
nwpu_positive_044_009,nwpu_positive_044,val,1,airplane,320,174,380,243,4140,999,627,rgb,,76,2.947,False,0.717
nwpu_positive_044_010,nwpu_positive_044,val,1,airplane,407,166,468,231,3965,999,627,rgb,,72,3.111,False,0.765
nwpu_positive_044_011,nwpu_positive_044,val,1,airplane,479,160,559,246,6880,999,627,rgb,,95,2.358,False,0.762
nwpu_positive_044_012,nwpu_positive_044,val,1,airplane,579,172,639,236,3840,999,627,rgb,,70,3.2,False,0.784
nwpu_positive_044_013,nwpu_positive_044,val,1,airplane,655,155,733,236,6318,999,627,rgb,,89,2.517,False,0.798
nwpu_positive_044_014,nwpu_positive_044,val,1,airplane,862,190,910,249,2832,999,627,rgb,,65,3.446,False,0.67
nwpu_positive_044_015,nwpu_positive_044,val,1,airplane,357,363,432,451,6600,999,627,rgb,,97,2.309,False,0.701
nwpu_positive_044_016,nwpu_positive_044,val,1,airplane,454,361,531,448,6699,999,627,rgb,,96,2.333,False,0.727
nwpu_positive_044_017,nwpu_positive_044,val,1,airplane,539,358,626,450,8004,999,627,rgb,,101,2.218,False,0.785
nwpu_positive_044_018,nwpu_positive_044,val,1,airplane,375,514,463,612,8624,999,627,rgb,,108,2.074,False,0.739
nwpu_positive_044_019,nwpu_positive_044,val,1,airplane,481,513,558,596,6391,999,627,rgb,,91,2.462,False,0.772
nwpu_positive_044_020,nwpu_positive_044,val,1,airplane,579,511,658,607,7584,999,627,rgb,,106,2.113,False,0.675
nwpu_positive_044_021,nwpu_positive_044,val,1,airplane,638,367,721,445,6474,999,627,rgb,,91,2.462,False,0.782
nwpu_positive_044_022,nwpu_positive_044,val,1,airplane,674,515,755,606,7371,999,627,rgb,,100,2.24,False,0.737
nwpu_positive_044_023,nwpu_positive_044,val,1,airplane,768,506,853,605,8415,999,627,rgb,,109,2.055,False,0.708
nwpu_positive_044_024,nwpu_positive_044,val,1,airplane,885,363,941,424,3416,999,627,rgb,,67,3.343,False,0.761
nwpu_positive_045_000,nwpu_positive_045,train,1,airplane,264,92,368,189,10088,927,811,rgb,,114,1.965,False,0.776
nwpu_positive_045_001,nwpu_positive_045,train,1,airplane,585,113,646,172,3599,927,811,rgb,,67,3.343,False,0.802
nwpu_positive_045_002,nwpu_positive_045,train,1,airplane,642,518,702,574,3360,927,811,rgb,,66,3.394,False,0.771
nwpu_positive_045_003,nwpu_positive_045,train,1,airplane,651,647,709,702,3190,927,811,rgb,,64,3.5,False,0.779
nwpu_positive_046_000,nwpu_positive_046,train,1,airplane,59,254,138,303,3871,970,642,rgb,,87,2.575,False,0.511
nwpu_positive_046_001,nwpu_positive_046,train,1,airplane,92,327,167,375,3600,970,642,rgb,,82,2.732,False,0.535
nwpu_positive_046_002,nwpu_positive_046,train,1,airplane,449,354,548,422,6732,970,642,rgb,,109,2.055,False,0.567
nwpu_positive_046_003,nwpu_positive_046,train,1,airplane,539,503,627,573,6160,970,642,rgb,,97,2.309,False,0.655
nwpu_positive_046_004,nwpu_positive_046,train,1,airplane,639,209,711,264,3960,970,642,rgb,,79,2.835,False,0.635
nwpu_positive_046_005,nwpu_positive_046,train,1,airplane,795,48,875,110,4960,970,642,rgb,,88,2.545,False,0.64
nwpu_positive_047_000,nwpu_positive_047,train,1,airplane,83,84,159,144,4560,1209,731,rgb,,84,2.667,False,0.646
nwpu_positive_047_001,nwpu_positive_047,train,1,airplane,38,177,152,266,10146,1209,731,rgb,,125,1.792,False,0.649
nwpu_positive_047_002,nwpu_positive_047,train,1,airplane,41,290,159,380,10620,1209,731,rgb,,130,1.723,False,0.628
nwpu_positive_047_003,nwpu_positive_047,train,1,airplane,66,414,129,480,4158,1209,731,rgb,,73,3.068,False,0.78
nwpu_positive_047_004,nwpu_positive_047,train,1,airplane,23,486,102,543,4503,1209,731,rgb,,87,2.575,False,0.595
nwpu_positive_047_005,nwpu_positive_047,train,1,airplane,17,567,102,626,5015,1209,731,rgb,,94,2.383,False,0.568
nwpu_positive_047_006,nwpu_positive_047,train,1,airplane,344,32,419,90,4350,1209,731,rgb,,82,2.732,False,0.647
nwpu_positive_047_007,nwpu_positive_047,train,1,airplane,324,113,408,172,4956,1209,731,rgb,,92,2.435,False,0.586
nwpu_positive_047_008,nwpu_positive_047,train,1,airplane,335,195,423,255,5280,1209,731,rgb,,97,2.309,False,0.561
nwpu_positive_047_009,nwpu_positive_047,train,1,airplane,314,342,392,406,4992,1209,731,rgb,,86,2.605,False,0.675
nwpu_positive_047_010,nwpu_positive_047,train,1,airplane,290,429,383,491,5766,1209,731,rgb,,102,2.196,False,0.554
nwpu_positive_047_011,nwpu_positive_047,train,1,airplane,336,510,425,570,5340,1209,731,rgb,,98,2.286,False,0.556
nwpu_positive_047_012,nwpu_positive_047,train,1,airplane,233,564,290,647,4731,1209,731,rgb,,91,2.462,False,0.571
nwpu_positive_047_013,nwpu_positive_047,train,1,airplane,348,579,426,663,6552,1209,731,rgb,,92,2.435,False,0.774
nwpu_positive_047_014,nwpu_positive_047,train,1,airplane,744,90,819,144,4050,1209,731,rgb,,82,2.732,False,0.602
nwpu_positive_047_015,nwpu_positive_047,train,1,airplane,737,168,807,222,3780,1209,731,rgb,,77,2.909,False,0.638
nwpu_positive_047_016,nwpu_positive_047,train,1,airplane,723,245,800,296,3927,1209,731,rgb,,85,2.635,False,0.544
nwpu_positive_047_017,nwpu_positive_047,train,1,airplane,681,312,750,383,4899,1209,731,rgb,,78,2.872,False,0.805
nwpu_positive_047_018,nwpu_positive_047,train,1,airplane,699,398,785,459,5246,1209,731,rgb,,95,2.358,False,0.581
nwpu_positive_047_019,nwpu_positive_047,train,1,airplane,693,537,770,599,4774,1209,731,rgb,,85,2.635,False,0.661
nwpu_positive_047_020,nwpu_positive_047,train,1,airplane,695,624,770,692,5100,1209,731,rgb,,82,2.732,False,0.758
nwpu_positive_047_021,nwpu_positive_047,train,1,airplane,780,633,852,687,3888,1209,731,rgb,,79,2.835,False,0.623
nwpu_positive_047_022,nwpu_positive_047,train,1,airplane,989,12,1074,77,5525,1209,731,rgb,,94,2.383,False,0.625
nwpu_positive_047_023,nwpu_positive_047,train,1,airplane,954,99,1043,156,5073,1209,731,rgb,,98,2.286,False,0.528
nwpu_positive_047_024,nwpu_positive_047,train,1,airplane,1001,165,1085,222,4788,1209,731,rgb,,92,2.435,False,0.566
nwpu_positive_047_025,nwpu_positive_047,train,1,airplane,1008,246,1085,320,5698,1209,731,rgb,,85,2.635,False,0.789
nwpu_positive_047_026,nwpu_positive_047,train,1,airplane,950,357,1058,417,6480,1209,731,rgb,,119,1.882,False,0.458
nwpu_positive_047_027,nwpu_positive_047,train,1,airplane,1008,437,1101,494,5301,1209,731,rgb,,102,2.196,False,0.51
nwpu_positive_047_028,nwpu_positive_047,train,1,airplane,1023,519,1094,578,4189,1209,731,rgb,,78,2.872,False,0.689
nwpu_positive_047_029,nwpu_positive_047,train,1,airplane,1025,620,1088,699,4977,1209,731,rgb,,87,2.575,False,0.658
nwpu_positive_047_030,nwpu_positive_047,train,1,airplane,1121,225,1187,312,5742,1209,731,rgb,,96,2.333,False,0.623
nwpu_positive_048_000,nwpu_positive_048,val,1,airplane,118,65,229,146,8991,783,647,rgb,,122,1.836,False,0.604
nwpu_positive_048_001,nwpu_positive_048,val,1,airplane,142,173,215,232,4307,783,647,rgb,,80,2.8,False,0.673
nwpu_positive_048_002,nwpu_positive_048,val,1,airplane,28,223,135,344,12947,783,647,rgb,,133,1.684,False,0.732
nwpu_positive_048_003,nwpu_positive_048,val,1,airplane,312,40,394,101,5002,783,647,rgb,,90,2.489,False,0.618
nwpu_positive_048_004,nwpu_positive_048,val,1,airplane,321,122,398,179,4389,783,647,rgb,,85,2.635,False,0.607
nwpu_positive_048_005,nwpu_positive_048,val,1,airplane,347,297,418,358,4331,783,647,rgb,,78,2.872,False,0.712
nwpu_positive_048_006,nwpu_positive_048,val,1,airplane,186,479,258,542,4536,783,647,rgb,,79,2.835,False,0.727
nwpu_positive_048_007,nwpu_positive_048,val,1,airplane,584,531,660,595,4864,783,647,rgb,,84,2.667,False,0.689
nwpu_positive_050_000,nwpu_positive_050,train,1,airplane,79,286,142,342,3528,1105,680,rgb,,69,3.246,False,0.741
nwpu_positive_050_001,nwpu_positive_050,train,1,airplane,159,284,211,354,3640,1105,680,rgb,,77,2.909,False,0.614
nwpu_positive_050_002,nwpu_positive_050,train,1,airplane,230,270,291,337,4087,1105,680,rgb,,74,3.027,False,0.746
nwpu_positive_050_003,nwpu_positive_050,train,1,airplane,308,271,367,344,4307,1105,680,rgb,,80,2.8,False,0.673
nwpu_positive_050_004,nwpu_positive_050,train,1,airplane,464,262,524,324,3720,1105,680,rgb,,68,3.294,False,0.804
nwpu_positive_050_005,nwpu_positive_050,train,1,airplane,507,201,578,263,4402,1105,680,rgb,,78,2.872,False,0.724
nwpu_positive_050_006,nwpu_positive_050,train,1,airplane,623,81,689,134,3498,1105,680,rgb,,73,3.068,False,0.656
nwpu_positive_050_007,nwpu_positive_050,train,1,airplane,652,12,729,79,5159,1105,680,rgb,,85,2.635,False,0.714
nwpu_positive_050_008,nwpu_positive_050,train,1,airplane,56,525,109,579,2862,1105,680,rgb,,59,3.797,False,0.822
nwpu_positive_050_009,nwpu_positive_050,train,1,airplane,200,548,264,613,4160,1105,680,rgb,,72,3.111,False,0.802
nwpu_positive_050_010,nwpu_positive_050,train,1,airplane,360,588,415,628,2200,1105,680,rgb,,61,3.672,False,0.591
nwpu_positive_050_011,nwpu_positive_050,train,1,airplane,696,296,768,353,4104,1105,680,rgb,,79,2.835,False,0.658
nwpu_positive_050_012,nwpu_positive_050,train,1,airplane,756,231,818,299,4216,1105,680,rgb,,75,2.987,False,0.75
nwpu_positive_050_013,nwpu_positive_050,train,1,airplane,1020,398,1085,471,4745,1105,680,rgb,,80,2.8,False,0.741
nwpu_positive_051_000,nwpu_positive_051,train,1,airplane,50,69,129,136,5293,1052,639,rgb,,87,2.575,False,0.699
nwpu_positive_051_001,nwpu_positive_051,train,1,airplane,65,249,159,341,8648,1052,639,rgb,,103,2.175,False,0.815
nwpu_positive_051_002,nwpu_positive_051,train,1,airplane,183,278,232,335,2793,1052,639,rgb,,63,3.556,False,0.704
nwpu_positive_051_003,nwpu_positive_051,train,1,airplane,260,258,350,354,8640,1052,639,rgb,,106,2.113,False,0.769
nwpu_positive_051_004,nwpu_positive_051,train,1,airplane,365,251,431,302,3366,1052,639,rgb,,73,3.068,False,0.632
nwpu_positive_051_005,nwpu_positive_051,train,1,airplane,407,149,495,228,6952,1052,639,rgb,,97,2.309,False,0.739
nwpu_positive_051_006,nwpu_positive_051,train,1,airplane,523,70,611,174,9152,1052,639,rgb,,114,1.965,False,0.704
nwpu_positive_051_007,nwpu_positive_051,train,1,airplane,634,94,688,166,3888,1052,639,rgb,,79,2.835,False,0.623
nwpu_positive_051_008,nwpu_positive_051,train,1,airplane,708,105,761,165,3180,1052,639,rgb,,66,3.394,False,0.73
nwpu_positive_051_009,nwpu_positive_051,train,1,airplane,793,93,866,192,7227,1052,639,rgb,,109,2.055,False,0.608
nwpu_positive_051_010,nwpu_positive_051,train,1,airplane,886,103,938,171,3536,1052,639,rgb,,75,2.987,False,0.629
nwpu_positive_051_011,nwpu_positive_051,train,1,airplane,960,106,1013,182,4028,1052,639,rgb,,84,2.667,False,0.571
nwpu_positive_051_012,nwpu_positive_051,train,1,airplane,60,496,140,585,7120,1052,639,rgb,,98,2.286,False,0.741
nwpu_positive_051_013,nwpu_positive_051,train,1,airplane,150,479,230,573,7520,1052,639,rgb,,103,2.175,False,0.709
nwpu_positive_051_014,nwpu_positive_051,train,1,airplane,254,489,332,575,6708,1052,639,rgb,,95,2.358,False,0.743
nwpu_positive_051_015,nwpu_positive_051,train,1,airplane,362,563,417,603,2200,1052,639,rgb,,61,3.672,False,0.591
nwpu_positive_051_016,nwpu_positive_051,train,1,airplane,695,318,749,377,3186,1052,639,rgb,,65,3.446,False,0.754
nwpu_positive_051_017,nwpu_positive_051,train,1,airplane,762,322,811,382,2940,1052,639,rgb,,66,3.394,False,0.675
nwpu_positive_051_018,nwpu_positive_051,train,1,airplane,830,324,874,383,2596,1052,639,rgb,,65,3.446,False,0.614
nwpu_positive_051_019,nwpu_positive_051,train,1,airplane,890,329,938,382,2544,1052,639,rgb,,58,3.862,False,0.756
nwpu_positive_051_020,nwpu_positive_051,train,1,airplane,692,526,738,572,2116,1052,639,rgb,,51,4.392,False,0.814
nwpu_positive_051_021,nwpu_positive_051,train,1,airplane,816,533,868,576,2236,1052,639,rgb,,57,3.93,False,0.688
nwpu_positive_052_000,nwpu_positive_052,train,1,airplane,44,100,154,173,8030,773,559,rgb,,121,1.851,False,0.548
nwpu_positive_052_001,nwpu_positive_052,train,1,airplane,49,221,160,303,9102,773,559,rgb,,122,1.836,False,0.612
nwpu_positive_052_002,nwpu_positive_052,train,1,airplane,72,355,165,423,6324,773,559,rgb,,102,2.196,False,0.608
nwpu_positive_052_003,nwpu_positive_052,train,1,airplane,348,205,442,279,6956,773,559,rgb,,103,2.175,False,0.656
nwpu_positive_052_004,nwpu_positive_052,train,1,airplane,366,461,459,528,6231,773,559,rgb,,102,2.196,False,0.599
nwpu_positive_052_005,nwpu_positive_052,train,1,airplane,610,61,698,120,5192,773,559,rgb,,97,2.309,False,0.552
nwpu_positive_052_006,nwpu_positive_052,train,1,airplane,621,187,701,243,4480,773,559,rgb,,88,2.545,False,0.579
nwpu_positive_052_007,nwpu_positive_052,train,1,airplane,641,319,709,372,3604,773,559,rgb,,75,2.987,False,0.641
nwpu_positive_052_008,nwpu_positive_052,train,1,airplane,641,413,715,469,4144,773,559,rgb,,81,2.765,False,0.632
nwpu_positive_054_000,nwpu_positive_054,train,1,airplane,178,120,248,186,4620,684,563,rgb,,77,2.909,False,0.779
nwpu_positive_054_001,nwpu_positive_054,train,1,airplane,171,319,232,374,3355,684,563,rgb,,67,3.343,False,0.747
nwpu_positive_054_002,nwpu_positive_054,train,1,airplane,384,105,446,156,3162,684,563,rgb,,68,3.294,False,0.684
nwpu_positive_054_003,nwpu_positive_054,train,1,airplane,376,410,455,463,4187,684,563,rgb,,87,2.575,False,0.553
nwpu_positive_054_004,nwpu_positive_054,train,1,airplane,509,241,575,316,4950,684,563,rgb,,82,2.732,False,0.736
nwpu_positive_055_000,nwpu_positive_055,train,1,airplane,698,253,788,350,8730,929,819,rgb,,107,2.093,False,0.763
nwpu_positive_055_001,nwpu_positive_055,train,1,airplane,422,444,493,506,4402,929,819,rgb,,78,2.872,False,0.724
nwpu_positive_056_000,nwpu_positive_056,train,1,airplane,278,478,324,512,1564,952,818,rgb,,51,4.392,False,0.601
nwpu_positive_056_001,nwpu_positive_056,train,1,airplane,133,719,188,784,3575,952,818,rgb,,72,3.111,False,0.69
nwpu_positive_056_002,nwpu_positive_056,train,1,airplane,253,729,324,793,4544,952,818,rgb,,78,2.872,False,0.747
nwpu_positive_056_003,nwpu_positive_056,train,1,airplane,226,662,301,728,4950,952,818,rgb,,82,2.732,False,0.736
nwpu_positive_056_004,nwpu_positive_056,train,1,airplane,260,606,314,676,3780,952,818,rgb,,77,2.909,False,0.638
nwpu_positive_056_005,nwpu_positive_056,train,1,airplane,319,585,381,658,4526,952,818,rgb,,80,2.8,False,0.707
nwpu_positive_056_006,nwpu_positive_056,train,1,airplane,492,604,570,707,8034,952,818,rgb,,113,1.982,False,0.629
nwpu_positive_056_007,nwpu_positive_056,train,1,airplane,618,656,691,719,4599,952,818,rgb,,80,2.8,False,0.719
nwpu_positive_056_008,nwpu_positive_056,train,1,airplane,605,736,678,801,4745,952,818,rgb,,80,2.8,False,0.741
nwpu_positive_057_000,nwpu_positive_057,train,1,airplane,71,326,128,381,3135,952,827,rgb,,63,3.556,False,0.79
nwpu_positive_057_001,nwpu_positive_057,train,1,airplane,566,580,635,633,3657,952,827,rgb,,76,2.947,False,0.633
nwpu_positive_057_002,nwpu_positive_057,train,1,airplane,634,442,688,504,3348,952,827,rgb,,68,3.294,False,0.724
nwpu_positive_057_003,nwpu_positive_057,train,1,airplane,850,244,914,302,3712,952,827,rgb,,70,3.2,False,0.758
nwpu_positive_057_004,nwpu_positive_057,train,1,airplane,861,325,924,384,3717,952,827,rgb,,69,3.246,False,0.781
nwpu_positive_058_000,nwpu_positive_058,val,1,airplane,141,333,209,393,4080,906,821,rgb,,75,2.987,False,0.725
nwpu_positive_058_001,nwpu_positive_058,val,1,airplane,228,350,297,409,4071,906,821,rgb,,76,2.947,False,0.705
nwpu_positive_058_002,nwpu_positive_058,val,1,airplane,77,461,150,528,4891,906,821,rgb,,80,2.8,False,0.764
nwpu_positive_058_003,nwpu_positive_058,val,1,airplane,168,477,242,545,5032,906,821,rgb,,81,2.765,False,0.767
nwpu_positive_058_004,nwpu_positive_058,val,1,airplane,20,557,90,616,4130,906,821,rgb,,77,2.909,False,0.697
nwpu_positive_058_005,nwpu_positive_058,val,1,airplane,343,511,416,578,4891,906,821,rgb,,80,2.8,False,0.764
nwpu_positive_058_006,nwpu_positive_058,val,1,airplane,361,622,414,711,4717,906,821,rgb,,98,2.286,False,0.491
nwpu_positive_058_007,nwpu_positive_058,val,1,airplane,435,636,488,722,4558,906,821,rgb,,95,2.358,False,0.505
nwpu_positive_058_008,nwpu_positive_058,val,1,airplane,528,653,573,718,2925,906,821,rgb,,72,3.111,False,0.564
nwpu_positive_058_009,nwpu_positive_058,val,1,airplane,597,428,642,485,2565,906,821,rgb,,63,3.556,False,0.646
nwpu_positive_058_010,nwpu_positive_058,val,1,airplane,662,437,701,491,2106,906,821,rgb,,59,3.797,False,0.605
nwpu_positive_058_011,nwpu_positive_058,val,1,airplane,824,565,900,629,4864,906,821,rgb,,84,2.667,False,0.689
nwpu_positive_059_000,nwpu_positive_059,train,1,airplane,66,300,154,380,7040,904,771,rgb,,97,2.309,False,0.748
nwpu_positive_059_001,nwpu_positive_059,train,1,airplane,436,302,474,345,1634,904,771,rgb,,47,4.766,False,0.74
nwpu_positive_059_002,nwpu_positive_059,train,1,airplane,550,142,589,198,2184,904,771,rgb,,62,3.613,False,0.568
nwpu_positive_059_003,nwpu_positive_059,train,1,airplane,529,229,567,273,1672,904,771,rgb,,48,4.667,False,0.726
nwpu_positive_059_004,nwpu_positive_059,train,1,airplane,570,238,608,280,1596,904,771,rgb,,46,4.87,False,0.754
nwpu_positive_059_005,nwpu_positive_059,train,1,airplane,782,445,865,526,6723,904,771,rgb,,91,2.462,False,0.812
nwpu_positive_059_006,nwpu_positive_059,train,1,airplane,759,559,845,631,6192,904,771,rgb,,95,2.358,False,0.686
nwpu_positive_059_007,nwpu_positive_059,train,1,airplane,757,626,829,694,4896,904,771,rgb,,79,2.835,False,0.784
nwpu_positive_060_000,nwpu_positive_060,val,1,airplane,83,632,176,708,7068,943,823,rgb,,102,2.196,False,0.679
nwpu_positive_060_001,nwpu_positive_060,val,1,airplane,527,66,595,115,3332,943,823,rgb,,75,2.987,False,0.592
nwpu_positive_061_000,nwpu_positive_061,train,1,airplane,764,206,821,254,2736,966,769,rgb,,63,3.556,False,0.689
nwpu_positive_061_001,nwpu_positive_061,train,1,airplane,712,288,820,379,9828,966,769,rgb,,119,1.882,False,0.694
nwpu_positive_061_002,nwpu_positive_061,train,1,airplane,667,387,748,455,5508,966,769,rgb,,89,2.517,False,0.695
nwpu_positive_061_003,nwpu_positive_061,train,1,airplane,575,581,657,655,6068,966,769,rgb,,90,2.489,False,0.749
nwpu_positive_062_000,nwpu_positive_062,train,1,airplane,357,521,433,590,5244,939,805,rgb,,84,2.667,False,0.743
nwpu_positive_062_001,nwpu_positive_062,train,1,airplane,846,394,938,503,10028,939,805,rgb,,120,1.867,False,0.696
nwpu_positive_063_000,nwpu_positive_063,train,1,airplane,219,349,323,436,9048,968,723,rgb,,114,1.965,False,0.696
nwpu_positive_063_001,nwpu_positive_063,train,1,airplane,91,537,197,625,9328,968,723,rgb,,117,1.915,False,0.681
nwpu_positive_063_002,nwpu_positive_063,train,1,airplane,521,440,588,524,5628,968,723,rgb,,92,2.435,False,0.665
nwpu_positive_063_003,nwpu_positive_063,train,1,airplane,718,117,758,165,1920,968,723,rgb,,53,4.226,False,0.684
nwpu_positive_063_004,nwpu_positive_063,train,1,airplane,798,516,883,623,9095,968,723,rgb,,118,1.898,False,0.653
nwpu_positive_064_000,nwpu_positive_064,train,1,airplane,199,452,251,500,2496,973,767,rgb,,57,3.93,False,0.768
nwpu_positive_064_001,nwpu_positive_064,train,1,airplane,396,93,430,125,1088,973,767,rgb,,37,6.054,True,0.795
nwpu_positive_065_000,nwpu_positive_065,train,1,airplane,362,191,419,253,3534,977,758,rgb,,68,3.294,False,0.764
nwpu_positive_065_001,nwpu_positive_065,train,1,airplane,437,253,465,289,1008,977,758,rgb,,40,5.6,False,0.63
nwpu_positive_065_002,nwpu_positive_065,train,1,airplane,250,544,285,580,1260,977,758,rgb,,40,5.6,False,0.787
nwpu_positive_065_003,nwpu_positive_065,train,1,airplane,192,599,263,665,4686,977,758,rgb,,78,2.872,False,0.77
nwpu_positive_065_004,nwpu_positive_065,train,1,airplane,141,660,194,711,2703,977,758,rgb,,58,3.862,False,0.804
nwpu_positive_066_000,nwpu_positive_066,train,1,airplane,263,390,352,498,9612,973,760,rgb,,119,1.882,False,0.679
nwpu_positive_066_001,nwpu_positive_066,train,1,airplane,371,433,445,526,6882,973,760,rgb,,102,2.196,False,0.661
nwpu_positive_066_002,nwpu_positive_066,train,1,airplane,496,371,587,471,9100,973,760,rgb,,110,2.036,False,0.752
nwpu_positive_066_003,nwpu_positive_066,train,1,airplane,695,512,791,629,11232,973,760,rgb,,129,1.736,False,0.675
nwpu_positive_067_000,nwpu_positive_067,train,1,airplane,207,676,293,757,6966,981,765,rgb,,95,2.358,False,0.772
nwpu_positive_067_001,nwpu_positive_067,train,3,storage_tank,486,98,533,145,2209,981,765,rgb,,52,4.308,False,0.817
nwpu_positive_067_002,nwpu_positive_067,train,3,storage_tank,509,153,556,202,2303,981,765,rgb,,54,4.148,False,0.79
nwpu_positive_067_003,nwpu_positive_067,train,3,storage_tank,541,74,590,122,2352,981,765,rgb,,54,4.148,False,0.807
nwpu_positive_067_004,nwpu_positive_067,train,3,storage_tank,566,128,613,179,2397,981,765,rgb,,56,4.0,False,0.764
nwpu_positive_067_005,nwpu_positive_067,train,3,storage_tank,602,53,645,97,1892,981,765,rgb,,48,4.667,False,0.821
nwpu_positive_067_006,nwpu_positive_067,train,3,storage_tank,626,109,671,154,2025,981,765,rgb,,50,4.48,False,0.81
nwpu_positive_067_007,nwpu_positive_067,train,3,storage_tank,658,30,704,74,2024,981,765,rgb,,51,4.392,False,0.778
nwpu_positive_067_008,nwpu_positive_067,train,3,storage_tank,681,84,727,132,2208,981,765,rgb,,53,4.226,False,0.786
nwpu_positive_068_000,nwpu_positive_068,train,1,airplane,222,363,274,421,3016,986,773,rgb,,64,3.5,False,0.736
nwpu_positive_068_001,nwpu_positive_068,train,1,airplane,362,272,410,314,2016,986,773,rgb,,53,4.226,False,0.718
nwpu_positive_068_002,nwpu_positive_068,train,1,airplane,498,170,559,231,3721,986,773,rgb,,67,3.343,False,0.829
nwpu_positive_068_003,nwpu_positive_068,train,1,airplane,466,479,495,511,928,986,773,rgb,,35,6.4,True,0.758
nwpu_positive_068_004,nwpu_positive_068,train,1,airplane,539,673,592,734,3233,986,773,rgb,,67,3.343,False,0.72
nwpu_positive_068_005,nwpu_positive_068,train,1,airplane,768,237,809,282,1845,986,773,rgb,,50,4.48,False,0.738
nwpu_positive_068_006,nwpu_positive_068,train,1,airplane,787,296,831,340,1936,986,773,rgb,,48,4.667,False,0.84
nwpu_positive_070_000,nwpu_positive_070,train,1,airplane,377,40,409,73,1056,977,772,rgb,,36,6.222,True,0.815
nwpu_positive_070_001,nwpu_positive_070,train,1,airplane,60,144,95,181,1295,977,772,rgb,,41,5.463,False,0.77
nwpu_positive_070_002,nwpu_positive_070,train,1,airplane,98,178,172,241,4662,977,772,rgb,,81,2.765,False,0.711
nwpu_positive_070_003,nwpu_positive_070,train,1,airplane,142,249,199,298,2793,977,772,rgb,,63,3.556,False,0.704
nwpu_positive_070_004,nwpu_positive_070,train,1,airplane,232,367,288,416,2744,977,772,rgb,,62,3.613,False,0.714
nwpu_positive_070_005,nwpu_positive_070,train,1,airplane,381,553,461,633,6400,977,772,rgb,,88,2.545,False,0.826
nwpu_positive_070_006,nwpu_positive_070,train,1,airplane,444,660,484,705,1800,977,772,rgb,,50,4.48,False,0.72
nwpu_positive_071_000,nwpu_positive_071,train,1,airplane,40,82,102,134,3224,978,748,rgb,,68,3.294,False,0.697
nwpu_positive_071_001,nwpu_positive_071,train,1,airplane,74,134,147,194,4380,978,748,rgb,,80,2.8,False,0.684
nwpu_positive_071_002,nwpu_positive_071,train,1,airplane,170,253,221,303,2550,978,748,rgb,,56,4.0,False,0.813
nwpu_positive_071_003,nwpu_positive_071,train,1,airplane,211,308,276,368,3900,978,748,rgb,,72,3.111,False,0.752
nwpu_positive_071_004,nwpu_positive_071,train,1,airplane,382,227,416,262,1190,978,748,rgb,,38,5.895,False,0.824
nwpu_positive_071_005,nwpu_positive_071,train,1,airplane,430,290,468,323,1254,978,748,rgb,,42,5.333,False,0.711
nwpu_positive_071_006,nwpu_positive_071,train,1,airplane,409,540,449,590,2000,978,748,rgb,,55,4.073,False,0.661
nwpu_positive_071_007,nwpu_positive_071,train,1,airplane,486,510,526,551,1640,978,748,rgb,,45,4.978,False,0.81
nwpu_positive_071_008,nwpu_positive_071,train,1,airplane,555,421,603,483,2976,978,748,rgb,,68,3.294,False,0.644
nwpu_positive_071_009,nwpu_positive_071,train,1,airplane,632,633,687,699,3630,978,748,rgb,,73,3.068,False,0.681
nwpu_positive_071_010,nwpu_positive_071,train,1,airplane,691,584,745,649,3510,978,748,rgb,,72,3.111,False,0.677
nwpu_positive_072_000,nwpu_positive_072,train,1,airplane,425,173,470,222,2205,974,763,rgb,,54,4.148,False,0.756
nwpu_positive_072_001,nwpu_positive_072,train,1,airplane,405,392,452,447,2585,974,763,rgb,,61,3.672,False,0.695
nwpu_positive_072_002,nwpu_positive_072,train,1,airplane,560,465,606,528,2898,974,763,rgb,,69,3.246,False,0.609
nwpu_positive_073_000,nwpu_positive_073,train,1,airplane,158,371,209,436,3315,979,751,rgb,,72,3.111,False,0.639
nwpu_positive_074_000,nwpu_positive_074,train,1,airplane,348,311,393,359,2160,975,773,rgb,,53,4.226,False,0.769
nwpu_positive_074_001,nwpu_positive_074,train,1,airplane,634,412,679,467,2475,975,773,rgb,,61,3.672,False,0.665
nwpu_positive_074_002,nwpu_positive_074,train,1,airplane,615,636,660,678,1890,975,773,rgb,,50,4.48,False,0.756
nwpu_positive_075_000,nwpu_positive_075,val,1,airplane,159,315,234,387,5400,971,746,rgb,,82,2.732,False,0.803
nwpu_positive_075_001,nwpu_positive_075,val,1,airplane,486,435,533,479,2068,971,746,rgb,,52,4.308,False,0.765
nwpu_positive_075_002,nwpu_positive_075,val,1,airplane,726,435,803,508,5621,971,746,rgb,,85,2.635,False,0.778
nwpu_positive_075_003,nwpu_positive_075,val,1,airplane,791,512,878,595,7221,971,746,rgb,,96,2.333,False,0.784
nwpu_positive_077_000,nwpu_positive_077,train,1,airplane,369,518,401,552,1088,971,749,rgb,,37,6.054,True,0.795
nwpu_positive_077_001,nwpu_positive_077,train,1,airplane,401,396,457,447,2856,971,749,rgb,,62,3.613,False,0.743
nwpu_positive_077_002,nwpu_positive_077,train,1,airplane,678,75,719,117,1722,971,749,rgb,,46,4.87,False,0.814
nwpu_positive_077_003,nwpu_positive_077,train,1,airplane,691,309,729,352,1634,971,749,rgb,,47,4.766,False,0.74
nwpu_positive_077_004,nwpu_positive_077,train,1,airplane,745,291,789,336,1980,971,749,rgb,,50,4.48,False,0.792
nwpu_positive_077_005,nwpu_positive_077,train,1,airplane,800,277,843,322,1935,971,749,rgb,,50,4.48,False,0.774
nwpu_positive_078_000,nwpu_positive_078,train,1,airplane,304,66,385,151,6885,969,741,rgb,,94,2.383,False,0.779
nwpu_positive_078_001,nwpu_positive_078,train,1,airplane,402,45,455,100,2915,969,741,rgb,,61,3.672,False,0.783
nwpu_positive_078_002,nwpu_positive_078,train,1,airplane,313,488,370,537,2793,969,741,rgb,,63,3.556,False,0.704
nwpu_positive_078_003,nwpu_positive_078,train,1,airplane,417,542,470,599,3021,969,741,rgb,,63,3.556,False,0.761
nwpu_positive_079_000,nwpu_positive_079,train,1,airplane,164,95,240,168,5548,881,661,rgb,,84,2.667,False,0.786
nwpu_positive_079_001,nwpu_positive_079,train,1,airplane,512,474,578,567,6138,881,661,rgb,,102,2.196,False,0.59
nwpu_positive_080_000,nwpu_positive_080,train,1,airplane,236,116,312,188,5472,1003,594,rgb,,84,2.667,False,0.776
nwpu_positive_080_001,nwpu_positive_080,train,1,airplane,452,290,544,366,6992,1003,594,rgb,,101,2.218,False,0.685
nwpu_positive_080_002,nwpu_positive_080,train,1,airplane,517,370,588,437,4757,1003,594,rgb,,78,2.872,False,0.782
nwpu_positive_081_000,nwpu_positive_081,val,4,baseball_diamond,827,204,906,289,6715,1075,704,rgb,,94,2.383,False,0.76
nwpu_positive_081_001,nwpu_positive_081,val,4,baseball_diamond,811,482,892,568,6966,1075,704,rgb,,95,2.358,False,0.772
nwpu_positive_081_002,nwpu_positive_081,val,4,baseball_diamond,254,386,321,461,5025,1075,704,rgb,,82,2.732,False,0.747
nwpu_positive_081_003,nwpu_positive_081,val,5,tennis_court,640,51,677,110,2183,1075,704,rgb,,65,3.446,False,0.517
nwpu_positive_081_004,nwpu_positive_081,val,5,tennis_court,644,107,680,165,2088,1075,704,rgb,,64,3.5,False,0.51
nwpu_positive_081_005,nwpu_positive_081,val,5,tennis_court,646,170,684,224,2052,1075,704,rgb,,59,3.797,False,0.589
nwpu_positive_081_006,nwpu_positive_081,val,5,tennis_court,650,225,682,281,1792,1075,704,rgb,,62,3.613,False,0.466
nwpu_positive_081_007,nwpu_positive_081,val,5,tennis_court,653,282,688,334,1820,1075,704,rgb,,57,3.93,False,0.56
nwpu_positive_081_008,nwpu_positive_081,val,5,tennis_court,657,338,688,393,1705,1075,704,rgb,,61,3.672,False,0.458
nwpu_positive_082_000,nwpu_positive_082,train,4,baseball_diamond,864,118,924,185,4020,1054,693,rgb,,74,3.027,False,0.734
nwpu_positive_082_001,nwpu_positive_082,train,4,baseball_diamond,825,495,906,583,7128,1054,693,rgb,,97,2.309,False,0.758
nwpu_positive_083_000,nwpu_positive_083,train,4,baseball_diamond,423,192,523,298,10600,1051,705,rgb,,117,1.915,False,0.774
nwpu_positive_083_001,nwpu_positive_083,train,4,baseball_diamond,674,195,742,264,4692,1051,705,rgb,,76,2.947,False,0.812
nwpu_positive_083_002,nwpu_positive_083,train,4,baseball_diamond,528,438,599,505,4757,1051,705,rgb,,78,2.872,False,0.782
nwpu_positive_083_003,nwpu_positive_083,train,4,baseball_diamond,271,433,367,533,9600,1051,705,rgb,,110,2.036,False,0.793
nwpu_positive_084_000,nwpu_positive_084,train,4,baseball_diamond,583,233,687,343,11440,1073,704,rgb,,121,1.851,False,0.781
nwpu_positive_084_001,nwpu_positive_084,train,5,tennis_court,490,395,585,481,8170,1073,704,rgb,,105,2.133,False,0.741
nwpu_positive_084_002,nwpu_positive_084,train,6,basketball_court,471,446,574,528,8446,1073,704,rgb,,113,1.982,False,0.661
nwpu_positive_085_000,nwpu_positive_085,train,4,baseball_diamond,347,193,429,277,6888,1070,700,rgb,,92,2.435,False,0.814
nwpu_positive_085_001,nwpu_positive_085,train,4,baseball_diamond,486,187,587,292,10605,1070,700,rgb,,116,1.931,False,0.788
nwpu_positive_085_002,nwpu_positive_085,train,5,tennis_court,467,493,496,553,1740,1070,700,rgb,,66,3.394,False,0.399
nwpu_positive_085_003,nwpu_positive_085,train,5,tennis_court,497,494,528,549,1705,1070,700,rgb,,61,3.672,False,0.458
nwpu_positive_085_004,nwpu_positive_085,train,6,basketball_court,426,489,464,557,2584,1070,700,rgb,,75,2.987,False,0.459
nwpu_positive_087_000,nwpu_positive_087,train,4,baseball_diamond,478,201,547,257,3864,955,587,rgb,,76,2.947,False,0.669
nwpu_positive_087_001,nwpu_positive_087,train,4,baseball_diamond,581,276,645,333,3648,955,587,rgb,,70,3.2,False,0.744
nwpu_positive_087_002,nwpu_positive_087,train,4,baseball_diamond,714,332,782,392,4080,955,587,rgb,,75,2.987,False,0.725
nwpu_positive_087_003,nwpu_positive_087,train,4,baseball_diamond,481,392,585,488,9984,955,587,rgb,,114,1.965,False,0.768
nwpu_positive_088_000,nwpu_positive_088,train,4,baseball_diamond,504,19,569,63,2860,1156,607,rgb,,72,3.111,False,0.552
nwpu_positive_088_001,nwpu_positive_088,train,4,baseball_diamond,602,106,670,158,3536,1156,607,rgb,,75,2.987,False,0.629
nwpu_positive_088_002,nwpu_positive_088,train,4,baseball_diamond,568,505,648,576,5680,1156,607,rgb,,88,2.545,False,0.733
nwpu_positive_089_000,nwpu_positive_089,train,4,baseball_diamond,494,274,565,356,5822,1082,706,rgb,,90,2.489,False,0.719
nwpu_positive_090_000,nwpu_positive_090,train,4,baseball_diamond,773,73,864,175,9282,1072,702,rgb,,112,2.0,False,0.74
nwpu_positive_090_001,nwpu_positive_090,train,4,baseball_diamond,884,164,983,262,9702,1072,702,rgb,,109,2.055,False,0.817
nwpu_positive_091_000,nwpu_positive_091,train,4,baseball_diamond,490,214,605,329,13225,1029,698,rgb,,127,1.764,False,0.82
nwpu_positive_092_000,nwpu_positive_092,train,4,baseball_diamond,356,90,426,162,5040,1074,706,rgb,,79,2.835,False,0.808
nwpu_positive_092_001,nwpu_positive_092,train,4,baseball_diamond,262,132,333,207,5325,1074,706,rgb,,82,2.732,False,0.792
nwpu_positive_092_002,nwpu_positive_092,train,4,baseball_diamond,478,354,577,452,9702,1074,706,rgb,,109,2.055,False,0.817
nwpu_positive_092_003,nwpu_positive_092,train,4,baseball_diamond,372,412,467,511,9405,1074,706,rgb,,109,2.055,False,0.792
nwpu_positive_092_004,nwpu_positive_092,train,4,baseball_diamond,564,440,690,577,17262,1074,706,rgb,,151,1.483,False,0.757
nwpu_positive_092_005,nwpu_positive_092,train,4,baseball_diamond,425,508,550,634,15750,1074,706,rgb,,139,1.612,False,0.815
nwpu_positive_093_000,nwpu_positive_093,train,4,baseball_diamond,346,121,419,170,3577,726,538,rgb,,80,2.8,False,0.559
nwpu_positive_093_001,nwpu_positive_093,train,4,baseball_diamond,315,178,381,235,3762,726,538,rgb,,73,3.068,False,0.706
nwpu_positive_093_002,nwpu_positive_093,train,4,baseball_diamond,323,300,389,357,3762,726,538,rgb,,73,3.068,False,0.706
nwpu_positive_093_003,nwpu_positive_093,train,4,baseball_diamond,215,401,285,464,4410,726,538,rgb,,77,2.909,False,0.744
nwpu_positive_093_004,nwpu_positive_093,train,4,baseball_diamond,182,472,252,529,3990,726,538,rgb,,77,2.909,False,0.673
nwpu_positive_094_000,nwpu_positive_094,train,4,baseball_diamond,294,73,399,181,11340,1060,702,rgb,,119,1.882,False,0.801
nwpu_positive_094_001,nwpu_positive_094,train,4,baseball_diamond,271,448,379,561,12204,1060,702,rgb,,124,1.806,False,0.794
nwpu_positive_094_002,nwpu_positive_094,train,5,tennis_court,54,26,104,95,3450,1060,702,rgb,,76,2.947,False,0.597
nwpu_positive_094_003,nwpu_positive_094,train,5,tennis_court,54,100,104,173,3650,1060,702,rgb,,80,2.8,False,0.57
nwpu_positive_094_004,nwpu_positive_094,train,5,tennis_court,60,176,105,249,3285,1060,702,rgb,,80,2.8,False,0.513
nwpu_positive_094_005,nwpu_positive_094,train,5,tennis_court,65,254,109,329,3300,1060,702,rgb,,82,2.732,False,0.491
nwpu_positive_096_000,nwpu_positive_096,train,4,baseball_diamond,341,285,430,380,8455,1068,697,rgb,,105,2.133,False,0.767
nwpu_positive_096_001,nwpu_positive_096,train,4,baseball_diamond,535,417,618,503,7138,1068,697,rgb,,95,2.358,False,0.791
nwpu_positive_096_002,nwpu_positive_096,train,6,basketball_court,186,254,320,390,18224,1068,697,rgb,,150,1.493,False,0.81
nwpu_positive_097_000,nwpu_positive_097,train,4,baseball_diamond,61,255,133,330,5400,1067,682,rgb,,82,2.732,False,0.803
nwpu_positive_097_001,nwpu_positive_097,train,4,baseball_diamond,387,205,460,286,5913,1067,682,rgb,,89,2.517,False,0.746
nwpu_positive_097_002,nwpu_positive_097,train,4,baseball_diamond,327,345,399,422,5544,1067,682,rgb,,85,2.635,False,0.767
nwpu_positive_097_003,nwpu_positive_097,train,4,baseball_diamond,197,406,261,475,4416,1067,682,rgb,,76,2.947,False,0.765
nwpu_positive_097_004,nwpu_positive_097,train,4,baseball_diamond,844,315,906,381,4092,1067,682,rgb,,73,3.068,False,0.768
nwpu_positive_097_005,nwpu_positive_097,train,4,baseball_diamond,941,508,1016,585,5775,1067,682,rgb,,85,2.635,False,0.799
nwpu_positive_098_000,nwpu_positive_098,train,4,baseball_diamond,232,207,315,296,7387,1060,704,rgb,,98,2.286,False,0.769
nwpu_positive_098_001,nwpu_positive_098,train,4,baseball_diamond,589,92,673,181,7476,1060,704,rgb,,98,2.286,False,0.778
nwpu_positive_098_002,nwpu_positive_098,train,4,baseball_diamond,505,300,581,383,6308,1060,704,rgb,,91,2.462,False,0.762
nwpu_positive_098_003,nwpu_positive_098,train,4,baseball_diamond,387,449,456,520,4899,1060,704,rgb,,78,2.872,False,0.805
nwpu_positive_098_004,nwpu_positive_098,train,4,baseball_diamond,577,553,645,623,4760,1060,704,rgb,,77,2.909,False,0.803
nwpu_positive_098_005,nwpu_positive_098,train,4,baseball_diamond,769,353,846,435,6314,1060,704,rgb,,90,2.489,False,0.78
nwpu_positive_099_000,nwpu_positive_099,train,4,baseball_diamond,191,459,276,548,7565,1065,702,rgb,,98,2.286,False,0.788
nwpu_positive_099_001,nwpu_positive_099,train,4,baseball_diamond,537,317,624,406,7743,1065,702,rgb,,98,2.286,False,0.806
nwpu_positive_099_002,nwpu_positive_099,train,4,baseball_diamond,471,532,549,614,6396,1065,702,rgb,,90,2.489,False,0.79
nwpu_positive_099_003,nwpu_positive_099,train,4,baseball_diamond,740,564,817,643,6083,1065,702,rgb,,87,2.575,False,0.804
nwpu_positive_099_004,nwpu_positive_099,train,6,basketball_court,491,128,637,271,20878,1065,702,rgb,,161,1.391,False,0.805
nwpu_positive_100_000,nwpu_positive_100,val,4,baseball_diamond,327,256,429,365,11118,1078,702,rgb,,120,1.867,False,0.772
nwpu_positive_102_000,nwpu_positive_102,train,4,baseball_diamond,446,168,544,270,9996,1069,709,rgb,,112,2.0,False,0.797
nwpu_positive_102_001,nwpu_positive_102,train,4,baseball_diamond,491,415,588,515,9700,1069,709,rgb,,110,2.036,False,0.802
nwpu_positive_102_002,nwpu_positive_102,train,4,baseball_diamond,694,428,776,508,6560,1069,709,rgb,,90,2.489,False,0.81
nwpu_positive_102_003,nwpu_positive_102,train,5,tennis_court,288,133,357,202,4761,1069,709,rgb,,76,2.947,False,0.824
nwpu_positive_102_004,nwpu_positive_102,train,5,tennis_court,311,109,382,173,4544,1069,709,rgb,,78,2.872,False,0.747
nwpu_positive_102_005,nwpu_positive_102,train,5,tennis_court,334,79,403,148,4761,1069,709,rgb,,76,2.947,False,0.824
nwpu_positive_102_006,nwpu_positive_102,train,5,tennis_court,358,53,430,118,4680,1069,709,rgb,,79,2.835,False,0.75
nwpu_positive_103_000,nwpu_positive_103,val,4,baseball_diamond,96,321,211,400,9085,878,473,rgb,,127,1.764,False,0.563
nwpu_positive_103_001,nwpu_positive_103,val,4,baseball_diamond,349,225,467,302,9086,878,473,rgb,,130,1.723,False,0.538
nwpu_positive_103_002,nwpu_positive_103,val,4,baseball_diamond,594,337,667,386,3577,878,473,rgb,,80,2.8,False,0.559
nwpu_positive_104_000,nwpu_positive_104,train,4,baseball_diamond,49,37,110,98,3721,1068,712,rgb,,67,3.343,False,0.829
nwpu_positive_104_001,nwpu_positive_104,train,4,baseball_diamond,165,82,238,162,5840,1068,712,rgb,,88,2.545,False,0.754
nwpu_positive_104_002,nwpu_positive_104,train,4,baseball_diamond,587,409,651,471,3968,1068,712,rgb,,70,3.2,False,0.81
nwpu_positive_104_003,nwpu_positive_104,train,4,baseball_diamond,716,481,765,530,2401,1068,712,rgb,,54,4.148,False,0.823
nwpu_positive_104_004,nwpu_positive_104,train,4,baseball_diamond,622,599,686,665,4224,1068,712,rgb,,73,3.068,False,0.793
nwpu_positive_104_005,nwpu_positive_104,train,4,baseball_diamond,923,44,1013,130,7740,1068,712,rgb,,99,2.263,False,0.79
nwpu_positive_105_000,nwpu_positive_105,train,4,baseball_diamond,771,86,881,209,13530,1063,692,rgb,,135,1.659,False,0.742
nwpu_positive_105_001,nwpu_positive_105,train,7,ground_track_field,482,115,781,447,99268,1063,692,rgb,,365,0.614,False,0.745
nwpu_positive_106_000,nwpu_positive_106,train,4,baseball_diamond,302,248,402,348,10000,1019,699,rgb,,110,2.036,False,0.826
nwpu_positive_107_000,nwpu_positive_107,train,4,baseball_diamond,543,148,642,258,10890,1053,696,rgb,,121,1.851,False,0.744
nwpu_positive_107_001,nwpu_positive_107,train,4,baseball_diamond,488,383,587,493,10890,1053,696,rgb,,121,1.851,False,0.744
nwpu_positive_108_000,nwpu_positive_108,train,4,baseball_diamond,161,100,259,197,9506,1063,708,rgb,,108,2.074,False,0.815
nwpu_positive_108_001,nwpu_positive_108,train,4,baseball_diamond,737,144,830,236,8556,1063,708,rgb,,102,2.196,False,0.822
nwpu_positive_108_002,nwpu_positive_108,train,4,baseball_diamond,490,273,586,365,8832,1063,708,rgb,,106,2.113,False,0.786
nwpu_positive_108_003,nwpu_positive_108,train,4,baseball_diamond,299,455,394,548,8835,1063,708,rgb,,105,2.133,False,0.801
nwpu_positive_109_000,nwpu_positive_109,train,4,baseball_diamond,426,315,535,422,11663,1061,697,rgb,,120,1.867,False,0.81
nwpu_positive_110_000,nwpu_positive_110,train,4,baseball_diamond,442,267,572,380,14690,1058,689,rgb,,143,1.566,False,0.718
nwpu_positive_111_000,nwpu_positive_111,train,4,baseball_diamond,143,184,216,264,5840,1073,705,rgb,,88,2.545,False,0.754
nwpu_positive_111_001,nwpu_positive_111,train,4,baseball_diamond,770,366,886,506,16240,1073,705,rgb,,154,1.455,False,0.685
nwpu_positive_112_000,nwpu_positive_112,val,4,baseball_diamond,512,56,566,108,2808,1058,695,rgb,,59,3.797,False,0.807
nwpu_positive_112_001,nwpu_positive_112,val,4,baseball_diamond,365,124,437,196,5184,1058,695,rgb,,79,2.835,False,0.831
nwpu_positive_112_002,nwpu_positive_112,val,4,baseball_diamond,490,172,550,235,3780,1058,695,rgb,,69,3.246,False,0.794
nwpu_positive_112_003,nwpu_positive_112,val,4,baseball_diamond,510,248,582,317,4968,1058,695,rgb,,79,2.835,False,0.796
nwpu_positive_112_004,nwpu_positive_112,val,4,baseball_diamond,378,269,444,330,4026,1058,695,rgb,,73,3.068,False,0.755
nwpu_positive_112_005,nwpu_positive_112,val,4,baseball_diamond,478,334,535,391,3249,1058,695,rgb,,63,3.556,False,0.819
nwpu_positive_112_006,nwpu_positive_112,val,4,baseball_diamond,676,31,774,139,10584,1058,695,rgb,,119,1.882,False,0.747
nwpu_positive_112_007,nwpu_positive_112,val,4,baseball_diamond,730,107,830,206,9900,1058,695,rgb,,110,2.036,False,0.818
nwpu_positive_114_000,nwpu_positive_114,val,4,baseball_diamond,154,189,244,255,5940,878,584,rgb,,99,2.263,False,0.606
nwpu_positive_114_001,nwpu_positive_114,val,4,baseball_diamond,289,128,415,216,11088,878,584,rgb,,139,1.612,False,0.574
nwpu_positive_114_002,nwpu_positive_114,val,4,baseball_diamond,400,214,482,295,6642,878,584,rgb,,90,2.489,False,0.82
nwpu_positive_114_003,nwpu_positive_114,val,4,baseball_diamond,324,330,420,399,6624,878,584,rgb,,106,2.113,False,0.59
nwpu_positive_114_004,nwpu_positive_114,val,4,baseball_diamond,159,332,265,432,10600,878,584,rgb,,117,1.915,False,0.774
nwpu_positive_115_000,nwpu_positive_115,train,4,baseball_diamond,530,252,632,370,12036,1077,708,rgb,,130,1.723,False,0.712
nwpu_positive_116_000,nwpu_positive_116,train,4,baseball_diamond,509,173,606,273,9700,1071,701,rgb,,110,2.036,False,0.802
nwpu_positive_116_001,nwpu_positive_116,train,4,baseball_diamond,670,266,757,359,8091,1071,701,rgb,,102,2.196,False,0.778
nwpu_positive_117_000,nwpu_positive_117,val,4,baseball_diamond,313,165,417,235,7280,982,606,rgb,,114,1.965,False,0.56
nwpu_positive_117_001,nwpu_positive_117,val,4,baseball_diamond,465,179,532,229,3350,982,606,rgb,,74,3.027,False,0.612
nwpu_positive_117_002,nwpu_positive_117,val,4,baseball_diamond,467,278,534,331,3551,982,606,rgb,,74,3.027,False,0.648
nwpu_positive_117_003,nwpu_positive_117,val,4,baseball_diamond,355,288,412,330,2394,982,606,rgb,,63,3.556,False,0.603
nwpu_positive_118_000,nwpu_positive_118,val,4,baseball_diamond,486,142,583,242,9700,1061,698,rgb,,110,2.036,False,0.802
nwpu_positive_119_000,nwpu_positive_119,train,4,baseball_diamond,529,154,628,260,10494,1061,687,rgb,,117,1.915,False,0.767
nwpu_positive_119_001,nwpu_positive_119,train,4,baseball_diamond,309,246,402,353,9951,1061,687,rgb,,118,1.898,False,0.715
nwpu_positive_119_002,nwpu_positive_119,train,5,tennis_court,710,274,777,374,6700,1061,687,rgb,,110,2.036,False,0.554
nwpu_positive_119_003,nwpu_positive_119,train,5,tennis_court,758,297,821,391,5922,1061,687,rgb,,103,2.175,False,0.558
nwpu_positive_119_004,nwpu_positive_119,train,6,basketball_court,344,46,461,102,6552,1061,687,rgb,,129,1.736,False,0.394
nwpu_positive_121_000,nwpu_positive_121,train,4,baseball_diamond,383,203,480,317,11058,1062,707,rgb,,125,1.792,False,0.708
nwpu_positive_121_001,nwpu_positive_121,train,6,basketball_court,410,113,494,177,5376,1062,707,rgb,,92,2.435,False,0.635
nwpu_positive_123_000,nwpu_positive_123,train,7,ground_track_field,80,38,312,403,84680,774,523,rgb,,402,0.557,False,0.524
nwpu_positive_123_001,nwpu_positive_123,train,4,baseball_diamond,397,188,467,256,4760,774,523,rgb,,77,2.909,False,0.803
nwpu_positive_125_000,nwpu_positive_125,train,4,baseball_diamond,286,180,390,292,11648,1058,702,rgb,,123,1.821,False,0.77
nwpu_positive_125_001,nwpu_positive_125,train,4,baseball_diamond,511,332,617,438,11236,1058,702,rgb,,117,1.915,False,0.821
nwpu_positive_126_000,nwpu_positive_126,train,4,baseball_diamond,426,167,525,277,10890,1029,689,rgb,,121,1.851,False,0.744
nwpu_positive_128_000,nwpu_positive_128,train,4,baseball_diamond,296,289,387,386,8827,1069,706,rgb,,107,2.093,False,0.771
nwpu_positive_129_000,nwpu_positive_129,train,4,baseball_diamond,577,121,660,204,6889,1061,705,rgb,,91,2.462,False,0.832
nwpu_positive_129_001,nwpu_positive_129,train,4,baseball_diamond,782,169,874,270,9292,1061,705,rgb,,111,2.018,False,0.754
nwpu_positive_130_000,nwpu_positive_130,train,4,baseball_diamond,719,363,790,437,5254,1056,697,rgb,,81,2.765,False,0.801
nwpu_positive_131_000,nwpu_positive_131,train,4,baseball_diamond,373,548,472,651,10197,1064,711,rgb,,113,1.982,False,0.799
nwpu_positive_132_000,nwpu_positive_132,train,4,baseball_diamond,210,538,312,649,11322,1070,707,rgb,,122,1.836,False,0.761
nwpu_positive_132_001,nwpu_positive_132,train,4,baseball_diamond,534,550,601,619,4623,1070,707,rgb,,76,2.947,False,0.8
nwpu_positive_132_002,nwpu_positive_132,train,4,baseball_diamond,720,111,821,230,12019,1070,707,rgb,,131,1.71,False,0.7
nwpu_positive_132_003,nwpu_positive_132,train,7,ground_track_field,97,247,467,439,71040,1070,707,rgb,,407,0.55,False,0.429
nwpu_positive_133_000,nwpu_positive_133,train,6,basketball_court,259,248,423,350,16728,885,596,rgb,,180,1.244,False,0.516
nwpu_positive_133_001,nwpu_positive_133,train,6,basketball_court,433,233,536,381,15244,885,596,rgb,,163,1.374,False,0.574
nwpu_positive_133_002,nwpu_positive_133,train,10,vehicle,567,512,614,540,1316,885,596,rgb,,52,4.308,False,0.487
nwpu_positive_133_003,nwpu_positive_133,train,10,vehicle,693,498,747,523,1350,885,596,rgb,,59,3.797,False,0.388
nwpu_positive_134_000,nwpu_positive_134,train,6,basketball_court,21,173,117,298,12000,819,498,rgb,,138,1.623,False,0.63
nwpu_positive_134_001,nwpu_positive_134,train,6,basketball_court,130,183,223,297,10602,819,498,rgb,,125,1.792,False,0.679
nwpu_positive_136_000,nwpu_positive_136,train,6,basketball_court,409,167,584,252,14875,921,383,rgb,,193,1.161,False,0.399
nwpu_positive_136_001,nwpu_positive_136,train,6,basketball_court,396,276,586,364,16720,921,383,rgb,,209,1.072,False,0.383
nwpu_positive_137_000,nwpu_positive_137,train,6,basketball_court,19,206,154,360,20790,898,599,rgb,,169,1.325,False,0.728
nwpu_positive_137_001,nwpu_positive_137,train,6,basketball_court,147,185,278,346,21091,898,599,rgb,,177,1.266,False,0.673
nwpu_positive_138_000,nwpu_positive_138,train,6,basketball_court,219,190,418,388,39402,933,569,rgb,,219,1.023,False,0.822
nwpu_positive_138_001,nwpu_positive_138,train,6,basketball_court,329,227,536,439,43884,933,569,rgb,,233,0.961,False,0.808
nwpu_positive_140_000,nwpu_positive_140,train,5,tennis_court,288,83,401,126,4859,680,380,rgb,,124,1.806,False,0.316
nwpu_positive_140_001,nwpu_positive_140,train,5,tennis_court,291,132,405,179,5358,680,380,rgb,,125,1.792,False,0.343
nwpu_positive_140_002,nwpu_positive_140,train,6,basketball_court,106,86,183,189,7931,680,380,rgb,,113,1.982,False,0.621
nwpu_positive_140_003,nwpu_positive_140,train,6,basketball_court,180,84,258,186,7956,680,380,rgb,,112,2.0,False,0.634
nwpu_positive_141_000,nwpu_positive_141,train,6,basketball_court,564,257,657,350,8649,1013,590,rgb,,102,2.196,False,0.831
nwpu_positive_142_000,nwpu_positive_142,val,6,basketball_court,103,232,242,324,12788,793,461,rgb,,153,1.464,False,0.546
nwpu_positive_142_001,nwpu_positive_142,val,6,basketball_court,75,300,207,394,12408,793,461,rgb,,145,1.545,False,0.59
nwpu_positive_142_002,nwpu_positive_142,val,5,tennis_court,151,133,218,216,5561,793,461,rgb,,91,2.462,False,0.672
nwpu_positive_142_003,nwpu_positive_142,val,5,tennis_court,212,144,271,230,5074,793,461,rgb,,95,2.358,False,0.562
nwpu_positive_143_000,nwpu_positive_143,train,6,basketball_court,263,387,358,444,5415,795,510,rgb,,105,2.133,False,0.491
nwpu_positive_144_000,nwpu_positive_144,train,6,basketball_court,321,225,431,278,5830,708,498,rgb,,121,1.851,False,0.398
nwpu_positive_145_000,nwpu_positive_145,val,6,basketball_court,551,194,665,271,8778,726,590,rgb,,125,1.792,False,0.562
nwpu_positive_145_001,nwpu_positive_145,val,6,basketball_court,528,242,645,323,9477,726,590,rgb,,129,1.736,False,0.569
nwpu_positive_145_002,nwpu_positive_145,val,5,tennis_court,491,306,553,397,5642,726,590,rgb,,100,2.24,False,0.564
nwpu_positive_145_003,nwpu_positive_145,val,5,tennis_court,549,326,612,417,5733,726,590,rgb,,100,2.24,False,0.573
nwpu_positive_145_004,nwpu_positive_145,val,5,tennis_court,433,418,509,510,6992,726,590,rgb,,101,2.218,False,0.685
nwpu_positive_145_005,nwpu_positive_145,val,5,tennis_court,494,439,569,534,7125,726,590,rgb,,105,2.133,False,0.646
nwpu_positive_146_000,nwpu_positive_146,train,6,basketball_court,231,444,296,552,7020,657,627,rgb,,119,1.882,False,0.496
nwpu_positive_146_001,nwpu_positive_146,train,6,basketball_court,301,442,367,548,6996,657,627,rgb,,117,1.915,False,0.511
nwpu_positive_146_002,nwpu_positive_146,train,5,tennis_court,118,255,212,288,3102,657,627,rgb,,103,2.175,False,0.292
nwpu_positive_146_003,nwpu_positive_146,train,5,tennis_court,109,216,200,245,2639,657,627,rgb,,100,2.24,False,0.264
nwpu_positive_146_004,nwpu_positive_146,train,5,tennis_court,99,179,189,209,2700,657,627,rgb,,99,2.263,False,0.275
nwpu_positive_146_005,nwpu_positive_146,train,5,tennis_court,92,143,178,172,2494,657,627,rgb,,95,2.358,False,0.276
nwpu_positive_146_006,nwpu_positive_146,train,5,tennis_court,82,111,169,140,2523,657,627,rgb,,96,2.333,False,0.274
nwpu_positive_146_007,nwpu_positive_146,train,5,tennis_court,78,77,158,106,2320,657,627,rgb,,88,2.545,False,0.3
nwpu_positive_146_008,nwpu_positive_146,train,4,baseball_diamond,379,1,552,107,18338,657,627,rgb,,190,1.179,False,0.508
nwpu_positive_148_000,nwpu_positive_148,train,6,basketball_court,419,319,528,446,13843,981,613,rgb,,140,1.6,False,0.706
nwpu_positive_148_001,nwpu_positive_148,train,5,tennis_court,199,348,275,467,9044,981,613,rgb,,131,1.71,False,0.527
nwpu_positive_148_002,nwpu_positive_148,train,5,tennis_court,287,349,362,470,9075,981,613,rgb,,133,1.684,False,0.513
nwpu_positive_149_000,nwpu_positive_149,train,6,basketball_court,177,110,267,214,9360,835,549,rgb,,114,1.965,False,0.72
nwpu_positive_149_001,nwpu_positive_149,train,5,tennis_court,538,316,621,439,10209,835,549,rgb,,135,1.659,False,0.56
nwpu_positive_149_002,nwpu_positive_149,train,5,tennis_court,619,317,707,438,10648,835,549,rgb,,133,1.684,False,0.602
nwpu_positive_150_000,nwpu_positive_150,train,6,basketball_court,152,394,233,502,8748,853,546,rgb,,119,1.882,False,0.618
nwpu_positive_150_001,nwpu_positive_150,train,6,basketball_court,221,401,299,504,8034,853,546,rgb,,113,1.982,False,0.629
nwpu_positive_151_000,nwpu_positive_151,train,6,basketball_court,162,222,281,319,11543,945,528,rgb,,131,1.71,False,0.673
nwpu_positive_151_001,nwpu_positive_151,train,6,basketball_court,206,257,322,354,11252,945,528,rgb,,128,1.75,False,0.687
nwpu_positive_153_000,nwpu_positive_153,train,6,basketball_court,75,203,176,305,10302,690,522,rgb,,112,2.0,False,0.821
nwpu_positive_153_001,nwpu_positive_153,train,6,basketball_court,160,231,255,336,9975,690,522,rgb,,116,1.931,False,0.741
nwpu_positive_154_000,nwpu_positive_154,train,6,basketball_court,66,121,172,173,5512,659,502,rgb,,117,1.915,False,0.403
nwpu_positive_154_001,nwpu_positive_154,train,6,basketball_court,182,127,284,180,5406,659,502,rgb,,112,2.0,False,0.431
nwpu_positive_155_000,nwpu_positive_155,train,6,basketball_court,199,112,270,217,7455,890,567,rgb,,116,1.931,False,0.554
nwpu_positive_156_000,nwpu_positive_156,train,6,basketball_court,271,125,376,182,5985,663,454,rgb,,116,1.931,False,0.445
nwpu_positive_156_001,nwpu_positive_156,train,6,basketball_court,261,187,376,245,6670,663,454,rgb,,127,1.764,False,0.414
nwpu_positive_156_002,nwpu_positive_156,train,5,tennis_court,249,280,308,381,5959,663,454,rgb,,111,2.018,False,0.484
nwpu_positive_156_003,nwpu_positive_156,train,5,tennis_court,313,278,369,380,5712,663,454,rgb,,112,2.0,False,0.455
nwpu_positive_157_000,nwpu_positive_157,train,6,basketball_court,160,245,339,401,27924,894,429,rgb,,197,1.137,False,0.72
nwpu_positive_159_000,nwpu_positive_159,train,6,basketball_court,554,355,651,415,5820,828,431,rgb,,107,2.093,False,0.508
nwpu_positive_159_001,nwpu_positive_159,train,6,basketball_court,688,309,786,371,6076,828,431,rgb,,108,2.074,False,0.521
nwpu_positive_160_000,nwpu_positive_160,val,6,basketball_court,342,421,477,509,11880,833,552,rgb,,148,1.514,False,0.542
nwpu_positive_161_000,nwpu_positive_161,val,6,basketball_court,37,401,133,466,6240,759,594,rgb,,106,2.113,False,0.555
nwpu_positive_162_000,nwpu_positive_162,val,6,basketball_court,334,183,424,282,8910,865,566,rgb,,109,2.055,False,0.75
nwpu_positive_162_001,nwpu_positive_162,val,6,basketball_court,391,236,495,314,8112,865,566,rgb,,114,1.965,False,0.624
nwpu_positive_163_000,nwpu_positive_163,val,6,basketball_court,304,142,423,205,7497,916,547,rgb,,131,1.71,False,0.437
nwpu_positive_163_001,nwpu_positive_163,val,6,basketball_court,317,208,399,310,8364,916,547,rgb,,112,2.0,False,0.667
nwpu_positive_164_000,nwpu_positive_164,train,6,basketball_court,227,113,344,206,10881,543,430,rgb,,129,1.736,False,0.654
nwpu_positive_164_001,nwpu_positive_164,train,6,basketball_court,157,178,281,271,11532,543,430,rgb,,136,1.647,False,0.623
nwpu_positive_165_000,nwpu_positive_165,train,9,bridge,114,248,271,436,29516,1038,588,rgb,,207,1.082,False,0.689
nwpu_positive_165_001,nwpu_positive_165,train,9,bridge,423,166,578,387,34255,1038,588,rgb,,243,0.922,False,0.58
nwpu_positive_165_002,nwpu_positive_165,train,9,bridge,859,74,990,222,19388,1038,588,rgb,,163,1.374,False,0.73
nwpu_positive_166_000,nwpu_positive_166,train,9,bridge,123,305,264,390,11985,847,572,rgb,,155,1.445,False,0.499
nwpu_positive_166_001,nwpu_positive_166,train,9,bridge,198,203,296,292,8722,847,572,rgb,,108,2.074,False,0.748
nwpu_positive_166_002,nwpu_positive_166,train,9,bridge,256,49,385,166,15093,847,572,rgb,,142,1.577,False,0.749
nwpu_positive_167_000,nwpu_positive_167,val,9,bridge,272,188,426,265,11858,663,576,rgb,,169,1.325,False,0.415
nwpu_positive_168_000,nwpu_positive_168,train,9,bridge,248,145,475,258,25651,781,555,rgb,,250,0.896,False,0.41
nwpu_positive_169_000,nwpu_positive_169,train,9,bridge,353,130,509,340,32760,797,510,rgb,,231,0.97,False,0.614
nwpu_positive_170_000,nwpu_positive_170,val,9,bridge,340,186,600,312,32760,830,494,rgb,,286,0.783,False,0.401
nwpu_positive_171_000,nwpu_positive_171,val,9,bridge,294,242,597,458,65448,971,609,rgb,,333,0.673,False,0.59
nwpu_positive_172_000,nwpu_positive_172,train,9,bridge,74,311,300,490,40454,909,585,rgb,,249,0.9,False,0.652
nwpu_positive_172_001,nwpu_positive_172,train,9,bridge,202,226,388,409,34038,909,585,rgb,,205,1.093,False,0.81
nwpu_positive_172_002,nwpu_positive_172,train,9,bridge,692,140,842,195,8250,909,585,rgb,,165,1.358,False,0.303
nwpu_positive_173_000,nwpu_positive_173,train,9,bridge,89,454,243,530,11704,716,586,rgb,,169,1.325,False,0.41
nwpu_positive_173_001,nwpu_positive_173,train,9,bridge,149,318,300,375,8607,716,586,rgb,,166,1.349,False,0.312
nwpu_positive_173_002,nwpu_positive_173,train,9,bridge,212,182,348,249,9112,716,586,rgb,,150,1.493,False,0.405
nwpu_positive_173_003,nwpu_positive_173,train,9,bridge,245,105,367,167,7564,716,586,rgb,,134,1.672,False,0.421
nwpu_positive_173_004,nwpu_positive_173,train,9,bridge,263,48,385,126,9516,716,586,rgb,,134,1.672,False,0.53
nwpu_positive_174_000,nwpu_positive_174,train,9,bridge,240,154,440,247,18600,933,507,rgb,,220,1.018,False,0.384
nwpu_positive_175_000,nwpu_positive_175,train,9,bridge,182,126,462,274,41440,840,537,rgb,,308,0.727,False,0.437
nwpu_positive_176_000,nwpu_positive_176,train,9,bridge,244,136,358,340,23256,874,569,rgb,,224,1.0,False,0.463
nwpu_positive_177_000,nwpu_positive_177,train,9,bridge,87,219,308,421,44642,966,593,rgb,,243,0.922,False,0.756
nwpu_positive_177_001,nwpu_positive_177,train,9,bridge,365,251,681,507,80896,966,593,rgb,,348,0.644,False,0.668
nwpu_positive_177_002,nwpu_positive_177,train,9,bridge,674,186,860,313,23622,966,593,rgb,,205,1.093,False,0.562
nwpu_positive_178_000,nwpu_positive_178,train,9,bridge,289,227,488,328,20099,814,575,rgb,,219,1.023,False,0.419
nwpu_positive_179_000,nwpu_positive_179,train,9,bridge,241,221,493,418,49644,852,571,rgb,,277,0.809,False,0.647
nwpu_positive_180_000,nwpu_positive_180,val,9,bridge,199,201,310,382,20091,844,550,rgb,,199,1.126,False,0.507
nwpu_positive_180_001,nwpu_positive_180,val,9,bridge,324,166,510,410,45384,844,550,rgb,,268,0.836,False,0.632
nwpu_positive_182_000,nwpu_positive_182,train,9,bridge,124,174,244,378,24480,769,538,rgb,,224,1.0,False,0.488
nwpu_positive_183_000,nwpu_positive_183,train,9,bridge,224,123,587,367,88572,897,580,rgb,,399,0.561,False,0.556
nwpu_positive_186_000,nwpu_positive_186,train,9,bridge,136,122,345,266,30096,962,571,rgb,,230,0.974,False,0.569
nwpu_positive_186_001,nwpu_positive_186,train,9,bridge,355,287,479,437,18600,962,571,rgb,,165,1.358,False,0.683
nwpu_positive_187_000,nwpu_positive_187,train,9,bridge,353,196,556,376,36540,853,593,rgb,,223,1.004,False,0.735
nwpu_positive_188_000,nwpu_positive_188,val,9,bridge,367,180,486,442,31178,836,576,rgb,,288,0.778,False,0.376
nwpu_positive_189_000,nwpu_positive_189,train,9,bridge,196,100,378,343,44226,780,560,rgb,,267,0.839,False,0.62
nwpu_positive_189_001,nwpu_positive_189,train,9,bridge,244,150,440,392,47432,780,560,rgb,,266,0.842,False,0.67
nwpu_positive_190_000,nwpu_positive_190,train,9,bridge,306,182,439,278,12768,733,512,rgb,,146,1.534,False,0.599
nwpu_positive_191_000,nwpu_positive_191,train,9,bridge,208,91,348,266,24500,826,602,rgb,,193,1.161,False,0.658
nwpu_positive_191_001,nwpu_positive_191,train,9,bridge,597,276,701,432,16224,826,602,rgb,,172,1.302,False,0.548
nwpu_positive_192_000,nwpu_positive_192,train,9,bridge,21,206,206,406,37000,1135,604,rgb,,220,1.018,False,0.764
nwpu_positive_192_001,nwpu_positive_192,train,9,bridge,513,259,647,400,18894,1135,604,rgb,,155,1.445,False,0.786
nwpu_positive_192_002,nwpu_positive_192,train,9,bridge,913,165,1094,287,22082,1135,604,rgb,,199,1.126,False,0.558
nwpu_positive_193_000,nwpu_positive_193,train,9,bridge,232,394,421,553,30051,825,608,rgb,,208,1.077,False,0.695
nwpu_positive_193_001,nwpu_positive_193,train,9,bridge,373,63,523,158,14250,825,608,rgb,,165,1.358,False,0.523
nwpu_positive_194_000,nwpu_positive_194,train,9,bridge,347,206,508,292,13846,847,619,rgb,,177,1.266,False,0.442
nwpu_positive_196_000,nwpu_positive_196,train,9,bridge,5,227,148,385,22594,792,563,rgb,,174,1.287,False,0.746
nwpu_positive_196_001,nwpu_positive_196,train,9,bridge,131,181,270,254,10147,792,563,rgb,,153,1.464,False,0.433
nwpu_positive_196_002,nwpu_positive_196,train,9,bridge,183,92,277,204,10528,792,563,rgb,,123,1.821,False,0.696
nwpu_positive_197_000,nwpu_positive_197,train,7,ground_track_field,148,173,307,395,35298,796,540,rgb,,244,0.918,False,0.593
nwpu_positive_198_000,nwpu_positive_198,train,7,ground_track_field,440,65,548,249,19872,601,381,rgb,,202,1.109,False,0.487
nwpu_positive_199_000,nwpu_positive_199,train,7,ground_track_field,510,156,635,331,21875,711,545,rgb,,193,1.161,False,0.587
nwpu_positive_200_000,nwpu_positive_200,train,4,baseball_diamond,468,313,544,373,4560,665,476,rgb,,84,2.667,False,0.646
nwpu_positive_200_001,nwpu_positive_200,train,7,ground_track_field,424,75,598,279,35496,665,476,rgb,,224,1.0,False,0.707
nwpu_positive_201_000,nwpu_positive_201,train,4,baseball_diamond,299,21,363,66,2880,1093,604,rgb,,70,3.2,False,0.588
nwpu_positive_201_001,nwpu_positive_201,train,4,baseball_diamond,576,471,664,542,6248,1093,604,rgb,,97,2.309,False,0.664
nwpu_positive_201_002,nwpu_positive_201,train,5,tennis_court,130,509,183,558,2597,1093,604,rgb,,58,3.862,False,0.772
nwpu_positive_201_003,nwpu_positive_201,train,5,tennis_court,157,491,209,542,2652,1093,604,rgb,,57,3.93,False,0.816
nwpu_positive_201_004,nwpu_positive_201,train,5,tennis_court,188,479,234,523,2024,1093,604,rgb,,51,4.392,False,0.778
nwpu_positive_201_005,nwpu_positive_201,train,7,ground_track_field,366,64,606,288,53760,1093,604,rgb,,264,0.848,False,0.771
nwpu_positive_202_000,nwpu_positive_202,train,5,tennis_court,243,338,306,391,3339,994,596,rgb,,69,3.246,False,0.701
nwpu_positive_202_001,nwpu_positive_202,train,5,tennis_court,273,355,342,413,4002,994,596,rgb,,76,2.947,False,0.693
nwpu_positive_202_002,nwpu_positive_202,train,5,tennis_court,303,372,370,432,4020,994,596,rgb,,74,3.027,False,0.734
nwpu_positive_202_003,nwpu_positive_202,train,5,tennis_court,335,387,399,448,3904,994,596,rgb,,70,3.2,False,0.797
nwpu_positive_202_004,nwpu_positive_202,train,5,tennis_court,384,415,455,480,4615,994,596,rgb,,78,2.872,False,0.759
nwpu_positive_202_005,nwpu_positive_202,train,5,tennis_court,417,435,482,494,3835,994,596,rgb,,72,3.111,False,0.74
nwpu_positive_202_006,nwpu_positive_202,train,7,ground_track_field,392,67,713,406,108819,994,596,rgb,,373,0.601,False,0.782
nwpu_positive_204_000,nwpu_positive_204,train,4,baseball_diamond,158,46,231,105,4307,862,632,rgb,,80,2.8,False,0.673
nwpu_positive_204_001,nwpu_positive_204,train,5,tennis_court,225,479,271,553,3404,862,632,rgb,,81,2.765,False,0.519
nwpu_positive_204_002,nwpu_positive_204,train,5,tennis_court,268,487,310,555,2856,862,632,rgb,,75,2.987,False,0.508
nwpu_positive_204_003,nwpu_positive_204,train,7,ground_track_field,253,95,544,459,105924,862,632,rgb,,400,0.56,False,0.662
nwpu_positive_205_000,nwpu_positive_205,train,7,ground_track_field,305,84,648,398,107702,927,606,rgb,,377,0.594,False,0.758
nwpu_positive_205_001,nwpu_positive_205,train,5,tennis_court,499,460,568,526,4554,927,606,rgb,,76,2.947,False,0.788
nwpu_positive_205_002,nwpu_positive_205,train,5,tennis_court,533,444,601,506,4216,927,606,rgb,,75,2.987,False,0.75
nwpu_positive_205_003,nwpu_positive_205,train,5,tennis_court,563,425,632,486,4209,927,606,rgb,,76,2.947,False,0.729
nwpu_positive_205_004,nwpu_positive_205,train,5,tennis_court,594,405,663,469,4416,927,606,rgb,,76,2.947,False,0.765
nwpu_positive_205_005,nwpu_positive_205,train,5,tennis_court,623,386,691,450,4352,927,606,rgb,,75,2.987,False,0.774
nwpu_positive_205_006,nwpu_positive_205,train,5,tennis_court,649,369,722,431,4526,927,606,rgb,,80,2.8,False,0.707
nwpu_positive_205_007,nwpu_positive_205,train,5,tennis_court,680,353,754,413,4440,927,606,rgb,,81,2.765,False,0.677
nwpu_positive_206_000,nwpu_positive_206,train,7,ground_track_field,9,197,404,374,69915,1032,574,rgb,,435,0.515,False,0.369
nwpu_positive_208_000,nwpu_positive_208,val,7,ground_track_field,293,69,665,194,46500,954,542,rgb,,409,0.548,False,0.278
nwpu_positive_208_001,nwpu_positive_208,val,5,tennis_court,427,330,494,381,3417,954,542,rgb,,74,3.027,False,0.624
nwpu_positive_209_000,nwpu_positive_209,train,7,ground_track_field,228,56,580,346,102080,992,577,rgb,,387,0.579,False,0.682
nwpu_positive_209_001,nwpu_positive_209,train,5,tennis_court,556,346,628,391,3240,992,577,rgb,,79,2.835,False,0.519
nwpu_positive_210_000,nwpu_positive_210,train,7,ground_track_field,248,166,508,389,57980,858,518,rgb,,286,0.783,False,0.709
nwpu_positive_211_000,nwpu_positive_211,train,7,ground_track_field,181,140,476,271,38645,761,533,rgb,,324,0.691,False,0.368
nwpu_positive_212_000,nwpu_positive_212,train,7,ground_track_field,323,142,567,396,61976,894,545,rgb,,279,0.803,False,0.796
nwpu_positive_213_000,nwpu_positive_213,train,7,ground_track_field,633,81,781,382,44548,912,515,rgb,,331,0.677,False,0.407
nwpu_positive_214_000,nwpu_positive_214,train,7,ground_track_field,189,96,420,361,61215,869,562,rgb,,292,0.767,False,0.718
nwpu_positive_215_000,nwpu_positive_215,train,7,ground_track_field,188,107,385,400,57721,809,552,rgb,,322,0.696,False,0.557
nwpu_positive_216_000,nwpu_positive_216,train,7,ground_track_field,67,60,291,309,55776,1192,617,rgb,,274,0.818,False,0.743
nwpu_positive_216_001,nwpu_positive_216,train,5,tennis_court,938,449,989,508,3009,1192,617,rgb,,65,3.446,False,0.712
nwpu_positive_216_002,nwpu_positive_216,train,5,tennis_court,969,440,1021,497,2964,1192,617,rgb,,63,3.556,False,0.747
nwpu_positive_216_003,nwpu_positive_216,train,5,tennis_court,995,431,1049,488,3078,1192,617,rgb,,63,3.556,False,0.776
nwpu_positive_216_004,nwpu_positive_216,train,5,tennis_court,1033,418,1089,475,3192,1192,617,rgb,,63,3.556,False,0.804
nwpu_positive_216_005,nwpu_positive_216,train,5,tennis_court,1048,497,1102,566,3726,1192,617,rgb,,76,2.947,False,0.645
nwpu_positive_216_006,nwpu_positive_216,train,5,tennis_court,1079,493,1134,551,3190,1192,617,rgb,,64,3.5,False,0.779
nwpu_positive_216_007,nwpu_positive_216,train,4,baseball_diamond,648,260,735,322,5394,1192,617,rgb,,96,2.333,False,0.585
nwpu_positive_216_008,nwpu_positive_216,train,6,basketball_court,1017,325,1085,366,2788,1192,617,rgb,,75,2.987,False,0.496
nwpu_positive_217_000,nwpu_positive_217,train,7,ground_track_field,365,110,582,400,62930,950,571,rgb,,319,0.702,False,0.618
nwpu_positive_219_000,nwpu_positive_219,train,7,ground_track_field,184,145,543,331,66774,895,582,rgb,,395,0.567,False,0.428
nwpu_positive_220_000,nwpu_positive_220,val,7,ground_track_field,276,138,575,437,89401,921,598,rgb,,329,0.681,False,0.826
nwpu_positive_221_000,nwpu_positive_221,train,7,ground_track_field,96,28,378,297,75858,847,501,rgb,,310,0.723,False,0.789
nwpu_positive_222_000,nwpu_positive_222,train,7,ground_track_field,335,34,638,452,126654,887,603,rgb,,460,0.487,False,0.599
nwpu_positive_222_001,nwpu_positive_222,train,5,tennis_court,383,476,422,556,3120,887,603,rgb,,88,2.545,False,0.403
nwpu_positive_222_002,nwpu_positive_222,train,5,tennis_court,427,482,468,561,3239,887,603,rgb,,87,2.575,False,0.428
nwpu_positive_222_003,nwpu_positive_222,train,5,tennis_court,484,485,524,565,3200,887,603,rgb,,88,2.545,False,0.413
nwpu_positive_222_004,nwpu_positive_222,train,5,tennis_court,530,490,571,568,3198,887,603,rgb,,86,2.605,False,0.432
nwpu_positive_224_000,nwpu_positive_224,train,7,ground_track_field,192,222,523,375,50643,889,535,rgb,,364,0.615,False,0.382
nwpu_positive_225_000,nwpu_positive_225,train,7,ground_track_field,170,157,434,420,69432,868,533,rgb,,290,0.772,False,0.826
nwpu_positive_227_000,nwpu_positive_227,train,7,ground_track_field,152,132,348,331,39004,878,555,rgb,,219,1.023,False,0.813
nwpu_positive_228_000,nwpu_positive_228,train,7,ground_track_field,220,105,617,410,121085,766,481,rgb,,437,0.513,False,0.634
nwpu_positive_228_001,nwpu_positive_228,train,5,tennis_court,134,210,168,271,2074,766,481,rgb,,67,3.343,False,0.462
nwpu_positive_228_002,nwpu_positive_228,train,5,tennis_court,176,210,215,272,2418,766,481,rgb,,68,3.294,False,0.523
nwpu_positive_229_000,nwpu_positive_229,train,7,ground_track_field,241,159,490,281,30378,732,507,rgb,,274,0.818,False,0.405
nwpu_positive_230_000,nwpu_positive_230,train,7,ground_track_field,192,85,393,324,48039,754,573,rgb,,263,0.852,False,0.695
nwpu_positive_231_000,nwpu_positive_231,train,7,ground_track_field,114,98,279,367,44385,778,516,rgb,,296,0.757,False,0.507
nwpu_positive_231_001,nwpu_positive_231,train,6,basketball_court,396,91,443,143,2444,778,516,rgb,,57,3.93,False,0.752
nwpu_positive_231_002,nwpu_positive_231,train,5,tennis_court,423,409,463,463,2160,778,516,rgb,,59,3.797,False,0.621
nwpu_positive_232_000,nwpu_positive_232,train,7,ground_track_field,180,148,524,418,92880,914,582,rgb,,378,0.593,False,0.65
nwpu_positive_233_000,nwpu_positive_233,train,7,ground_track_field,166,145,441,343,54450,836,592,rgb,,302,0.742,False,0.597
nwpu_positive_233_001,nwpu_positive_233,train,4,baseball_diamond,325,362,412,431,6003,836,592,rgb,,96,2.333,False,0.651
nwpu_positive_233_002,nwpu_positive_233,train,4,baseball_diamond,511,429,591,485,4480,836,592,rgb,,88,2.545,False,0.579
nwpu_positive_233_003,nwpu_positive_233,train,4,baseball_diamond,553,275,608,321,2530,836,592,rgb,,61,3.672,False,0.68
nwpu_positive_233_004,nwpu_positive_233,train,4,baseball_diamond,519,5,594,63,4350,836,592,rgb,,82,2.732,False,0.647
nwpu_positive_234_000,nwpu_positive_234,val,7,ground_track_field,105,60,354,331,67479,853,583,rgb,,298,0.752,False,0.76
nwpu_positive_234_001,nwpu_positive_234,val,4,baseball_diamond,255,259,347,326,6164,853,583,rgb,,101,2.218,False,0.604
nwpu_positive_234_002,nwpu_positive_234,val,4,baseball_diamond,405,241,499,310,6486,853,583,rgb,,103,2.175,False,0.611
nwpu_positive_234_003,nwpu_positive_234,val,4,baseball_diamond,370,76,461,135,5369,853,583,rgb,,100,2.24,False,0.537
nwpu_positive_235_000,nwpu_positive_235,train,7,ground_track_field,191,113,475,338,63900,789,456,rgb,,312,0.718,False,0.656
nwpu_positive_236_000,nwpu_positive_236,train,7,ground_track_field,256,28,612,207,63724,832,596,rgb,,392,0.571,False,0.415
nwpu_positive_236_001,nwpu_positive_236,train,4,baseball_diamond,399,230,505,295,6890,832,596,rgb,,117,1.915,False,0.503
nwpu_positive_236_002,nwpu_positive_236,train,4,baseball_diamond,226,466,326,534,6800,832,596,rgb,,110,2.036,False,0.562
nwpu_positive_237_000,nwpu_positive_237,val,7,ground_track_field,208,130,525,435,96685,768,565,rgb,,349,0.642,False,0.794
nwpu_positive_238_000,nwpu_positive_238,train,7,ground_track_field,137,160,430,423,77059,1063,598,rgb,,322,0.696,False,0.743
nwpu_positive_238_001,nwpu_positive_238,train,5,tennis_court,576,384,625,428,2156,1063,598,rgb,,54,4.148,False,0.739
nwpu_positive_238_002,nwpu_positive_238,train,5,tennis_court,605,401,652,450,2303,1063,598,rgb,,54,4.148,False,0.79
nwpu_positive_238_003,nwpu_positive_238,train,5,tennis_court,633,414,677,474,2640,1063,598,rgb,,66,3.394,False,0.606
nwpu_positive_238_004,nwpu_positive_238,train,5,tennis_court,662,436,711,496,2940,1063,598,rgb,,66,3.394,False,0.675
nwpu_positive_238_005,nwpu_positive_238,train,5,tennis_court,694,456,740,515,2714,1063,598,rgb,,65,3.446,False,0.642
nwpu_positive_238_006,nwpu_positive_238,train,5,tennis_court,721,474,764,531,2451,1063,598,rgb,,63,3.556,False,0.618
nwpu_positive_238_007,nwpu_positive_238,train,5,tennis_court,630,321,672,371,2100,1063,598,rgb,,55,4.073,False,0.694
nwpu_positive_238_008,nwpu_positive_238,train,5,tennis_court,659,335,695,387,1872,1063,598,rgb,,57,3.93,False,0.576
nwpu_positive_238_009,nwpu_positive_238,train,5,tennis_court,682,351,727,409,2610,1063,598,rgb,,64,3.5,False,0.637
nwpu_positive_238_010,nwpu_positive_238,train,5,tennis_court,709,368,756,427,2773,1063,598,rgb,,65,3.446,False,0.656
nwpu_positive_238_011,nwpu_positive_238,train,5,tennis_court,741,391,786,446,2475,1063,598,rgb,,61,3.672,False,0.665
nwpu_positive_238_012,nwpu_positive_238,train,5,tennis_court,770,409,811,463,2214,1063,598,rgb,,59,3.797,False,0.636
nwpu_positive_238_013,nwpu_positive_238,train,4,baseball_diamond,809,282,988,392,19690,1063,598,rgb,,197,1.137,False,0.507
nwpu_positive_240_000,nwpu_positive_240,train,7,ground_track_field,60,200,336,438,65688,846,542,rgb,,304,0.737,False,0.711
nwpu_positive_241_000,nwpu_positive_241,val,7,ground_track_field,263,83,501,338,60690,949,550,rgb,,280,0.8,False,0.774
nwpu_positive_243_000,nwpu_positive_243,train,7,ground_track_field,133,91,333,351,52000,787,521,rgb,,286,0.783,False,0.636
nwpu_positive_244_000,nwpu_positive_244,train,7,ground_track_field,449,27,621,254,39044,809,443,rgb,,250,0.896,False,0.625
nwpu_positive_245_000,nwpu_positive_245,train,7,ground_track_field,320,205,585,545,90100,1087,607,rgb,,374,0.599,False,0.644
nwpu_positive_245_001,nwpu_positive_245,train,5,tennis_court,280,430,335,509,4345,1087,607,rgb,,87,2.575,False,0.574
nwpu_positive_245_002,nwpu_positive_245,train,5,tennis_court,307,480,367,552,4320,1087,607,rgb,,79,2.835,False,0.692
nwpu_positive_245_003,nwpu_positive_245,train,5,tennis_court,341,519,392,599,4080,1087,607,rgb,,88,2.545,False,0.527
nwpu_positive_245_004,nwpu_positive_245,train,4,baseball_diamond,202,44,271,93,3381,1087,607,rgb,,76,2.947,False,0.585
nwpu_positive_245_005,nwpu_positive_245,train,4,baseball_diamond,304,113,378,165,3848,1087,607,rgb,,81,2.765,False,0.586
nwpu_positive_246_000,nwpu_positive_246,train,7,ground_track_field,299,85,682,426,130603,979,553,rgb,,421,0.532,False,0.737
nwpu_positive_246_001,nwpu_positive_246,train,5,tennis_court,100,288,153,351,3339,979,553,rgb,,69,3.246,False,0.701
nwpu_positive_246_002,nwpu_positive_246,train,5,tennis_court,135,305,183,362,2736,979,553,rgb,,63,3.556,False,0.689
nwpu_positive_246_003,nwpu_positive_246,train,5,tennis_court,144,225,200,279,3024,979,553,rgb,,62,3.613,False,0.787
nwpu_positive_246_004,nwpu_positive_246,train,5,tennis_court,182,239,233,291,2652,979,553,rgb,,57,3.93,False,0.816
nwpu_positive_246_005,nwpu_positive_246,train,6,basketball_court,184,179,262,234,4290,979,553,rgb,,86,2.605,False,0.58
nwpu_positive_246_006,nwpu_positive_246,train,6,basketball_court,196,150,284,204,4752,979,553,rgb,,97,2.309,False,0.505
nwpu_positive_247_000,nwpu_positive_247,val,7,ground_track_field,491,128,754,515,101781,927,587,rgb,,426,0.526,False,0.561
nwpu_positive_247_001,nwpu_positive_247,val,5,tennis_court,156,191,219,248,3591,927,587,rgb,,69,3.246,False,0.754
nwpu_positive_247_002,nwpu_positive_247,val,5,tennis_court,187,218,235,270,2496,927,587,rgb,,57,3.93,False,0.768
nwpu_positive_247_003,nwpu_positive_247,val,5,tennis_court,212,236,259,284,2256,927,587,rgb,,53,4.226,False,0.803
nwpu_positive_247_004,nwpu_positive_247,val,5,tennis_court,234,256,289,308,2860,927,587,rgb,,61,3.672,False,0.769
nwpu_positive_247_005,nwpu_positive_247,val,4,baseball_diamond,336,26,457,95,8349,927,587,rgb,,133,1.684,False,0.472
nwpu_positive_247_006,nwpu_positive_247,val,4,baseball_diamond,238,401,327,468,5963,927,587,rgb,,98,2.286,False,0.621
nwpu_positive_247_007,nwpu_positive_247,val,4,baseball_diamond,797,305,874,372,5159,927,587,rgb,,85,2.635,False,0.714
nwpu_positive_248_000,nwpu_positive_248,train,7,ground_track_field,339,144,706,438,107898,804,549,rgb,,404,0.554,False,0.661
nwpu_positive_249_000,nwpu_positive_249,train,7,ground_track_field,177,67,326,259,28608,766,504,rgb,,211,1.062,False,0.643
nwpu_positive_249_001,nwpu_positive_249,train,4,baseball_diamond,317,338,409,396,5336,766,504,rgb,,101,2.218,False,0.523
nwpu_positive_250_000,nwpu_positive_250,train,7,ground_track_field,133,46,360,410,82628,802,487,rgb,,400,0.56,False,0.516
nwpu_positive_250_001,nwpu_positive_250,train,5,tennis_court,542,357,580,431,2812,802,487,rgb,,81,2.765,False,0.429
nwpu_positive_250_002,nwpu_positive_250,train,5,tennis_court,579,362,616,434,2664,802,487,rgb,,79,2.835,False,0.427
nwpu_positive_250_003,nwpu_positive_250,train,5,tennis_court,616,365,653,436,2627,802,487,rgb,,78,2.872,False,0.432
nwpu_positive_250_004,nwpu_positive_250,train,5,tennis_court,650,367,689,439,2808,802,487,rgb,,79,2.835,False,0.45
nwpu_positive_250_005,nwpu_positive_250,train,4,baseball_diamond,385,100,478,178,7254,802,487,rgb,,102,2.196,False,0.697
nwpu_positive_250_006,nwpu_positive_250,train,4,baseball_diamond,329,349,407,421,5616,802,487,rgb,,86,2.605,False,0.759
nwpu_positive_250_007,nwpu_positive_250,train,4,baseball_diamond,646,232,729,302,5810,802,487,rgb,,91,2.462,False,0.702
nwpu_positive_251_000,nwpu_positive_251,train,7,ground_track_field,346,149,693,455,106182,965,581,rgb,,382,0.586,False,0.728
nwpu_positive_251_001,nwpu_positive_251,train,4,baseball_diamond,270,116,370,183,6700,965,581,rgb,,110,2.036,False,0.554
nwpu_positive_251_002,nwpu_positive_251,train,4,baseball_diamond,729,269,803,321,3848,965,581,rgb,,81,2.765,False,0.586
nwpu_positive_252_000,nwpu_positive_252,val,7,ground_track_field,170,145,548,362,82026,688,422,rgb,,416,0.538,False,0.474
nwpu_positive_252_001,nwpu_positive_252,val,5,tennis_court,556,186,600,242,2464,688,422,rgb,,62,3.613,False,0.641
nwpu_positive_252_002,nwpu_positive_252,val,5,tennis_court,587,184,633,240,2576,688,422,rgb,,62,3.613,False,0.67
nwpu_positive_252_003,nwpu_positive_252,val,5,tennis_court,488,129,529,184,2255,688,422,rgb,,61,3.672,False,0.606
nwpu_positive_252_004,nwpu_positive_252,val,5,tennis_court,517,127,556,182,2145,688,422,rgb,,61,3.672,False,0.576
nwpu_positive_252_005,nwpu_positive_252,val,5,tennis_court,546,127,584,178,1938,688,422,rgb,,56,4.0,False,0.618
nwpu_positive_252_006,nwpu_positive_252,val,5,tennis_court,571,125,611,175,2000,688,422,rgb,,55,4.073,False,0.661
nwpu_positive_252_007,nwpu_positive_252,val,5,tennis_court,507,74,548,124,2050,688,422,rgb,,55,4.073,False,0.678
nwpu_positive_252_008,nwpu_positive_252,val,5,tennis_court,536,72,577,120,1968,688,422,rgb,,53,4.226,False,0.701
nwpu_positive_252_009,nwpu_positive_252,val,4,baseball_diamond,354,23,439,84,5185,688,422,rgb,,94,2.383,False,0.587
nwpu_positive_253_000,nwpu_positive_253,train,7,ground_track_field,91,74,250,312,37842,766,542,rgb,,262,0.855,False,0.551
nwpu_positive_253_001,nwpu_positive_253,train,5,tennis_court,412,127,466,164,1998,766,542,rgb,,59,3.797,False,0.574
nwpu_positive_253_002,nwpu_positive_253,train,5,tennis_court,466,153,523,190,2109,766,542,rgb,,63,3.556,False,0.531
nwpu_positive_253_003,nwpu_positive_253,train,5,tennis_court,425,108,479,144,1944,766,542,rgb,,59,3.797,False,0.558
nwpu_positive_253_004,nwpu_positive_253,train,5,tennis_court,478,130,533,167,2035,766,542,rgb,,61,3.672,False,0.547
nwpu_positive_253_005,nwpu_positive_253,train,4,baseball_diamond,324,330,420,404,7104,766,542,rgb,,106,2.113,False,0.632
nwpu_positive_254_000,nwpu_positive_254,train,7,ground_track_field,417,111,578,367,41216,840,503,rgb,,282,0.794,False,0.518
nwpu_positive_254_001,nwpu_positive_254,train,4,baseball_diamond,383,54,460,118,4928,840,503,rgb,,85,2.635,False,0.682
nwpu_positive_254_002,nwpu_positive_254,train,4,baseball_diamond,566,349,649,426,6391,840,503,rgb,,91,2.462,False,0.772
nwpu_positive_254_003,nwpu_positive_254,train,4,baseball_diamond,595,165,651,213,2688,840,503,rgb,,62,3.613,False,0.699
nwpu_positive_254_004,nwpu_positive_254,train,4,baseball_diamond,113,134,171,180,2668,840,503,rgb,,64,3.5,False,0.651
nwpu_positive_254_005,nwpu_positive_254,train,4,baseball_diamond,194,37,250,81,2464,840,503,rgb,,62,3.613,False,0.641
nwpu_positive_255_000,nwpu_positive_255,train,7,ground_track_field,100,191,308,500,64272,764,560,rgb,,340,0.659,False,0.556
nwpu_positive_255_001,nwpu_positive_255,train,4,baseball_diamond,162,111,242,176,5200,764,560,rgb,,88,2.545,False,0.671
nwpu_positive_256_000,nwpu_positive_256,val,7,ground_track_field,426,145,691,325,47700,810,568,rgb,,292,0.767,False,0.559
nwpu_positive_256_001,nwpu_positive_256,val,4,baseball_diamond,336,271,421,338,5695,810,568,rgb,,94,2.383,False,0.645
nwpu_positive_256_002,nwpu_positive_256,val,4,baseball_diamond,194,347,266,401,3888,810,568,rgb,,79,2.835,False,0.623
nwpu_positive_257_000,nwpu_positive_257,train,7,ground_track_field,110,36,419,320,87756,902,582,rgb,,340,0.659,False,0.759
nwpu_positive_257_001,nwpu_positive_257,train,5,tennis_court,104,247,159,301,2970,902,582,rgb,,61,3.672,False,0.798
nwpu_positive_257_002,nwpu_positive_257,train,5,tennis_court,127,262,176,316,2646,902,582,rgb,,59,3.797,False,0.76
nwpu_positive_257_003,nwpu_positive_257,train,5,tennis_court,143,280,197,336,3024,902,582,rgb,,62,3.613,False,0.787
nwpu_positive_257_004,nwpu_positive_257,train,5,tennis_court,167,298,219,346,2496,902,582,rgb,,57,3.93,False,0.768
nwpu_positive_257_005,nwpu_positive_257,train,5,tennis_court,186,313,243,365,2964,902,582,rgb,,63,3.556,False,0.747
nwpu_positive_257_006,nwpu_positive_257,train,6,basketball_court,69,216,136,286,4690,902,582,rgb,,77,2.909,False,0.791
nwpu_positive_258_000,nwpu_positive_258,train,7,ground_track_field,100,196,390,345,43210,883,572,rgb,,319,0.702,False,0.425
nwpu_positive_258_001,nwpu_positive_258,train,4,baseball_diamond,33,195,99,245,3300,883,572,rgb,,73,3.068,False,0.619
nwpu_positive_258_002,nwpu_positive_258,train,4,baseball_diamond,493,189,585,255,6072,883,572,rgb,,101,2.218,False,0.595
nwpu_positive_259_000,nwpu_positive_259,val,7,ground_track_field,45,165,324,453,80352,694,502,rgb,,317,0.707,False,0.8
nwpu_positive_259_001,nwpu_positive_259,val,4,baseball_diamond,213,79,300,137,5046,694,502,rgb,,96,2.333,False,0.548
nwpu_positive_260_000,nwpu_positive_260,train,7,ground_track_field,270,128,644,400,101728,869,558,rgb,,411,0.545,False,0.602
nwpu_positive_261_000,nwpu_positive_261,train,7,ground_track_field,367,92,593,443,79326,789,521,rgb,,386,0.58,False,0.532
nwpu_positive_261_001,nwpu_positive_261,train,4,baseball_diamond,588,68,690,131,6426,789,521,rgb,,112,2.0,False,0.512
nwpu_positive_261_002,nwpu_positive_261,train,4,baseball_diamond,595,246,673,302,4368,789,521,rgb,,86,2.605,False,0.591
nwpu_positive_262_000,nwpu_positive_262,train,7,ground_track_field,39,166,457,413,103246,1119,602,rgb,,460,0.487,False,0.488
nwpu_positive_262_001,nwpu_positive_262,train,5,tennis_court,492,275,569,322,3619,1119,602,rgb,,85,2.635,False,0.501
nwpu_positive_262_002,nwpu_positive_262,train,5,tennis_court,485,308,555,351,3010,1119,602,rgb,,77,2.909,False,0.508
nwpu_positive_262_003,nwpu_positive_262,train,5,tennis_court,475,338,546,382,3124,1119,602,rgb,,78,2.872,False,0.513
nwpu_positive_262_004,nwpu_positive_262,train,5,tennis_court,462,369,536,414,3330,1119,602,rgb,,81,2.765,False,0.508
nwpu_positive_262_005,nwpu_positive_262,train,5,tennis_court,449,400,524,445,3375,1119,602,rgb,,82,2.732,False,0.502
nwpu_positive_262_006,nwpu_positive_262,train,4,baseball_diamond,609,6,708,88,8118,1119,602,rgb,,109,2.055,False,0.683
nwpu_positive_262_007,nwpu_positive_262,train,4,baseball_diamond,598,468,694,549,7776,1119,602,rgb,,106,2.113,False,0.692
nwpu_positive_262_008,nwpu_positive_262,train,4,baseball_diamond,920,47,1001,106,4779,1119,602,rgb,,89,2.517,False,0.603
nwpu_positive_262_009,nwpu_positive_262,train,4,baseball_diamond,953,433,1076,539,13038,1119,602,rgb,,135,1.659,False,0.715
nwpu_positive_263_000,nwpu_positive_263,train,7,ground_track_field,395,77,537,341,37488,835,531,rgb,,290,0.772,False,0.446
nwpu_positive_263_001,nwpu_positive_263,train,4,baseball_diamond,363,363,431,425,4216,835,531,rgb,,75,2.987,False,0.75
nwpu_positive_265_000,nwpu_positive_265,train,7,ground_track_field,46,94,345,395,89999,801,432,rgb,,331,0.677,False,0.821
nwpu_positive_266_000,nwpu_positive_266,train,8,harbor,301,128,424,244,14268,1003,585,rgb,,135,1.659,False,0.783
nwpu_positive_266_001,nwpu_positive_266,train,8,harbor,451,145,616,242,16005,1003,585,rgb,,182,1.231,False,0.483
nwpu_positive_266_002,nwpu_positive_266,train,8,harbor,416,223,561,309,12470,1003,585,rgb,,160,1.4,False,0.487
nwpu_positive_266_003,nwpu_positive_266,train,8,harbor,394,299,529,382,11205,1003,585,rgb,,148,1.514,False,0.512
nwpu_positive_266_004,nwpu_positive_266,train,8,harbor,647,236,828,343,19367,1003,585,rgb,,199,1.126,False,0.489
nwpu_positive_266_005,nwpu_positive_266,train,8,harbor,593,303,778,411,19980,1003,585,rgb,,204,1.098,False,0.48
nwpu_positive_267_000,nwpu_positive_267,train,8,harbor,335,31,438,75,4532,1102,583,rgb,,113,1.982,False,0.355
nwpu_positive_267_001,nwpu_positive_267,train,8,harbor,438,37,567,79,5418,1102,583,rgb,,142,1.577,False,0.269
nwpu_positive_267_002,nwpu_positive_267,train,8,harbor,319,94,442,138,5412,1102,583,rgb,,135,1.659,False,0.297
nwpu_positive_267_003,nwpu_positive_267,train,8,harbor,438,75,595,128,8321,1102,583,rgb,,173,1.295,False,0.278
nwpu_positive_267_004,nwpu_positive_267,train,8,harbor,306,169,437,212,5633,1102,583,rgb,,144,1.556,False,0.272
nwpu_positive_267_005,nwpu_positive_267,train,8,harbor,450,154,644,199,8730,1102,583,rgb,,213,1.052,False,0.192
nwpu_positive_267_006,nwpu_positive_267,train,8,harbor,307,238,462,280,6510,1102,583,rgb,,170,1.318,False,0.225
nwpu_positive_267_007,nwpu_positive_267,train,8,harbor,510,232,634,281,6076,1102,583,rgb,,136,1.647,False,0.329
nwpu_positive_267_008,nwpu_positive_267,train,8,harbor,333,317,555,347,6660,1102,583,rgb,,244,0.918,False,0.112
nwpu_positive_267_009,nwpu_positive_267,train,8,harbor,415,372,565,408,5400,1102,583,rgb,,165,1.358,False,0.198
nwpu_positive_267_010,nwpu_positive_267,train,8,harbor,661,233,730,303,4830,1102,583,rgb,,77,2.909,False,0.815
nwpu_positive_267_011,nwpu_positive_267,train,8,harbor,566,370,627,452,5002,1102,583,rgb,,90,2.489,False,0.618
nwpu_positive_268_000,nwpu_positive_268,val,8,harbor,254,70,334,226,12480,783,467,rgb,,172,1.302,False,0.422
nwpu_positive_268_001,nwpu_positive_268,val,8,harbor,331,95,416,245,12750,783,467,rgb,,165,1.358,False,0.468
nwpu_positive_268_002,nwpu_positive_268,val,8,harbor,420,130,492,260,9360,783,467,rgb,,143,1.566,False,0.458
nwpu_positive_270_000,nwpu_positive_270,val,8,harbor,544,30,650,117,9222,807,559,rgb,,117,1.915,False,0.674
nwpu_positive_270_001,nwpu_positive_270,val,8,harbor,462,73,577,157,9660,807,559,rgb,,127,1.764,False,0.599
nwpu_positive_270_002,nwpu_positive_270,val,8,harbor,371,106,483,202,10752,807,559,rgb,,123,1.821,False,0.711
nwpu_positive_270_003,nwpu_positive_270,val,8,harbor,280,149,387,249,10700,807,559,rgb,,118,1.898,False,0.768
nwpu_positive_270_004,nwpu_positive_270,val,8,harbor,235,170,313,265,7410,807,559,rgb,,105,2.133,False,0.672
nwpu_positive_271_000,nwpu_positive_271,train,8,harbor,119,12,246,143,16637,734,618,rgb,,144,1.556,False,0.802
nwpu_positive_271_001,nwpu_positive_271,train,8,harbor,217,38,331,172,15276,734,618,rgb,,147,1.524,False,0.707
nwpu_positive_271_002,nwpu_positive_271,train,8,harbor,287,82,396,213,14279,734,618,rgb,,144,1.556,False,0.689
nwpu_positive_271_003,nwpu_positive_271,train,8,harbor,363,124,483,271,17640,734,618,rgb,,162,1.383,False,0.672
nwpu_positive_271_004,nwpu_positive_271,train,8,harbor,466,181,549,307,10458,734,618,rgb,,139,1.612,False,0.541
nwpu_positive_271_005,nwpu_positive_271,train,8,harbor,532,218,613,344,10206,734,618,rgb,,139,1.612,False,0.528
nwpu_positive_271_006,nwpu_positive_271,train,8,harbor,601,253,698,393,13580,734,618,rgb,,154,1.455,False,0.573
nwpu_positive_272_000,nwpu_positive_272,train,8,harbor,31,44,126,164,11400,831,540,rgb,,132,1.697,False,0.654
nwpu_positive_272_001,nwpu_positive_272,train,8,harbor,90,74,197,203,13803,831,540,rgb,,142,1.577,False,0.685
nwpu_positive_272_002,nwpu_positive_272,train,8,harbor,157,110,274,247,16029,831,540,rgb,,151,1.483,False,0.703
nwpu_positive_272_003,nwpu_positive_272,train,8,harbor,257,158,355,288,12740,831,540,rgb,,143,1.566,False,0.623
nwpu_positive_272_004,nwpu_positive_272,train,8,harbor,303,215,398,343,12160,831,540,rgb,,141,1.589,False,0.612
nwpu_positive_273_000,nwpu_positive_273,train,8,harbor,231,17,390,96,12561,850,602,rgb,,175,1.28,False,0.41
nwpu_positive_273_001,nwpu_positive_273,train,8,harbor,260,70,415,166,14880,850,602,rgb,,170,1.318,False,0.515
nwpu_positive_273_002,nwpu_positive_273,train,8,harbor,297,122,450,218,14688,850,602,rgb,,168,1.333,False,0.52
nwpu_positive_273_003,nwpu_positive_273,train,8,harbor,333,178,491,265,13746,850,602,rgb,,174,1.287,False,0.454
nwpu_positive_273_004,nwpu_positive_273,train,8,harbor,362,232,522,323,14560,850,602,rgb,,176,1.273,False,0.47
nwpu_positive_273_005,nwpu_positive_273,train,8,harbor,396,284,551,387,15965,850,602,rgb,,170,1.318,False,0.552
nwpu_positive_273_006,nwpu_positive_273,train,8,harbor,435,344,585,438,14100,850,602,rgb,,165,1.358,False,0.518
nwpu_positive_273_007,nwpu_positive_273,train,8,harbor,465,389,633,505,19488,850,602,rgb,,185,1.211,False,0.569
nwpu_positive_274_000,nwpu_positive_274,train,8,harbor,147,27,281,92,8710,747,593,rgb,,147,1.524,False,0.403
nwpu_positive_274_001,nwpu_positive_274,train,8,harbor,133,325,292,393,10812,747,593,rgb,,175,1.28,False,0.353
nwpu_positive_274_002,nwpu_positive_274,train,8,harbor,147,424,290,472,6864,747,593,rgb,,157,1.427,False,0.278
nwpu_positive_274_003,nwpu_positive_274,train,8,harbor,182,481,296,536,6270,747,593,rgb,,125,1.792,False,0.401
nwpu_positive_275_000,nwpu_positive_275,train,8,harbor,710,23,818,106,8964,940,623,rgb,,119,1.882,False,0.633
nwpu_positive_275_001,nwpu_positive_275,train,8,harbor,631,70,748,146,8892,940,623,rgb,,129,1.736,False,0.534
nwpu_positive_275_002,nwpu_positive_275,train,8,harbor,367,270,499,356,11352,940,623,rgb,,145,1.545,False,0.54
nwpu_positive_275_003,nwpu_positive_275,train,8,harbor,296,331,419,430,12177,940,623,rgb,,135,1.659,False,0.668
nwpu_positive_275_004,nwpu_positive_275,train,8,harbor,235,389,333,474,8330,940,623,rgb,,108,2.074,False,0.714
nwpu_positive_275_005,nwpu_positive_275,train,8,harbor,147,429,269,502,8906,940,623,rgb,,134,1.672,False,0.496
nwpu_positive_275_006,nwpu_positive_275,train,8,harbor,154,505,281,607,12954,940,623,rgb,,140,1.6,False,0.661
nwpu_positive_275_007,nwpu_positive_275,train,8,harbor,54,511,156,586,7650,940,623,rgb,,112,2.0,False,0.61
nwpu_positive_276_000,nwpu_positive_276,train,8,harbor,229,165,371,265,14200,817,608,rgb,,156,1.436,False,0.583
nwpu_positive_276_001,nwpu_positive_276,train,8,harbor,163,246,292,338,11868,817,608,rgb,,142,1.577,False,0.589
nwpu_positive_276_002,nwpu_positive_276,train,8,harbor,68,338,184,428,10440,817,608,rgb,,128,1.75,False,0.637
nwpu_positive_278_000,nwpu_positive_278,train,8,harbor,291,156,387,287,12576,686,550,rgb,,144,1.556,False,0.606
nwpu_positive_278_001,nwpu_positive_278,train,8,harbor,409,163,481,268,7560,686,550,rgb,,116,1.931,False,0.562
nwpu_positive_278_002,nwpu_positive_278,train,8,harbor,502,168,564,254,5332,686,550,rgb,,95,2.358,False,0.591
nwpu_positive_279_000,nwpu_positive_279,val,8,harbor,229,221,280,296,3825,756,560,rgb,,82,2.732,False,0.569
nwpu_positive_279_001,nwpu_positive_279,val,8,harbor,288,199,341,298,5247,756,560,rgb,,109,2.055,False,0.442
nwpu_positive_279_002,nwpu_positive_279,val,8,harbor,356,193,417,289,5856,756,560,rgb,,106,2.113,False,0.521
nwpu_positive_279_003,nwpu_positive_279,val,8,harbor,428,178,483,283,5775,756,560,rgb,,116,1.931,False,0.429
nwpu_positive_280_000,nwpu_positive_280,val,8,harbor,261,147,385,214,8308,939,540,rgb,,136,1.647,False,0.449
nwpu_positive_280_001,nwpu_positive_280,val,8,harbor,281,201,414,270,9177,939,540,rgb,,146,1.534,False,0.431
nwpu_positive_280_002,nwpu_positive_280,val,8,harbor,302,249,436,321,9648,939,540,rgb,,147,1.524,False,0.446
nwpu_positive_280_003,nwpu_positive_280,val,8,harbor,323,294,449,364,8820,939,540,rgb,,139,1.612,False,0.456
nwpu_positive_280_004,nwpu_positive_280,val,8,harbor,342,349,446,410,6344,939,540,rgb,,114,1.965,False,0.488
nwpu_positive_282_000,nwpu_positive_282,train,8,harbor,323,21,498,113,16100,1002,606,rgb,,193,1.161,False,0.432
nwpu_positive_282_001,nwpu_positive_282,train,8,harbor,331,72,502,148,12996,1002,606,rgb,,188,1.191,False,0.368
nwpu_positive_282_002,nwpu_positive_282,train,8,harbor,525,27,657,104,10164,1002,606,rgb,,145,1.545,False,0.483
nwpu_positive_282_003,nwpu_positive_282,train,8,harbor,356,130,545,226,18144,1002,606,rgb,,208,1.077,False,0.419
nwpu_positive_282_004,nwpu_positive_282,train,8,harbor,785,25,942,92,10519,1002,606,rgb,,173,1.295,False,0.351
nwpu_positive_282_005,nwpu_positive_282,train,8,harbor,771,107,947,182,13200,1002,606,rgb,,194,1.155,False,0.351
nwpu_positive_282_006,nwpu_positive_282,train,8,harbor,753,196,928,274,13650,1002,606,rgb,,193,1.161,False,0.366
nwpu_positive_282_007,nwpu_positive_282,train,8,harbor,767,289,885,360,8378,1002,606,rgb,,130,1.723,False,0.496
nwpu_positive_282_008,nwpu_positive_282,train,2,ship,580,180,626,270,4140,1002,606,rgb,,99,2.263,False,0.422
nwpu_positive_282_009,nwpu_positive_282,train,5,tennis_court,87,394,133,447,2438,1002,606,rgb,,58,3.862,False,0.725
nwpu_positive_282_010,nwpu_positive_282,train,5,tennis_court,123,386,168,434,2160,1002,606,rgb,,53,4.226,False,0.769
nwpu_positive_282_011,nwpu_positive_282,train,5,tennis_court,97,463,147,521,2900,1002,606,rgb,,64,3.5,False,0.708
nwpu_positive_282_012,nwpu_positive_282,train,5,tennis_court,133,449,179,509,2760,1002,606,rgb,,66,3.394,False,0.634
nwpu_positive_282_013,nwpu_positive_282,train,5,tennis_court,174,438,219,496,2610,1002,606,rgb,,64,3.5,False,0.637
nwpu_positive_282_014,nwpu_positive_282,train,5,tennis_court,207,429,252,485,2520,1002,606,rgb,,62,3.613,False,0.656
nwpu_positive_283_000,nwpu_positive_283,train,8,harbor,21,184,58,268,3108,847,574,rgb,,92,2.435,False,0.367
nwpu_positive_283_001,nwpu_positive_283,train,8,harbor,71,183,114,279,4128,847,574,rgb,,106,2.113,False,0.367
nwpu_positive_283_002,nwpu_positive_283,train,8,harbor,121,182,165,278,4224,847,574,rgb,,106,2.113,False,0.376
nwpu_positive_283_003,nwpu_positive_283,train,8,harbor,179,180,220,272,3772,847,574,rgb,,101,2.218,False,0.37
nwpu_positive_283_004,nwpu_positive_283,train,8,harbor,236,178,279,269,3913,847,574,rgb,,100,2.24,False,0.391
nwpu_positive_283_005,nwpu_positive_283,train,8,harbor,295,172,347,265,4836,847,574,rgb,,102,2.196,False,0.465
nwpu_positive_283_006,nwpu_positive_283,train,8,harbor,357,166,410,265,5247,847,574,rgb,,109,2.055,False,0.442
nwpu_positive_283_007,nwpu_positive_283,train,8,harbor,423,167,479,258,5096,847,574,rgb,,100,2.24,False,0.51
nwpu_positive_283_008,nwpu_positive_283,train,8,harbor,511,162,573,258,5952,847,574,rgb,,106,2.113,False,0.53
nwpu_positive_283_009,nwpu_positive_283,train,8,harbor,585,154,662,259,8085,847,574,rgb,,116,1.931,False,0.601
nwpu_positive_283_010,nwpu_positive_283,train,8,harbor,694,163,765,251,6248,847,574,rgb,,97,2.309,False,0.664
nwpu_positive_283_011,nwpu_positive_283,train,8,harbor,777,157,843,248,6006,847,574,rgb,,100,2.24,False,0.601
nwpu_positive_285_000,nwpu_positive_285,train,2,ship,439,292,474,417,4375,1264,987,rgb,,138,1.623,False,0.23
nwpu_positive_285_001,nwpu_positive_285,train,2,ship,591,409,637,486,3542,1264,987,rgb,,85,2.635,False,0.49
nwpu_positive_285_002,nwpu_positive_285,train,2,ship,772,681,833,773,5612,1264,987,rgb,,101,2.218,False,0.55
nwpu_positive_285_003,nwpu_positive_285,train,2,ship,894,74,972,161,6786,1264,987,rgb,,96,2.333,False,0.736
nwpu_positive_285_004,nwpu_positive_285,train,2,ship,956,360,1045,458,8722,1264,987,rgb,,108,2.074,False,0.748
nwpu_positive_285_005,nwpu_positive_285,train,3,storage_tank,100,16,169,87,4899,1264,987,rgb,,78,2.872,False,0.805
nwpu_positive_285_006,nwpu_positive_285,train,3,storage_tank,170,28,235,97,4485,1264,987,rgb,,76,2.947,False,0.776
nwpu_positive_285_007,nwpu_positive_285,train,3,storage_tank,240,40,306,107,4422,1264,987,rgb,,74,3.027,False,0.808
nwpu_positive_285_008,nwpu_positive_285,train,3,storage_tank,310,49,373,119,4410,1264,987,rgb,,77,2.909,False,0.744
nwpu_positive_285_009,nwpu_positive_285,train,3,storage_tank,24,74,80,131,3192,1264,987,rgb,,63,3.556,False,0.804
nwpu_positive_285_010,nwpu_positive_285,train,3,storage_tank,23,136,78,196,3300,1264,987,rgb,,66,3.394,False,0.758
nwpu_positive_285_011,nwpu_positive_285,train,3,storage_tank,33,205,81,256,2448,1264,987,rgb,,56,4.0,False,0.781
nwpu_positive_285_012,nwpu_positive_285,train,3,storage_tank,31,262,79,308,2208,1264,987,rgb,,53,4.226,False,0.786
nwpu_positive_285_013,nwpu_positive_285,train,3,storage_tank,118,171,166,224,2544,1264,987,rgb,,58,3.862,False,0.756
nwpu_positive_285_014,nwpu_positive_285,train,3,storage_tank,166,179,213,230,2397,1264,987,rgb,,56,4.0,False,0.764
nwpu_positive_285_015,nwpu_positive_285,train,3,storage_tank,115,223,162,271,2256,1264,987,rgb,,53,4.226,False,0.803
nwpu_positive_285_016,nwpu_positive_285,train,3,storage_tank,163,230,211,278,2304,1264,987,rgb,,53,4.226,False,0.82
nwpu_positive_285_017,nwpu_positive_285,train,3,storage_tank,113,271,159,321,2300,1264,987,rgb,,55,4.073,False,0.76
nwpu_positive_285_018,nwpu_positive_285,train,3,storage_tank,161,278,209,327,2352,1264,987,rgb,,54,4.148,False,0.807
nwpu_positive_285_019,nwpu_positive_285,train,3,storage_tank,230,189,278,237,2304,1264,987,rgb,,53,4.226,False,0.82
nwpu_positive_285_020,nwpu_positive_285,train,3,storage_tank,279,196,325,244,2208,1264,987,rgb,,53,4.226,False,0.786
nwpu_positive_285_021,nwpu_positive_285,train,3,storage_tank,325,204,375,250,2300,1264,987,rgb,,55,4.073,False,0.76
nwpu_positive_285_022,nwpu_positive_285,train,3,storage_tank,226,235,274,289,2592,1264,987,rgb,,59,3.797,False,0.745
nwpu_positive_285_023,nwpu_positive_285,train,3,storage_tank,273,244,322,296,2548,1264,987,rgb,,57,3.93,False,0.784
nwpu_positive_285_024,nwpu_positive_285,train,3,storage_tank,322,250,371,302,2548,1264,987,rgb,,57,3.93,False,0.784
nwpu_positive_285_025,nwpu_positive_285,train,3,storage_tank,221,287,269,338,2448,1264,987,rgb,,56,4.0,False,0.781
nwpu_positive_285_026,nwpu_positive_285,train,3,storage_tank,271,292,318,344,2444,1264,987,rgb,,57,3.93,False,0.752
nwpu_positive_285_027,nwpu_positive_285,train,3,storage_tank,318,299,365,352,2491,1264,987,rgb,,58,3.862,False,0.74
nwpu_positive_285_028,nwpu_positive_285,train,3,storage_tank,218,414,274,473,3304,1264,987,rgb,,65,3.446,False,0.782
nwpu_positive_285_029,nwpu_positive_285,train,3,storage_tank,286,423,339,479,2968,1264,987,rgb,,62,3.613,False,0.772
nwpu_positive_285_030,nwpu_positive_285,train,3,storage_tank,101,92,165,159,4288,1264,987,rgb,,74,3.027,False,0.783
nwpu_positive_285_031,nwpu_positive_285,train,3,storage_tank,167,100,231,170,4480,1264,987,rgb,,77,2.909,False,0.756
nwpu_positive_285_032,nwpu_positive_285,train,3,storage_tank,236,110,301,176,4290,1264,987,rgb,,73,3.068,False,0.805
nwpu_positive_285_033,nwpu_positive_285,train,3,storage_tank,304,120,367,188,4284,1264,987,rgb,,75,2.987,False,0.762
nwpu_positive_285_034,nwpu_positive_285,train,3,storage_tank,24,9,85,50,2501,1264,987,rgb,,67,3.343,False,0.557
nwpu_positive_286_000,nwpu_positive_286,train,1,airplane,154,370,215,439,4209,979,751,rgb,,76,2.947,False,0.729
nwpu_positive_286_001,nwpu_positive_286,train,2,ship,470,596,554,660,5376,979,751,rgb,,92,2.435,False,0.635
nwpu_positive_286_002,nwpu_positive_286,train,2,ship,780,520,843,593,4599,979,751,rgb,,80,2.8,False,0.719
nwpu_positive_287_000,nwpu_positive_287,train,2,ship,106,55,195,77,1958,1152,671,rgb,,98,2.286,False,0.204
nwpu_positive_287_001,nwpu_positive_287,train,2,ship,402,53,494,77,2208,1152,671,rgb,,101,2.218,False,0.216
nwpu_positive_287_002,nwpu_positive_287,train,2,ship,508,55,597,79,2136,1152,671,rgb,,98,2.286,False,0.222
nwpu_positive_287_003,nwpu_positive_287,train,2,ship,36,89,83,165,3572,1152,671,rgb,,84,2.667,False,0.506
nwpu_positive_287_004,nwpu_positive_287,train,2,ship,73,429,164,452,2093,1152,671,rgb,,100,2.24,False,0.209
nwpu_positive_287_005,nwpu_positive_287,train,2,ship,278,458,353,479,1575,1152,671,rgb,,82,2.732,False,0.234
nwpu_positive_287_006,nwpu_positive_287,train,2,ship,560,561,587,652,2457,1152,671,rgb,,100,2.24,False,0.246
nwpu_positive_287_007,nwpu_positive_287,train,2,ship,805,435,890,459,2040,1152,671,rgb,,94,2.383,False,0.231
nwpu_positive_287_008,nwpu_positive_287,train,2,ship,971,442,1036,506,4160,1152,671,rgb,,72,3.111,False,0.802
nwpu_positive_287_009,nwpu_positive_287,train,3,storage_tank,527,129,579,181,2704,1152,671,rgb,,57,3.93,False,0.832
nwpu_positive_287_010,nwpu_positive_287,train,3,storage_tank,526,186,579,236,2650,1152,671,rgb,,58,3.862,False,0.788
nwpu_positive_287_011,nwpu_positive_287,train,3,storage_tank,524,238,576,288,2600,1152,671,rgb,,57,3.93,False,0.8
nwpu_positive_287_012,nwpu_positive_287,train,3,storage_tank,669,188,718,237,2401,1152,671,rgb,,54,4.148,False,0.823
nwpu_positive_287_013,nwpu_positive_287,train,3,storage_tank,669,239,717,289,2400,1152,671,rgb,,55,4.073,False,0.793
nwpu_positive_287_014,nwpu_positive_287,train,3,storage_tank,732,231,786,283,2808,1152,671,rgb,,59,3.797,False,0.807
nwpu_positive_287_015,nwpu_positive_287,train,3,storage_tank,792,232,844,283,2652,1152,671,rgb,,57,3.93,False,0.816
nwpu_positive_288_000,nwpu_positive_288,train,2,ship,355,191,426,222,2201,968,776,rgb,,78,2.872,False,0.362
nwpu_positive_288_001,nwpu_positive_288,train,2,ship,114,517,183,557,2760,968,776,rgb,,76,2.947,False,0.478
nwpu_positive_289_000,nwpu_positive_289,train,2,ship,113,327,170,369,2394,979,765,rgb,,63,3.556,False,0.603
nwpu_positive_289_001,nwpu_positive_289,train,3,storage_tank,651,642,698,692,2350,979,765,rgb,,55,4.073,False,0.777
nwpu_positive_289_002,nwpu_positive_289,train,3,storage_tank,686,612,733,658,2162,979,765,rgb,,52,4.308,False,0.8
nwpu_positive_289_003,nwpu_positive_289,train,3,storage_tank,719,647,766,694,2209,979,765,rgb,,52,4.308,False,0.817
nwpu_positive_289_004,nwpu_positive_289,train,3,storage_tank,683,678,730,727,2303,979,765,rgb,,54,4.148,False,0.79
nwpu_positive_289_005,nwpu_positive_289,train,3,storage_tank,739,270,763,295,600,979,765,rgb,,28,8.0,True,0.765
nwpu_positive_289_006,nwpu_positive_289,train,3,storage_tank,755,255,777,280,550,979,765,rgb,,28,8.0,True,0.702
nwpu_positive_289_007,nwpu_positive_289,train,3,storage_tank,769,272,792,296,552,979,765,rgb,,26,8.615,True,0.817
nwpu_positive_289_008,nwpu_positive_289,train,3,storage_tank,752,287,777,311,600,979,765,rgb,,28,8.0,True,0.765
nwpu_positive_290_000,nwpu_positive_290,train,2,ship,231,256,268,326,2590,978,760,rgb,,77,2.909,False,0.437
nwpu_positive_290_001,nwpu_positive_290,train,2,ship,198,395,250,461,3432,978,760,rgb,,73,3.068,False,0.644
nwpu_positive_290_002,nwpu_positive_290,train,2,ship,153,610,201,673,3024,978,760,rgb,,69,3.246,False,0.635
nwpu_positive_291_000,nwpu_positive_291,train,2,ship,97,285,166,314,2001,976,765,rgb,,76,2.947,False,0.346
nwpu_positive_291_001,nwpu_positive_291,train,2,ship,324,214,370,286,3312,976,765,rgb,,79,2.835,False,0.531
nwpu_positive_291_002,nwpu_positive_291,train,2,ship,455,184,512,245,3477,976,765,rgb,,67,3.343,False,0.775
nwpu_positive_292_000,nwpu_positive_292,train,2,ship,411,207,438,273,1782,974,750,rgb,,73,3.068,False,0.334
nwpu_positive_292_001,nwpu_positive_292,train,2,ship,474,180,498,253,1752,974,750,rgb,,80,2.8,False,0.274
nwpu_positive_292_002,nwpu_positive_292,train,2,ship,540,183,569,248,1885,974,750,rgb,,72,3.111,False,0.364
nwpu_positive_292_003,nwpu_positive_292,train,2,ship,681,119,709,186,1876,974,750,rgb,,74,3.027,False,0.343
nwpu_positive_292_004,nwpu_positive_292,train,2,ship,738,164,769,240,2356,974,750,rgb,,84,2.667,False,0.334
nwpu_positive_292_005,nwpu_positive_292,train,2,ship,744,258,769,326,1700,974,750,rgb,,75,2.987,False,0.302
nwpu_positive_292_006,nwpu_positive_292,train,2,ship,792,238,817,303,1625,974,750,rgb,,72,3.111,False,0.313
nwpu_positive_292_007,nwpu_positive_292,train,2,ship,799,158,832,223,2145,974,750,rgb,,72,3.111,False,0.414
nwpu_positive_293_000,nwpu_positive_293,train,2,ship,612,127,652,177,2000,964,761,rgb,,55,4.073,False,0.661
nwpu_positive_293_001,nwpu_positive_293,train,2,ship,504,619,540,684,2340,964,761,rgb,,72,3.111,False,0.451
nwpu_positive_295_000,nwpu_positive_295,train,2,ship,287,106,346,189,4897,1022,672,rgb,,91,2.462,False,0.591
nwpu_positive_295_001,nwpu_positive_295,train,2,ship,368,118,423,201,4565,1022,672,rgb,,91,2.462,False,0.551
nwpu_positive_295_002,nwpu_positive_295,train,2,ship,206,186,269,278,5796,1022,672,rgb,,101,2.218,False,0.568
nwpu_positive_295_003,nwpu_positive_295,train,2,ship,291,218,352,314,5856,1022,672,rgb,,106,2.113,False,0.521
nwpu_positive_295_004,nwpu_positive_295,train,2,ship,323,332,382,418,5074,1022,672,rgb,,95,2.358,False,0.562
nwpu_positive_295_005,nwpu_positive_295,train,2,ship,539,366,609,457,6370,1022,672,rgb,,100,2.24,False,0.637
nwpu_positive_295_006,nwpu_positive_295,train,2,ship,626,419,687,509,5490,1022,672,rgb,,99,2.263,False,0.56
nwpu_positive_295_007,nwpu_positive_295,train,2,ship,717,437,775,530,5394,1022,672,rgb,,102,2.196,False,0.518
nwpu_positive_297_000,nwpu_positive_297,train,2,ship,99,127,165,182,3630,968,776,rgb,,73,3.068,False,0.681
nwpu_positive_297_001,nwpu_positive_297,train,2,ship,355,193,426,223,2130,968,776,rgb,,78,2.872,False,0.35
nwpu_positive_297_002,nwpu_positive_297,train,2,ship,462,394,529,452,3886,968,776,rgb,,74,3.027,False,0.71
nwpu_positive_297_003,nwpu_positive_297,train,2,ship,116,519,184,554,2380,968,776,rgb,,75,2.987,False,0.423
nwpu_positive_297_004,nwpu_positive_297,train,2,ship,576,620,643,650,2010,968,776,rgb,,74,3.027,False,0.367
nwpu_positive_298_000,nwpu_positive_298,train,2,ship,108,49,181,101,3796,985,751,rgb,,80,2.8,False,0.593
nwpu_positive_298_001,nwpu_positive_298,train,2,ship,180,273,230,348,3750,985,751,rgb,,82,2.732,False,0.558
nwpu_positive_298_002,nwpu_positive_298,train,2,ship,767,278,853,327,4214,985,751,rgb,,95,2.358,False,0.467
nwpu_positive_299_000,nwpu_positive_299,val,2,ship,98,91,140,187,4032,974,749,rgb,,106,2.113,False,0.359
nwpu_positive_299_001,nwpu_positive_299,val,2,ship,323,187,360,251,2368,974,749,rgb,,70,3.2,False,0.483
nwpu_positive_299_002,nwpu_positive_299,val,2,ship,494,539,551,608,3933,974,749,rgb,,76,2.947,False,0.681
nwpu_positive_299_003,nwpu_positive_299,val,2,ship,533,633,579,705,3312,974,749,rgb,,79,2.835,False,0.531
nwpu_positive_300_000,nwpu_positive_300,train,2,ship,70,119,161,144,2275,970,771,rgb,,100,2.24,False,0.228
nwpu_positive_300_001,nwpu_positive_300,train,2,ship,377,364,452,418,4050,970,771,rgb,,82,2.732,False,0.602
nwpu_positive_300_002,nwpu_positive_300,train,2,ship,534,266,588,341,4050,970,771,rgb,,82,2.732,False,0.602
nwpu_positive_301_000,nwpu_positive_301,train,1,airplane,41,131,82,174,1763,1152,760,rgb,,47,4.766,False,0.798
nwpu_positive_301_001,nwpu_positive_301,train,1,airplane,196,99,255,159,3540,1152,760,rgb,,66,3.394,False,0.813
nwpu_positive_301_002,nwpu_positive_301,train,2,ship,820,63,896,136,5548,1152,760,rgb,,84,2.667,False,0.786
nwpu_positive_301_003,nwpu_positive_301,train,2,ship,1031,474,1106,545,5325,1152,760,rgb,,82,2.732,False,0.792
nwpu_positive_302_000,nwpu_positive_302,val,2,ship,447,402,539,444,3864,1026,662,rgb,,101,2.218,False,0.379
nwpu_positive_302_001,nwpu_positive_302,val,2,ship,794,469,888,499,2820,1026,662,rgb,,103,2.175,False,0.266
nwpu_positive_303_000,nwpu_positive_303,train,2,ship,146,134,197,202,3468,964,761,rgb,,75,2.987,False,0.617
nwpu_positive_303_001,nwpu_positive_303,train,2,ship,264,314,291,380,1782,964,761,rgb,,73,3.068,False,0.334
nwpu_positive_303_002,nwpu_positive_303,train,2,ship,307,581,352,629,2160,964,761,rgb,,53,4.226,False,0.769
nwpu_positive_303_003,nwpu_positive_303,train,2,ship,421,75,457,137,2232,964,761,rgb,,68,3.294,False,0.483
nwpu_positive_303_004,nwpu_positive_303,train,2,ship,589,84,628,144,2340,964,761,rgb,,66,3.394,False,0.537
nwpu_positive_306_000,nwpu_positive_306,train,2,ship,549,428,601,495,3484,937,750,rgb,,74,3.027,False,0.636
nwpu_positive_307_000,nwpu_positive_307,train,2,ship,401,65,421,98,660,974,749,rgb,,36,6.222,True,0.509
nwpu_positive_307_001,nwpu_positive_307,train,2,ship,449,159,466,189,510,974,749,rgb,,33,6.788,True,0.468
nwpu_positive_307_002,nwpu_positive_307,train,2,ship,619,513,644,543,750,974,749,rgb,,33,6.788,True,0.689
nwpu_positive_307_003,nwpu_positive_307,train,2,ship,843,596,863,627,620,974,749,rgb,,34,6.588,True,0.536
nwpu_positive_308_000,nwpu_positive_308,val,2,ship,458,228,529,295,4757,996,694,rgb,,78,2.872,False,0.782
nwpu_positive_308_001,nwpu_positive_308,val,2,ship,766,175,835,208,2277,996,694,rgb,,76,2.947,False,0.394
nwpu_positive_308_002,nwpu_positive_308,val,2,ship,126,271,202,320,3724,996,694,rgb,,84,2.667,False,0.528
nwpu_positive_308_003,nwpu_positive_308,val,2,ship,24,529,91,552,1541,996,694,rgb,,74,3.027,False,0.281
nwpu_positive_308_004,nwpu_positive_308,val,3,storage_tank,227,65,283,122,3192,996,694,rgb,,63,3.556,False,0.804
nwpu_positive_308_005,nwpu_positive_308,val,3,storage_tank,273,87,329,143,3136,996,694,rgb,,62,3.613,False,0.816
nwpu_positive_308_006,nwpu_positive_308,val,3,storage_tank,119,485,154,520,1225,996,694,rgb,,38,5.895,False,0.848
nwpu_positive_308_007,nwpu_positive_308,val,3,storage_tank,154,484,191,522,1406,996,694,rgb,,42,5.333,False,0.797
nwpu_positive_308_008,nwpu_positive_308,val,3,storage_tank,190,484,226,520,1296,996,694,rgb,,40,5.6,False,0.81
nwpu_positive_308_009,nwpu_positive_308,val,3,storage_tank,225,484,261,522,1368,996,694,rgb,,42,5.333,False,0.776
nwpu_positive_308_010,nwpu_positive_308,val,3,storage_tank,130,528,170,563,1400,996,694,rgb,,44,5.091,False,0.723
nwpu_positive_308_011,nwpu_positive_308,val,3,storage_tank,167,525,205,563,1444,996,694,rgb,,42,5.333,False,0.819
nwpu_positive_308_012,nwpu_positive_308,val,3,storage_tank,204,527,241,565,1406,996,694,rgb,,42,5.333,False,0.797
nwpu_positive_308_013,nwpu_positive_308,val,3,storage_tank,239,528,277,564,1368,996,694,rgb,,42,5.333,False,0.776
nwpu_positive_308_014,nwpu_positive_308,val,3,storage_tank,189,569,227,603,1292,996,694,rgb,,42,5.333,False,0.732
nwpu_positive_308_015,nwpu_positive_308,val,3,storage_tank,231,569,272,610,1681,996,694,rgb,,45,4.978,False,0.83
nwpu_positive_308_016,nwpu_positive_308,val,3,storage_tank,189,602,226,642,1480,996,694,rgb,,44,5.091,False,0.764
nwpu_positive_308_017,nwpu_positive_308,val,3,storage_tank,233,610,270,645,1295,996,694,rgb,,41,5.463,False,0.77
nwpu_positive_308_018,nwpu_positive_308,val,3,storage_tank,53,643,90,682,1443,996,694,rgb,,43,5.209,False,0.78
nwpu_positive_309_000,nwpu_positive_309,val,2,ship,777,289,872,332,4085,981,774,rgb,,105,2.133,False,0.371
nwpu_positive_309_001,nwpu_positive_309,val,2,ship,332,369,360,442,2044,981,774,rgb,,80,2.8,False,0.319
nwpu_positive_309_002,nwpu_positive_309,val,3,storage_tank,149,187,189,227,1600,981,774,rgb,,44,5.091,False,0.826
nwpu_positive_309_003,nwpu_positive_309,val,3,storage_tank,150,225,180,255,900,981,774,rgb,,33,6.788,True,0.826
nwpu_positive_309_004,nwpu_positive_309,val,3,storage_tank,149,258,179,288,900,981,774,rgb,,33,6.788,True,0.826
nwpu_positive_309_005,nwpu_positive_309,val,3,storage_tank,185,209,235,263,2700,981,774,rgb,,59,3.797,False,0.776
nwpu_positive_309_006,nwpu_positive_309,val,3,storage_tank,234,210,286,264,2808,981,774,rgb,,59,3.797,False,0.807
nwpu_positive_309_007,nwpu_positive_309,val,3,storage_tank,180,261,232,313,2704,981,774,rgb,,57,3.93,False,0.832
nwpu_positive_309_008,nwpu_positive_309,val,3,storage_tank,229,262,284,316,2970,981,774,rgb,,61,3.672,False,0.798
nwpu_positive_309_009,nwpu_positive_309,val,3,storage_tank,144,322,170,351,754,981,774,rgb,,32,7.0,True,0.736
nwpu_positive_309_010,nwpu_positive_309,val,3,storage_tank,167,321,194,355,918,981,774,rgb,,37,6.054,True,0.671
nwpu_positive_309_011,nwpu_positive_309,val,3,storage_tank,189,324,217,356,896,981,774,rgb,,35,6.4,True,0.731
nwpu_positive_309_012,nwpu_positive_309,val,3,storage_tank,213,325,239,357,832,981,774,rgb,,35,6.4,True,0.679
nwpu_positive_309_013,nwpu_positive_309,val,3,storage_tank,236,327,262,359,832,981,774,rgb,,35,6.4,True,0.679
nwpu_positive_309_014,nwpu_positive_309,val,3,storage_tank,260,326,287,361,945,981,774,rgb,,38,5.895,False,0.654
nwpu_positive_310_000,nwpu_positive_310,train,2,ship,70,140,167,175,3395,972,744,rgb,,107,2.093,False,0.297
nwpu_positive_310_001,nwpu_positive_310,train,2,ship,685,500,721,619,4284,972,744,rgb,,131,1.71,False,0.25
nwpu_positive_310_002,nwpu_positive_310,train,2,ship,846,427,893,523,4512,972,744,rgb,,106,2.113,False,0.402
nwpu_positive_310_003,nwpu_positive_310,train,3,storage_tank,249,408,285,444,1296,972,744,rgb,,40,5.6,False,0.81
nwpu_positive_310_004,nwpu_positive_310,train,3,storage_tank,284,440,329,483,1935,972,744,rgb,,50,4.48,False,0.774
nwpu_positive_310_005,nwpu_positive_310,train,3,storage_tank,282,373,318,411,1368,972,744,rgb,,42,5.333,False,0.776
nwpu_positive_310_006,nwpu_positive_310,train,3,storage_tank,319,409,357,447,1444,972,744,rgb,,42,5.333,False,0.819
nwpu_positive_310_007,nwpu_positive_310,train,3,storage_tank,315,336,352,375,1443,972,744,rgb,,43,5.209,False,0.78
nwpu_positive_310_008,nwpu_positive_310,train,3,storage_tank,353,374,392,410,1404,972,744,rgb,,43,5.209,False,0.759
nwpu_positive_310_009,nwpu_positive_310,train,3,storage_tank,346,302,383,341,1443,972,744,rgb,,43,5.209,False,0.78
nwpu_positive_310_010,nwpu_positive_310,train,3,storage_tank,385,339,422,376,1369,972,744,rgb,,41,5.463,False,0.814
nwpu_positive_310_011,nwpu_positive_310,train,3,storage_tank,386,257,417,294,1147,972,744,rgb,,41,5.463,False,0.682
nwpu_positive_310_012,nwpu_positive_310,train,3,storage_tank,415,286,449,321,1190,972,744,rgb,,38,5.895,False,0.824
nwpu_positive_310_013,nwpu_positive_310,train,3,storage_tank,453,254,486,287,1089,972,744,rgb,,36,6.222,True,0.84
nwpu_positive_310_014,nwpu_positive_310,train,3,storage_tank,491,109,518,137,756,972,744,rgb,,31,7.226,True,0.787
nwpu_positive_310_015,nwpu_positive_310,train,3,storage_tank,584,113,618,152,1326,972,744,rgb,,43,5.209,False,0.717
nwpu_positive_310_016,nwpu_positive_310,train,3,storage_tank,608,91,643,125,1190,972,744,rgb,,38,5.895,False,0.824
nwpu_positive_310_017,nwpu_positive_310,train,3,storage_tank,640,132,673,166,1122,972,744,rgb,,37,6.054,True,0.82
nwpu_positive_311_000,nwpu_positive_311,train,3,storage_tank,91,567,159,627,4080,1728,1028,rgb,,75,2.987,False,0.725
nwpu_positive_311_001,nwpu_positive_311,train,3,storage_tank,85,636,169,712,6384,1728,1028,rgb,,92,2.435,False,0.754
nwpu_positive_311_002,nwpu_positive_311,train,3,storage_tank,90,751,169,825,5846,1728,1028,rgb,,87,2.575,False,0.772
nwpu_positive_311_003,nwpu_positive_311,train,3,storage_tank,88,837,171,912,6225,1728,1028,rgb,,91,2.462,False,0.752
nwpu_positive_311_004,nwpu_positive_311,train,3,storage_tank,198,693,277,766,5767,1728,1028,rgb,,87,2.575,False,0.762
nwpu_positive_311_005,nwpu_positive_311,train,3,storage_tank,196,768,274,843,5850,1728,1028,rgb,,86,2.605,False,0.791
nwpu_positive_311_006,nwpu_positive_311,train,3,storage_tank,195,849,280,921,6120,1728,1028,rgb,,94,2.383,False,0.693
nwpu_positive_311_007,nwpu_positive_311,train,3,storage_tank,297,685,376,762,6083,1728,1028,rgb,,87,2.575,False,0.804
nwpu_positive_311_008,nwpu_positive_311,train,3,storage_tank,295,766,378,841,6225,1728,1028,rgb,,91,2.462,False,0.752
nwpu_positive_311_009,nwpu_positive_311,train,3,storage_tank,408,684,492,765,6804,1728,1028,rgb,,92,2.435,False,0.804
nwpu_positive_311_010,nwpu_positive_311,train,3,storage_tank,411,763,495,847,7056,1728,1028,rgb,,92,2.435,False,0.834
nwpu_positive_311_011,nwpu_positive_311,train,3,storage_tank,409,867,496,946,6873,1728,1028,rgb,,96,2.333,False,0.746
nwpu_positive_311_012,nwpu_positive_311,train,3,storage_tank,501,681,582,759,6318,1728,1028,rgb,,89,2.517,False,0.798
nwpu_positive_311_013,nwpu_positive_311,train,3,storage_tank,499,763,582,843,6640,1728,1028,rgb,,91,2.462,False,0.802
nwpu_positive_311_014,nwpu_positive_311,train,3,storage_tank,610,679,684,742,4662,1728,1028,rgb,,81,2.765,False,0.711
nwpu_positive_311_015,nwpu_positive_311,train,3,storage_tank,615,745,685,810,4550,1728,1028,rgb,,77,2.909,False,0.767
nwpu_positive_311_016,nwpu_positive_311,train,3,storage_tank,616,825,687,891,4686,1728,1028,rgb,,78,2.872,False,0.77
nwpu_positive_311_017,nwpu_positive_311,train,3,storage_tank,616,894,687,958,4544,1728,1028,rgb,,78,2.872,False,0.747
nwpu_positive_311_018,nwpu_positive_311,train,3,storage_tank,687,675,756,741,4554,1728,1028,rgb,,76,2.947,False,0.788
nwpu_positive_311_019,nwpu_positive_311,train,3,storage_tank,684,747,754,808,4270,1728,1028,rgb,,77,2.909,False,0.72
nwpu_positive_311_020,nwpu_positive_311,train,3,storage_tank,691,823,759,882,4012,1728,1028,rgb,,75,2.987,False,0.713
nwpu_positive_311_021,nwpu_positive_311,train,3,storage_tank,688,892,759,958,4686,1728,1028,rgb,,78,2.872,False,0.77
nwpu_positive_311_022,nwpu_positive_311,train,3,storage_tank,796,690,864,753,4284,1728,1028,rgb,,75,2.987,False,0.762
nwpu_positive_311_023,nwpu_positive_311,train,3,storage_tank,867,691,931,757,4224,1728,1028,rgb,,73,3.068,False,0.793
nwpu_positive_311_024,nwpu_positive_311,train,3,storage_tank,795,783,871,864,6156,1728,1028,rgb,,89,2.517,False,0.777
nwpu_positive_311_025,nwpu_positive_311,train,3,storage_tank,778,883,853,952,5175,1728,1028,rgb,,82,2.732,False,0.77
nwpu_positive_311_026,nwpu_positive_311,train,3,storage_tank,859,880,937,955,5850,1728,1028,rgb,,86,2.605,False,0.791
nwpu_positive_311_027,nwpu_positive_311,train,3,storage_tank,825,427,901,499,5472,1728,1028,rgb,,84,2.667,False,0.776
nwpu_positive_311_028,nwpu_positive_311,train,3,storage_tank,903,453,979,525,5472,1728,1028,rgb,,84,2.667,False,0.776
nwpu_positive_311_029,nwpu_positive_311,train,3,storage_tank,999,442,1078,522,6320,1728,1028,rgb,,88,2.545,False,0.816
nwpu_positive_311_030,nwpu_positive_311,train,3,storage_tank,1077,444,1158,522,6318,1728,1028,rgb,,89,2.517,False,0.798
nwpu_positive_311_031,nwpu_positive_311,train,3,storage_tank,954,297,1029,361,4800,1728,1028,rgb,,82,2.732,False,0.714
nwpu_positive_311_032,nwpu_positive_311,train,3,storage_tank,1078,333,1149,394,4331,1728,1028,rgb,,78,2.872,False,0.712
nwpu_positive_311_033,nwpu_positive_311,train,3,storage_tank,1176,262,1251,331,5175,1728,1028,rgb,,82,2.732,False,0.77
nwpu_positive_311_034,nwpu_positive_311,train,3,storage_tank,1258,292,1314,354,3472,1728,1028,rgb,,68,3.294,False,0.751
nwpu_positive_311_035,nwpu_positive_311,train,3,storage_tank,1233,342,1296,399,3591,1728,1028,rgb,,69,3.246,False,0.754
nwpu_positive_311_036,nwpu_positive_311,train,3,storage_tank,1306,333,1377,399,4686,1728,1028,rgb,,78,2.872,False,0.77
nwpu_positive_311_037,nwpu_positive_311,train,3,storage_tank,1009,661,1086,739,6006,1728,1028,rgb,,86,2.605,False,0.812
nwpu_positive_311_038,nwpu_positive_311,train,3,storage_tank,961,783,1029,841,3944,1728,1028,rgb,,75,2.987,False,0.701
nwpu_positive_311_039,nwpu_positive_311,train,3,storage_tank,961,835,1021,894,3540,1728,1028,rgb,,66,3.394,False,0.813
nwpu_positive_311_040,nwpu_positive_311,train,3,storage_tank,961,886,1029,949,4284,1728,1028,rgb,,75,2.987,False,0.762
nwpu_positive_311_041,nwpu_positive_311,train,3,storage_tank,1042,777,1104,837,3720,1728,1028,rgb,,68,3.294,False,0.804
nwpu_positive_311_042,nwpu_positive_311,train,3,storage_tank,1039,840,1104,894,3510,1728,1028,rgb,,72,3.111,False,0.677
nwpu_positive_311_043,nwpu_positive_311,train,3,storage_tank,1039,888,1104,942,3510,1728,1028,rgb,,72,3.111,False,0.677
nwpu_positive_311_044,nwpu_positive_311,train,3,storage_tank,1126,777,1204,849,5616,1728,1028,rgb,,86,2.605,False,0.759
nwpu_positive_311_045,nwpu_positive_311,train,3,storage_tank,1126,852,1203,918,5082,1728,1028,rgb,,85,2.635,False,0.703
nwpu_positive_311_046,nwpu_positive_311,train,3,storage_tank,1224,783,1290,843,3960,1728,1028,rgb,,73,3.068,False,0.743
nwpu_positive_311_047,nwpu_positive_311,train,3,storage_tank,1219,852,1287,912,4080,1728,1028,rgb,,75,2.987,False,0.725
nwpu_positive_311_048,nwpu_positive_311,train,3,storage_tank,1314,813,1393,889,6004,1728,1028,rgb,,87,2.575,False,0.793
nwpu_positive_311_049,nwpu_positive_311,train,3,storage_tank,1423,777,1489,831,3564,1728,1028,rgb,,73,3.068,False,0.669
nwpu_positive_311_050,nwpu_positive_311,train,3,storage_tank,1423,831,1483,891,3600,1728,1028,rgb,,66,3.394,False,0.826
nwpu_positive_311_051,nwpu_positive_311,train,3,storage_tank,1492,769,1566,826,4218,1728,1028,rgb,,81,2.765,False,0.643
nwpu_positive_311_052,nwpu_positive_311,train,3,storage_tank,1491,817,1563,882,4680,1728,1028,rgb,,79,2.835,False,0.75
nwpu_positive_311_053,nwpu_positive_311,train,3,storage_tank,1576,801,1642,862,4026,1728,1028,rgb,,73,3.068,False,0.755
nwpu_positive_311_054,nwpu_positive_311,train,3,storage_tank,1636,766,1704,829,4284,1728,1028,rgb,,75,2.987,False,0.762
nwpu_positive_311_055,nwpu_positive_311,train,2,ship,451,300,549,411,10878,1728,1028,rgb,,122,1.836,False,0.731
nwpu_positive_311_056,nwpu_positive_311,train,2,ship,730,58,843,186,14464,1728,1028,rgb,,141,1.589,False,0.728
nwpu_positive_311_057,nwpu_positive_311,train,3,storage_tank,1030,235,1098,300,4420,1728,1028,rgb,,75,2.987,False,0.786
nwpu_positive_312_000,nwpu_positive_312,train,3,storage_tank,409,192,478,258,4554,1728,968,rgb,,76,2.947,False,0.788
nwpu_positive_312_001,nwpu_positive_312,train,3,storage_tank,483,189,555,258,4968,1728,968,rgb,,79,2.835,False,0.796
nwpu_positive_312_002,nwpu_positive_312,train,3,storage_tank,598,192,670,262,5040,1728,968,rgb,,79,2.835,False,0.808
nwpu_positive_312_003,nwpu_positive_312,train,3,storage_tank,598,261,663,330,4485,1728,968,rgb,,76,2.947,False,0.776
nwpu_positive_312_004,nwpu_positive_312,train,3,storage_tank,709,114,787,186,5616,1728,968,rgb,,86,2.605,False,0.759
nwpu_positive_312_005,nwpu_positive_312,train,3,storage_tank,706,192,780,262,5180,1728,968,rgb,,81,2.765,False,0.79
nwpu_positive_312_006,nwpu_positive_312,train,3,storage_tank,685,264,757,333,4968,1728,968,rgb,,79,2.835,False,0.796
nwpu_positive_312_007,nwpu_positive_312,train,3,storage_tank,834,102,916,177,6150,1728,968,rgb,,90,2.489,False,0.759
nwpu_positive_312_008,nwpu_positive_312,train,3,storage_tank,837,181,916,253,5688,1728,968,rgb,,87,2.575,False,0.751
nwpu_positive_312_009,nwpu_positive_312,train,3,storage_tank,832,258,913,333,6075,1728,968,rgb,,89,2.517,False,0.767
nwpu_positive_312_010,nwpu_positive_312,train,3,storage_tank,958,100,1036,178,6084,1728,968,rgb,,86,2.605,False,0.823
nwpu_positive_312_011,nwpu_positive_312,train,3,storage_tank,957,178,1036,253,5925,1728,968,rgb,,87,2.575,False,0.783
nwpu_positive_312_012,nwpu_positive_312,train,3,storage_tank,954,258,1035,337,6399,1728,968,rgb,,89,2.517,False,0.808
nwpu_positive_312_013,nwpu_positive_312,train,3,storage_tank,1087,103,1168,178,6075,1728,968,rgb,,89,2.517,False,0.767
nwpu_positive_312_014,nwpu_positive_312,train,3,storage_tank,1089,181,1170,256,6075,1728,968,rgb,,89,2.517,False,0.767
nwpu_positive_312_015,nwpu_positive_312,train,3,storage_tank,1090,259,1170,336,6160,1728,968,rgb,,88,2.545,False,0.795
nwpu_positive_312_016,nwpu_positive_312,train,3,storage_tank,1195,97,1260,156,3835,1728,968,rgb,,72,3.111,False,0.74
nwpu_positive_312_017,nwpu_positive_312,train,3,storage_tank,1198,153,1264,213,3960,1728,968,rgb,,73,3.068,False,0.743
nwpu_positive_312_018,nwpu_positive_312,train,3,storage_tank,409,520,492,603,6889,1728,968,rgb,,91,2.462,False,0.832
nwpu_positive_312_019,nwpu_positive_312,train,3,storage_tank,409,601,493,676,6300,1728,968,rgb,,92,2.435,False,0.744
nwpu_positive_312_020,nwpu_positive_312,train,3,storage_tank,504,525,588,603,6552,1728,968,rgb,,92,2.435,False,0.774
nwpu_positive_312_021,nwpu_positive_312,train,3,storage_tank,507,600,588,675,6075,1728,968,rgb,,89,2.517,False,0.767
nwpu_positive_312_022,nwpu_positive_312,train,3,storage_tank,235,709,324,795,7654,1728,968,rgb,,98,2.286,False,0.797
nwpu_positive_312_023,nwpu_positive_312,train,3,storage_tank,253,789,334,873,6804,1728,968,rgb,,92,2.435,False,0.804
nwpu_positive_312_024,nwpu_positive_312,train,3,storage_tank,321,706,399,792,6708,1728,968,rgb,,95,2.358,False,0.743
nwpu_positive_312_025,nwpu_positive_312,train,3,storage_tank,331,811,402,883,5112,1728,968,rgb,,79,2.835,False,0.819
nwpu_positive_312_026,nwpu_positive_312,train,3,storage_tank,384,768,450,837,4554,1728,968,rgb,,76,2.947,False,0.788
nwpu_positive_312_027,nwpu_positive_312,train,3,storage_tank,460,717,532,786,4968,1728,968,rgb,,79,2.835,False,0.796
nwpu_positive_312_028,nwpu_positive_312,train,3,storage_tank,507,774,567,834,3600,1728,968,rgb,,66,3.394,False,0.826
nwpu_positive_312_029,nwpu_positive_312,train,3,storage_tank,456,810,535,883,5767,1728,968,rgb,,87,2.575,False,0.762
nwpu_positive_312_030,nwpu_positive_312,train,3,storage_tank,594,721,682,801,7040,1728,968,rgb,,97,2.309,False,0.748
nwpu_positive_312_031,nwpu_positive_312,train,3,storage_tank,594,799,681,879,6960,1728,968,rgb,,96,2.333,False,0.755
nwpu_positive_312_032,nwpu_positive_312,train,3,storage_tank,699,717,777,792,5850,1728,968,rgb,,86,2.605,False,0.791
nwpu_positive_312_033,nwpu_positive_312,train,3,storage_tank,694,796,774,874,6240,1728,968,rgb,,88,2.545,False,0.806
nwpu_positive_312_034,nwpu_positive_312,train,3,storage_tank,783,751,879,828,7392,1728,968,rgb,,106,2.113,False,0.658
nwpu_positive_312_035,nwpu_positive_312,train,3,storage_tank,700,369,781,450,6561,1728,968,rgb,,89,2.517,False,0.828
nwpu_positive_312_036,nwpu_positive_312,train,3,storage_tank,699,451,781,529,6396,1728,968,rgb,,90,2.489,False,0.79
nwpu_positive_312_037,nwpu_positive_312,train,3,storage_tank,700,529,789,609,7120,1728,968,rgb,,98,2.286,False,0.741
nwpu_positive_312_038,nwpu_positive_312,train,3,storage_tank,705,606,781,672,5016,1728,968,rgb,,84,2.667,False,0.711
nwpu_positive_312_039,nwpu_positive_312,train,3,storage_tank,834,375,921,451,6612,1728,968,rgb,,96,2.333,False,0.717
nwpu_positive_312_040,nwpu_positive_312,train,3,storage_tank,829,451,913,531,6720,1728,968,rgb,,92,2.435,False,0.794
nwpu_positive_312_041,nwpu_positive_312,train,3,storage_tank,838,529,916,607,6084,1728,968,rgb,,86,2.605,False,0.823
nwpu_positive_312_042,nwpu_positive_312,train,3,storage_tank,835,610,909,678,5032,1728,968,rgb,,81,2.765,False,0.767
nwpu_positive_312_043,nwpu_positive_312,train,3,storage_tank,955,373,1041,451,6708,1728,968,rgb,,95,2.358,False,0.743
nwpu_positive_312_044,nwpu_positive_312,train,3,storage_tank,957,451,1038,529,6318,1728,968,rgb,,89,2.517,False,0.798
nwpu_positive_312_045,nwpu_positive_312,train,3,storage_tank,1108,381,1185,457,5852,1728,968,rgb,,85,2.635,False,0.81
nwpu_positive_313_000,nwpu_positive_313,train,3,storage_tank,201,67,267,130,4158,1259,820,rgb,,73,3.068,False,0.78
nwpu_positive_313_001,nwpu_positive_313,train,3,storage_tank,201,135,267,202,4422,1259,820,rgb,,74,3.027,False,0.808
nwpu_positive_313_002,nwpu_positive_313,train,3,storage_tank,201,241,267,303,4092,1259,820,rgb,,73,3.068,False,0.768
nwpu_positive_313_003,nwpu_positive_313,train,3,storage_tank,201,309,267,378,4554,1259,820,rgb,,76,2.947,False,0.788
nwpu_positive_313_004,nwpu_positive_313,train,3,storage_tank,262,62,326,128,4224,1259,820,rgb,,73,3.068,False,0.793
nwpu_positive_313_005,nwpu_positive_313,train,3,storage_tank,262,136,326,201,4160,1259,820,rgb,,72,3.111,False,0.802
nwpu_positive_313_006,nwpu_positive_313,train,3,storage_tank,262,241,326,303,3968,1259,820,rgb,,70,3.2,False,0.81
nwpu_positive_313_007,nwpu_positive_313,train,3,storage_tank,262,309,326,378,4416,1259,820,rgb,,76,2.947,False,0.765
nwpu_positive_313_008,nwpu_positive_313,train,3,storage_tank,206,451,265,519,4012,1259,820,rgb,,75,2.987,False,0.713
nwpu_positive_313_009,nwpu_positive_313,train,3,storage_tank,206,537,265,607,4130,1259,820,rgb,,77,2.909,False,0.697
nwpu_positive_313_010,nwpu_positive_313,train,3,storage_tank,206,645,265,711,3894,1259,820,rgb,,73,3.068,False,0.731
nwpu_positive_313_011,nwpu_positive_313,train,3,storage_tank,206,723,265,781,3422,1259,820,rgb,,65,3.446,False,0.81
nwpu_positive_313_012,nwpu_positive_313,train,3,storage_tank,267,451,331,519,4352,1259,820,rgb,,75,2.987,False,0.774
nwpu_positive_313_013,nwpu_positive_313,train,3,storage_tank,267,537,331,607,4480,1259,820,rgb,,77,2.909,False,0.756
nwpu_positive_313_014,nwpu_positive_313,train,3,storage_tank,267,645,331,711,4224,1259,820,rgb,,73,3.068,False,0.793
nwpu_positive_313_015,nwpu_positive_313,train,3,storage_tank,267,723,331,781,3712,1259,820,rgb,,70,3.2,False,0.758
nwpu_positive_313_016,nwpu_positive_313,train,3,storage_tank,331,451,396,519,4420,1259,820,rgb,,75,2.987,False,0.786
nwpu_positive_313_017,nwpu_positive_313,train,3,storage_tank,331,537,396,607,4550,1259,820,rgb,,77,2.909,False,0.767
nwpu_positive_313_018,nwpu_positive_313,train,3,storage_tank,331,645,396,711,4290,1259,820,rgb,,73,3.068,False,0.805
nwpu_positive_313_019,nwpu_positive_313,train,3,storage_tank,331,723,396,781,3770,1259,820,rgb,,72,3.111,False,0.727
nwpu_positive_313_020,nwpu_positive_313,train,3,storage_tank,396,451,460,519,4352,1259,820,rgb,,75,2.987,False,0.774
nwpu_positive_313_021,nwpu_positive_313,train,3,storage_tank,396,537,460,607,4480,1259,820,rgb,,77,2.909,False,0.756
nwpu_positive_313_022,nwpu_positive_313,train,3,storage_tank,396,645,460,711,4224,1259,820,rgb,,73,3.068,False,0.793
nwpu_positive_313_023,nwpu_positive_313,train,3,storage_tank,396,723,460,781,3712,1259,820,rgb,,70,3.2,False,0.758
nwpu_positive_313_024,nwpu_positive_313,train,3,storage_tank,532,133,600,195,4216,1259,820,rgb,,75,2.987,False,0.75
nwpu_positive_313_025,nwpu_positive_313,train,3,storage_tank,532,205,600,267,4216,1259,820,rgb,,75,2.987,False,0.75
nwpu_positive_313_026,nwpu_positive_313,train,3,storage_tank,668,64,732,127,4032,1259,820,rgb,,70,3.2,False,0.823
nwpu_positive_313_027,nwpu_positive_313,train,3,storage_tank,668,138,732,198,3840,1259,820,rgb,,70,3.2,False,0.784
nwpu_positive_313_028,nwpu_positive_313,train,3,storage_tank,668,192,732,254,3968,1259,820,rgb,,70,3.2,False,0.81
nwpu_positive_313_029,nwpu_positive_313,train,3,storage_tank,668,250,732,315,4160,1259,820,rgb,,72,3.111,False,0.802
nwpu_positive_313_030,nwpu_positive_313,train,3,storage_tank,668,310,732,369,3776,1259,820,rgb,,70,3.2,False,0.771
nwpu_positive_313_031,nwpu_positive_313,train,3,storage_tank,729,64,800,127,4473,1259,820,rgb,,78,2.872,False,0.735
nwpu_positive_313_032,nwpu_positive_313,train,3,storage_tank,729,138,800,198,4260,1259,820,rgb,,78,2.872,False,0.7
nwpu_positive_313_033,nwpu_positive_313,train,3,storage_tank,729,192,800,254,4402,1259,820,rgb,,78,2.872,False,0.724
nwpu_positive_313_034,nwpu_positive_313,train,3,storage_tank,729,250,800,315,4615,1259,820,rgb,,78,2.872,False,0.759
nwpu_positive_313_035,nwpu_positive_313,train,3,storage_tank,729,310,800,369,4189,1259,820,rgb,,78,2.872,False,0.689
nwpu_positive_313_036,nwpu_positive_313,train,3,storage_tank,534,453,598,514,3904,1259,820,rgb,,70,3.2,False,0.797
nwpu_positive_313_037,nwpu_positive_313,train,3,storage_tank,534,538,598,603,4160,1259,820,rgb,,72,3.111,False,0.802
nwpu_positive_313_038,nwpu_positive_313,train,3,storage_tank,534,645,598,712,4288,1259,820,rgb,,74,3.027,False,0.783
nwpu_positive_313_039,nwpu_positive_313,train,3,storage_tank,600,453,661,514,3721,1259,820,rgb,,67,3.343,False,0.829
nwpu_positive_313_040,nwpu_positive_313,train,3,storage_tank,600,538,661,603,3965,1259,820,rgb,,72,3.111,False,0.765
nwpu_positive_313_041,nwpu_positive_313,train,3,storage_tank,600,645,661,712,4087,1259,820,rgb,,74,3.027,False,0.746
nwpu_positive_313_042,nwpu_positive_313,train,3,storage_tank,664,453,728,514,3904,1259,820,rgb,,70,3.2,False,0.797
nwpu_positive_313_043,nwpu_positive_313,train,3,storage_tank,664,538,728,603,4160,1259,820,rgb,,72,3.111,False,0.802
nwpu_positive_313_044,nwpu_positive_313,train,3,storage_tank,664,645,728,712,4288,1259,820,rgb,,74,3.027,False,0.783
nwpu_positive_313_045,nwpu_positive_313,train,3,storage_tank,730,453,794,514,3904,1259,820,rgb,,70,3.2,False,0.797
nwpu_positive_313_046,nwpu_positive_313,train,3,storage_tank,730,538,794,603,4160,1259,820,rgb,,72,3.111,False,0.802
nwpu_positive_313_047,nwpu_positive_313,train,3,storage_tank,730,645,794,712,4288,1259,820,rgb,,74,3.027,False,0.783
nwpu_positive_313_048,nwpu_positive_313,train,3,storage_tank,1084,189,1144,254,3900,1259,820,rgb,,72,3.111,False,0.752
nwpu_positive_313_049,nwpu_positive_313,train,3,storage_tank,1146,189,1208,254,4030,1259,820,rgb,,72,3.111,False,0.777
nwpu_positive_313_050,nwpu_positive_313,train,3,storage_tank,1060,454,1122,518,3968,1259,820,rgb,,70,3.2,False,0.81
nwpu_positive_313_051,nwpu_positive_313,train,3,storage_tank,1129,454,1191,518,3968,1259,820,rgb,,70,3.2,False,0.81
nwpu_positive_313_052,nwpu_positive_313,train,3,storage_tank,1058,536,1118,597,3660,1259,820,rgb,,67,3.343,False,0.815
nwpu_positive_313_053,nwpu_positive_313,train,3,storage_tank,1129,536,1191,597,3782,1259,820,rgb,,68,3.294,False,0.818
nwpu_positive_313_054,nwpu_positive_313,train,3,storage_tank,1050,639,1114,703,4096,1259,820,rgb,,70,3.2,False,0.836
nwpu_positive_313_055,nwpu_positive_313,train,3,storage_tank,1128,639,1196,703,4352,1259,820,rgb,,75,2.987,False,0.774
nwpu_positive_314_000,nwpu_positive_314,train,3,storage_tank,43,88,108,151,4095,1383,819,rgb,,72,3.111,False,0.79
nwpu_positive_314_001,nwpu_positive_314,train,3,storage_tank,40,181,108,250,4692,1383,819,rgb,,76,2.947,False,0.812
nwpu_positive_314_002,nwpu_positive_314,train,3,storage_tank,39,252,110,320,4828,1383,819,rgb,,78,2.872,False,0.794
nwpu_positive_314_003,nwpu_positive_314,train,3,storage_tank,104,85,174,152,4690,1383,819,rgb,,77,2.909,False,0.791
nwpu_positive_314_004,nwpu_positive_314,train,3,storage_tank,100,184,172,254,5040,1383,819,rgb,,79,2.835,False,0.808
nwpu_positive_314_005,nwpu_positive_314,train,3,storage_tank,105,248,175,318,4900,1383,819,rgb,,77,2.909,False,0.826
nwpu_positive_314_006,nwpu_positive_314,train,3,storage_tank,165,85,235,157,5040,1383,819,rgb,,79,2.835,False,0.808
nwpu_positive_314_007,nwpu_positive_314,train,3,storage_tank,170,182,236,250,4488,1383,819,rgb,,75,2.987,False,0.798
nwpu_positive_314_008,nwpu_positive_314,train,3,storage_tank,166,246,238,316,5040,1383,819,rgb,,79,2.835,False,0.808
nwpu_positive_314_009,nwpu_positive_314,train,3,storage_tank,229,87,303,158,5254,1383,819,rgb,,81,2.765,False,0.801
nwpu_positive_314_010,nwpu_positive_314,train,3,storage_tank,230,183,301,249,4686,1383,819,rgb,,78,2.872,False,0.77
nwpu_positive_314_011,nwpu_positive_314,train,3,storage_tank,231,248,302,314,4686,1383,819,rgb,,78,2.872,False,0.77
nwpu_positive_314_012,nwpu_positive_314,train,3,storage_tank,354,86,423,150,4416,1383,819,rgb,,76,2.947,False,0.765
nwpu_positive_314_013,nwpu_positive_314,train,3,storage_tank,355,150,424,220,4830,1383,819,rgb,,77,2.909,False,0.815
nwpu_positive_314_014,nwpu_positive_314,train,3,storage_tank,351,238,421,303,4550,1383,819,rgb,,77,2.909,False,0.767
nwpu_positive_314_015,nwpu_positive_314,train,3,storage_tank,355,302,423,369,4556,1383,819,rgb,,75,2.987,False,0.81
nwpu_positive_314_016,nwpu_positive_314,train,3,storage_tank,421,87,492,151,4544,1383,819,rgb,,78,2.872,False,0.747
nwpu_positive_314_017,nwpu_positive_314,train,3,storage_tank,420,152,492,214,4464,1383,819,rgb,,79,2.835,False,0.715
nwpu_positive_314_018,nwpu_positive_314,train,3,storage_tank,420,241,494,304,4662,1383,819,rgb,,81,2.765,False,0.711
nwpu_positive_314_019,nwpu_positive_314,train,3,storage_tank,420,300,488,370,4760,1383,819,rgb,,77,2.909,False,0.803
nwpu_positive_314_020,nwpu_positive_314,train,3,storage_tank,526,90,597,152,4402,1383,819,rgb,,78,2.872,False,0.724
nwpu_positive_314_021,nwpu_positive_314,train,3,storage_tank,529,150,601,213,4536,1383,819,rgb,,79,2.835,False,0.727
nwpu_positive_314_022,nwpu_positive_314,train,3,storage_tank,529,253,600,315,4402,1383,819,rgb,,78,2.872,False,0.724
nwpu_positive_314_023,nwpu_positive_314,train,3,storage_tank,528,314,601,382,4964,1383,819,rgb,,80,2.8,False,0.776
nwpu_positive_314_024,nwpu_positive_314,train,3,storage_tank,595,87,662,150,4221,1383,819,rgb,,74,3.027,False,0.771
nwpu_positive_314_025,nwpu_positive_314,train,3,storage_tank,595,148,662,217,4623,1383,819,rgb,,76,2.947,False,0.8
nwpu_positive_314_026,nwpu_positive_314,train,3,storage_tank,595,250,662,318,4556,1383,819,rgb,,75,2.987,False,0.81
nwpu_positive_314_027,nwpu_positive_314,train,3,storage_tank,595,312,662,380,4556,1383,819,rgb,,75,2.987,False,0.81
nwpu_positive_314_028,nwpu_positive_314,train,3,storage_tank,711,88,783,151,4536,1383,819,rgb,,79,2.835,False,0.727
nwpu_positive_314_029,nwpu_positive_314,train,3,storage_tank,711,150,783,225,5400,1383,819,rgb,,82,2.732,False,0.803
nwpu_positive_314_030,nwpu_positive_314,train,3,storage_tank,711,276,783,343,4824,1383,819,rgb,,79,2.835,False,0.773
nwpu_positive_314_031,nwpu_positive_314,train,3,storage_tank,711,340,783,406,4752,1383,819,rgb,,79,2.835,False,0.761
nwpu_positive_314_032,nwpu_positive_314,train,3,storage_tank,777,88,846,153,4485,1383,819,rgb,,76,2.947,False,0.776
nwpu_positive_314_033,nwpu_positive_314,train,3,storage_tank,777,152,846,219,4623,1383,819,rgb,,76,2.947,False,0.8
nwpu_positive_314_034,nwpu_positive_314,train,3,storage_tank,777,270,846,338,4692,1383,819,rgb,,76,2.947,False,0.812
nwpu_positive_314_035,nwpu_positive_314,train,3,storage_tank,777,334,846,411,5313,1383,819,rgb,,85,2.635,False,0.735
nwpu_positive_314_036,nwpu_positive_314,train,3,storage_tank,841,86,906,153,4355,1383,819,rgb,,74,3.027,False,0.795
nwpu_positive_314_037,nwpu_positive_314,train,3,storage_tank,840,153,903,219,4158,1383,819,rgb,,73,3.068,False,0.78
nwpu_positive_314_038,nwpu_positive_314,train,3,storage_tank,900,86,963,151,4095,1383,819,rgb,,72,3.111,False,0.79
nwpu_positive_314_039,nwpu_positive_314,train,3,storage_tank,900,150,963,213,3969,1383,819,rgb,,69,3.246,False,0.834
nwpu_positive_314_040,nwpu_positive_314,train,3,storage_tank,900,237,963,303,4158,1383,819,rgb,,73,3.068,False,0.78
nwpu_positive_314_041,nwpu_positive_314,train,3,storage_tank,900,300,963,367,4221,1383,819,rgb,,74,3.027,False,0.771
nwpu_positive_314_042,nwpu_positive_314,train,3,storage_tank,900,366,963,434,4284,1383,819,rgb,,75,2.987,False,0.762
nwpu_positive_314_043,nwpu_positive_314,train,3,storage_tank,962,86,1034,148,4464,1383,819,rgb,,79,2.835,False,0.715
nwpu_positive_314_044,nwpu_positive_314,train,3,storage_tank,962,150,1034,213,4536,1383,819,rgb,,79,2.835,False,0.727
nwpu_positive_314_045,nwpu_positive_314,train,3,storage_tank,962,237,1034,303,4752,1383,819,rgb,,79,2.835,False,0.761
nwpu_positive_314_046,nwpu_positive_314,train,3,storage_tank,962,300,1034,367,4824,1383,819,rgb,,79,2.835,False,0.773
nwpu_positive_314_047,nwpu_positive_314,train,3,storage_tank,962,366,1034,434,4896,1383,819,rgb,,79,2.835,False,0.784
nwpu_positive_314_048,nwpu_positive_314,train,3,storage_tank,1072,86,1143,148,4402,1383,819,rgb,,78,2.872,False,0.724
nwpu_positive_314_049,nwpu_positive_314,train,3,storage_tank,1072,171,1143,236,4615,1383,819,rgb,,78,2.872,False,0.759
nwpu_positive_314_050,nwpu_positive_314,train,3,storage_tank,1072,326,1143,392,4686,1383,819,rgb,,78,2.872,False,0.77
nwpu_positive_314_051,nwpu_positive_314,train,3,storage_tank,1072,384,1143,447,4473,1383,819,rgb,,78,2.872,False,0.735
nwpu_positive_314_052,nwpu_positive_314,train,3,storage_tank,1138,86,1207,148,4278,1383,819,rgb,,76,2.947,False,0.741
nwpu_positive_314_053,nwpu_positive_314,train,3,storage_tank,1138,171,1207,236,4485,1383,819,rgb,,76,2.947,False,0.776
nwpu_positive_314_054,nwpu_positive_314,train,3,storage_tank,1138,326,1207,392,4554,1383,819,rgb,,76,2.947,False,0.788
nwpu_positive_314_055,nwpu_positive_314,train,3,storage_tank,1138,384,1207,447,4347,1383,819,rgb,,76,2.947,False,0.753
nwpu_positive_314_056,nwpu_positive_314,train,3,storage_tank,1203,86,1272,148,4278,1383,819,rgb,,76,2.947,False,0.741
nwpu_positive_314_057,nwpu_positive_314,train,3,storage_tank,1203,171,1272,236,4485,1383,819,rgb,,76,2.947,False,0.776
nwpu_positive_314_058,nwpu_positive_314,train,3,storage_tank,1203,326,1272,392,4554,1383,819,rgb,,76,2.947,False,0.788
nwpu_positive_314_059,nwpu_positive_314,train,3,storage_tank,1203,384,1272,447,4347,1383,819,rgb,,76,2.947,False,0.753
nwpu_positive_314_060,nwpu_positive_314,train,3,storage_tank,1266,82,1339,148,4818,1383,819,rgb,,80,2.8,False,0.753
nwpu_positive_314_061,nwpu_positive_314,train,3,storage_tank,1266,166,1336,240,5180,1383,819,rgb,,81,2.765,False,0.79
nwpu_positive_314_062,nwpu_positive_314,train,3,storage_tank,1268,326,1334,388,4092,1383,819,rgb,,73,3.068,False,0.768
nwpu_positive_315_000,nwpu_positive_315,train,3,storage_tank,1270,231,1363,316,7905,1689,1026,rgb,,102,2.196,False,0.76
nwpu_positive_315_001,nwpu_positive_315,train,3,storage_tank,1347,225,1449,312,8874,1689,1026,rgb,,112,2.0,False,0.707
nwpu_positive_315_002,nwpu_positive_315,train,3,storage_tank,1423,195,1518,279,7980,1689,1026,rgb,,105,2.133,False,0.724
nwpu_positive_315_003,nwpu_positive_315,train,3,storage_tank,1234,310,1336,408,9996,1689,1026,rgb,,112,2.0,False,0.797
nwpu_positive_315_004,nwpu_positive_315,train,3,storage_tank,1321,315,1420,408,9207,1689,1026,rgb,,109,2.055,False,0.775
nwpu_positive_315_005,nwpu_positive_315,train,3,storage_tank,1414,316,1513,402,8514,1689,1026,rgb,,109,2.055,False,0.717
nwpu_positive_315_006,nwpu_positive_315,train,3,storage_tank,1204,418,1276,496,5616,1689,1026,rgb,,86,2.605,False,0.759
nwpu_positive_315_007,nwpu_positive_315,train,3,storage_tank,1201,483,1276,555,5400,1689,1026,rgb,,82,2.732,False,0.803
nwpu_positive_315_008,nwpu_positive_315,train,3,storage_tank,1266,423,1342,493,5320,1689,1026,rgb,,84,2.667,False,0.754
nwpu_positive_315_009,nwpu_positive_315,train,3,storage_tank,1267,487,1342,556,5175,1689,1026,rgb,,82,2.732,False,0.77
nwpu_positive_315_010,nwpu_positive_315,train,3,storage_tank,1332,445,1435,541,9888,1689,1026,rgb,,113,1.982,False,0.774
nwpu_positive_315_011,nwpu_positive_315,train,3,storage_tank,1201,556,1273,625,4968,1689,1026,rgb,,79,2.835,False,0.796
nwpu_positive_315_012,nwpu_positive_315,train,3,storage_tank,1203,618,1275,693,5400,1689,1026,rgb,,82,2.732,False,0.803
nwpu_positive_315_013,nwpu_positive_315,train,3,storage_tank,1266,559,1338,625,4752,1689,1026,rgb,,79,2.835,False,0.761
nwpu_positive_315_014,nwpu_positive_315,train,3,storage_tank,1266,619,1341,694,5625,1689,1026,rgb,,82,2.732,False,0.837
nwpu_positive_315_015,nwpu_positive_315,train,3,storage_tank,1329,558,1401,630,5184,1689,1026,rgb,,79,2.835,False,0.831
nwpu_positive_315_016,nwpu_positive_315,train,3,storage_tank,1329,618,1405,691,5548,1689,1026,rgb,,84,2.667,False,0.786
nwpu_positive_315_017,nwpu_positive_315,train,3,storage_tank,1392,564,1461,628,4416,1689,1026,rgb,,76,2.947,False,0.765
nwpu_positive_315_018,nwpu_positive_315,train,3,storage_tank,1393,619,1459,678,3894,1689,1026,rgb,,73,3.068,False,0.731
nwpu_positive_315_019,nwpu_positive_315,train,3,storage_tank,1198,691,1275,769,6006,1689,1026,rgb,,86,2.605,False,0.812
nwpu_positive_315_020,nwpu_positive_315,train,3,storage_tank,1261,688,1336,766,5850,1689,1026,rgb,,86,2.605,False,0.791
nwpu_positive_315_021,nwpu_positive_315,train,3,storage_tank,1327,693,1398,763,4970,1689,1026,rgb,,78,2.872,False,0.817
nwpu_positive_315_022,nwpu_positive_315,train,3,storage_tank,1389,690,1464,766,5700,1689,1026,rgb,,84,2.667,False,0.808
nwpu_positive_315_023,nwpu_positive_315,train,3,storage_tank,1260,769,1356,864,9120,1689,1026,rgb,,106,2.113,False,0.812
nwpu_positive_315_024,nwpu_positive_315,train,3,storage_tank,1359,774,1462,868,9682,1689,1026,rgb,,113,1.982,False,0.758
nwpu_positive_315_025,nwpu_positive_315,train,2,ship,216,157,271,277,6600,1689,1026,rgb,,132,1.697,False,0.379
nwpu_positive_315_026,nwpu_positive_315,train,2,ship,163,558,274,657,10989,1689,1026,rgb,,122,1.836,False,0.738
nwpu_positive_315_027,nwpu_positive_315,train,2,ship,463,537,546,642,8715,1689,1026,rgb,,116,1.931,False,0.648
nwpu_positive_315_028,nwpu_positive_315,train,2,ship,720,54,789,157,7107,1689,1026,rgb,,113,1.982,False,0.557
nwpu_positive_315_029,nwpu_positive_315,train,2,ship,957,60,1030,141,5913,1689,1026,rgb,,89,2.517,False,0.746
nwpu_positive_316_000,nwpu_positive_316,val,3,storage_tank,804,247,867,315,4284,1166,822,rgb,,75,2.987,False,0.762
nwpu_positive_316_001,nwpu_positive_316,val,3,storage_tank,769,321,837,390,4692,1166,822,rgb,,76,2.947,False,0.812
nwpu_positive_316_002,nwpu_positive_316,val,3,storage_tank,740,399,807,469,4690,1166,822,rgb,,77,2.909,False,0.791
nwpu_positive_316_003,nwpu_positive_316,val,3,storage_tank,880,279,945,348,4485,1166,822,rgb,,76,2.947,False,0.776
nwpu_positive_316_004,nwpu_positive_316,val,3,storage_tank,852,354,915,422,4284,1166,822,rgb,,75,2.987,False,0.762
nwpu_positive_316_005,nwpu_positive_316,val,3,storage_tank,814,434,883,501,4623,1166,822,rgb,,76,2.947,False,0.8
nwpu_positive_316_006,nwpu_positive_316,val,3,storage_tank,955,307,1022,381,4958,1166,822,rgb,,81,2.765,False,0.756
nwpu_positive_316_007,nwpu_positive_316,val,3,storage_tank,928,388,988,456,4080,1166,822,rgb,,75,2.987,False,0.725
nwpu_positive_316_008,nwpu_positive_316,val,3,storage_tank,892,460,962,535,5250,1166,822,rgb,,82,2.732,False,0.781
nwpu_positive_316_009,nwpu_positive_316,val,3,storage_tank,1045,444,1108,508,4032,1166,822,rgb,,70,3.2,False,0.823
nwpu_positive_316_010,nwpu_positive_316,val,3,storage_tank,1022,490,1090,566,5168,1166,822,rgb,,84,2.667,False,0.732
nwpu_positive_316_011,nwpu_positive_316,val,3,storage_tank,1003,541,1066,616,4725,1166,822,rgb,,82,2.732,False,0.703
nwpu_positive_316_012,nwpu_positive_316,val,3,storage_tank,980,594,1048,668,5032,1166,822,rgb,,81,2.765,False,0.767
nwpu_positive_317_000,nwpu_positive_317,train,3,storage_tank,610,151,662,205,2808,974,762,rgb,,59,3.797,False,0.807
nwpu_positive_317_001,nwpu_positive_317,train,3,storage_tank,679,122,730,171,2499,974,762,rgb,,56,4.0,False,0.797
nwpu_positive_317_002,nwpu_positive_317,train,3,storage_tank,607,230,656,279,2401,974,762,rgb,,54,4.148,False,0.823
nwpu_positive_317_003,nwpu_positive_317,train,3,storage_tank,667,203,719,247,2288,974,762,rgb,,57,3.93,False,0.704
nwpu_positive_317_004,nwpu_positive_317,train,3,storage_tank,748,182,792,221,1716,974,762,rgb,,48,4.667,False,0.745
nwpu_positive_317_005,nwpu_positive_317,train,3,storage_tank,544,585,588,630,1980,974,762,rgb,,50,4.48,False,0.792
nwpu_positive_318_000,nwpu_positive_318,val,3,storage_tank,383,230,443,297,4020,1044,664,rgb,,74,3.027,False,0.734
nwpu_positive_318_001,nwpu_positive_318,val,3,storage_tank,442,262,491,315,2597,1044,664,rgb,,58,3.862,False,0.772
nwpu_positive_318_002,nwpu_positive_318,val,3,storage_tank,497,285,546,337,2548,1044,664,rgb,,57,3.93,False,0.784
nwpu_positive_318_003,nwpu_positive_318,val,3,storage_tank,570,308,620,362,2700,1044,664,rgb,,59,3.797,False,0.776
nwpu_positive_318_004,nwpu_positive_318,val,3,storage_tank,595,234,647,290,2912,1044,664,rgb,,62,3.613,False,0.758
nwpu_positive_318_005,nwpu_positive_318,val,3,storage_tank,681,270,731,321,2550,1044,664,rgb,,56,4.0,False,0.813
nwpu_positive_318_006,nwpu_positive_318,val,3,storage_tank,696,318,733,357,1443,1044,664,rgb,,43,5.209,False,0.78
nwpu_positive_318_007,nwpu_positive_318,val,3,storage_tank,654,342,705,392,2550,1044,664,rgb,,56,4.0,False,0.813
nwpu_positive_318_008,nwpu_positive_318,val,3,storage_tank,671,452,716,497,2025,1044,664,rgb,,50,4.48,False,0.81
nwpu_positive_318_009,nwpu_positive_318,val,3,storage_tank,595,509,627,544,1120,1044,664,rgb,,38,5.895,False,0.776
nwpu_positive_318_010,nwpu_positive_318,val,3,storage_tank,542,384,596,436,2808,1044,664,rgb,,59,3.797,False,0.807
nwpu_positive_318_011,nwpu_positive_318,val,3,storage_tank,517,459,566,511,2548,1044,664,rgb,,57,3.93,False,0.784
nwpu_positive_318_012,nwpu_positive_318,val,3,storage_tank,469,359,518,410,2499,1044,664,rgb,,56,4.0,False,0.797
nwpu_positive_318_013,nwpu_positive_318,val,3,storage_tank,441,430,491,483,2650,1044,664,rgb,,58,3.862,False,0.788
nwpu_positive_318_014,nwpu_positive_318,val,3,storage_tank,390,312,454,378,4224,1044,664,rgb,,73,3.068,False,0.793
nwpu_positive_318_015,nwpu_positive_318,val,3,storage_tank,376,378,428,434,2912,1044,664,rgb,,62,3.613,False,0.758
nwpu_positive_318_016,nwpu_positive_318,val,3,storage_tank,359,433,410,487,2754,1044,664,rgb,,59,3.797,False,0.791
nwpu_positive_318_017,nwpu_positive_318,val,3,storage_tank,339,301,389,355,2700,1044,664,rgb,,59,3.797,False,0.776
nwpu_positive_318_018,nwpu_positive_318,val,3,storage_tank,322,352,371,401,2401,1044,664,rgb,,54,4.148,False,0.823
nwpu_positive_319_000,nwpu_positive_319,train,3,storage_tank,190,157,222,194,1184,981,775,rgb,,41,5.463,False,0.704
nwpu_positive_319_001,nwpu_positive_319,train,3,storage_tank,220,135,254,168,1122,981,775,rgb,,37,6.054,True,0.82
nwpu_positive_319_002,nwpu_positive_319,train,3,storage_tank,247,163,280,197,1122,981,775,rgb,,37,6.054,True,0.82
nwpu_positive_319_003,nwpu_positive_319,train,3,storage_tank,213,188,247,221,1122,981,775,rgb,,37,6.054,True,0.82
nwpu_positive_319_004,nwpu_positive_319,train,3,storage_tank,458,380,491,412,1056,981,775,rgb,,36,6.222,True,0.815
nwpu_positive_319_005,nwpu_positive_319,train,3,storage_tank,552,346,584,381,1120,981,775,rgb,,38,5.895,False,0.776
nwpu_positive_319_006,nwpu_positive_319,train,3,storage_tank,630,320,666,357,1332,981,775,rgb,,41,5.463,False,0.792
nwpu_positive_319_007,nwpu_positive_319,train,3,storage_tank,648,353,682,392,1326,981,775,rgb,,43,5.209,False,0.717
nwpu_positive_319_008,nwpu_positive_319,train,3,storage_tank,816,458,848,497,1248,981,775,rgb,,43,5.209,False,0.675
nwpu_positive_319_009,nwpu_positive_319,train,3,storage_tank,837,495,868,531,1116,981,775,rgb,,40,5.6,False,0.698
nwpu_positive_319_010,nwpu_positive_319,train,3,storage_tank,872,500,908,541,1476,981,775,rgb,,45,4.978,False,0.729
nwpu_positive_320_000,nwpu_positive_320,train,2,ship,318,117,362,168,2244,979,775,rgb,,56,4.0,False,0.716
nwpu_positive_320_001,nwpu_positive_320,train,3,storage_tank,722,395,764,436,1722,979,775,rgb,,46,4.87,False,0.814
nwpu_positive_320_002,nwpu_positive_320,train,3,storage_tank,664,401,716,449,2496,979,775,rgb,,57,3.93,False,0.768
nwpu_positive_320_003,nwpu_positive_320,train,3,storage_tank,615,414,668,465,2703,979,775,rgb,,58,3.862,False,0.804
nwpu_positive_320_004,nwpu_positive_320,train,3,storage_tank,569,432,618,479,2303,979,775,rgb,,54,4.148,False,0.79
nwpu_positive_320_005,nwpu_positive_320,train,3,storage_tank,522,447,569,495,2256,979,775,rgb,,53,4.226,False,0.803
nwpu_positive_320_006,nwpu_positive_320,train,3,storage_tank,476,462,525,509,2303,979,775,rgb,,54,4.148,False,0.79
nwpu_positive_320_007,nwpu_positive_320,train,3,storage_tank,440,478,468,504,728,979,775,rgb,,31,7.226,True,0.758
nwpu_positive_320_008,nwpu_positive_320,train,3,storage_tank,416,485,444,511,728,979,775,rgb,,31,7.226,True,0.758
nwpu_positive_320_009,nwpu_positive_320,train,3,storage_tank,392,494,418,519,650,979,775,rgb,,29,7.724,True,0.773
nwpu_positive_320_010,nwpu_positive_320,train,3,storage_tank,444,504,475,531,837,979,775,rgb,,34,6.588,True,0.724
nwpu_positive_320_011,nwpu_positive_320,train,3,storage_tank,416,510,447,540,930,979,775,rgb,,34,6.588,True,0.804
nwpu_positive_320_012,nwpu_positive_320,train,3,storage_tank,391,521,417,549,728,979,775,rgb,,31,7.226,True,0.758
nwpu_positive_320_013,nwpu_positive_320,train,3,storage_tank,741,444,792,493,2499,979,775,rgb,,56,4.0,False,0.797
nwpu_positive_320_014,nwpu_positive_320,train,3,storage_tank,691,459,742,506,2397,979,775,rgb,,56,4.0,False,0.764
nwpu_positive_320_015,nwpu_positive_320,train,3,storage_tank,642,479,694,523,2288,979,775,rgb,,57,3.93,False,0.704
nwpu_positive_320_016,nwpu_positive_320,train,3,storage_tank,593,493,642,538,2205,979,775,rgb,,54,4.148,False,0.756
nwpu_positive_320_017,nwpu_positive_320,train,3,storage_tank,529,513,561,541,896,979,775,rgb,,35,6.4,True,0.731
nwpu_positive_320_018,nwpu_positive_320,train,3,storage_tank,503,522,532,550,812,979,775,rgb,,32,7.0,True,0.793
nwpu_positive_320_019,nwpu_positive_320,train,3,storage_tank,473,530,504,559,899,979,775,rgb,,34,6.588,True,0.778
nwpu_positive_320_020,nwpu_positive_320,train,3,storage_tank,446,542,475,568,754,979,775,rgb,,32,7.0,True,0.736
nwpu_positive_320_021,nwpu_positive_320,train,3,storage_tank,542,541,571,571,870,979,775,rgb,,33,6.788,True,0.799
nwpu_positive_320_022,nwpu_positive_320,train,3,storage_tank,509,550,539,580,900,979,775,rgb,,33,6.788,True,0.826
nwpu_positive_320_023,nwpu_positive_320,train,3,storage_tank,482,559,511,588,841,979,775,rgb,,32,7.0,True,0.821
nwpu_positive_320_024,nwpu_positive_320,train,3,storage_tank,453,569,483,598,870,979,775,rgb,,33,6.788,True,0.799
nwpu_positive_320_025,nwpu_positive_320,train,3,storage_tank,801,490,830,522,928,979,775,rgb,,35,6.4,True,0.758
nwpu_positive_320_026,nwpu_positive_320,train,3,storage_tank,813,517,843,549,960,979,775,rgb,,35,6.4,True,0.784
nwpu_positive_320_027,nwpu_positive_320,train,3,storage_tank,773,498,804,528,930,979,775,rgb,,34,6.588,True,0.804
nwpu_positive_320_028,nwpu_positive_320,train,3,storage_tank,785,526,817,557,992,979,775,rgb,,35,6.4,True,0.81
nwpu_positive_320_029,nwpu_positive_320,train,3,storage_tank,746,508,775,538,870,979,775,rgb,,33,6.788,True,0.799
nwpu_positive_320_030,nwpu_positive_320,train,3,storage_tank,759,535,788,565,870,979,775,rgb,,33,6.788,True,0.799
nwpu_positive_320_031,nwpu_positive_320,train,3,storage_tank,720,517,750,547,900,979,775,rgb,,33,6.788,True,0.826
nwpu_positive_320_032,nwpu_positive_320,train,3,storage_tank,733,545,761,575,840,979,775,rgb,,33,6.788,True,0.771
nwpu_positive_320_033,nwpu_positive_320,train,3,storage_tank,680,529,711,561,992,979,775,rgb,,35,6.4,True,0.81
nwpu_positive_320_034,nwpu_positive_320,train,3,storage_tank,655,540,683,573,924,979,775,rgb,,36,6.222,True,0.713
nwpu_positive_320_035,nwpu_positive_320,train,3,storage_tank,626,551,656,580,870,979,775,rgb,,33,6.788,True,0.799
nwpu_positive_320_036,nwpu_positive_320,train,3,storage_tank,637,578,666,610,928,979,775,rgb,,35,6.4,True,0.758
nwpu_positive_320_037,nwpu_positive_320,train,3,storage_tank,597,556,629,587,992,979,775,rgb,,35,6.4,True,0.81
nwpu_positive_320_038,nwpu_positive_320,train,3,storage_tank,608,588,639,618,930,979,775,rgb,,34,6.588,True,0.804
nwpu_positive_320_039,nwpu_positive_320,train,3,storage_tank,569,568,600,597,899,979,775,rgb,,34,6.588,True,0.778
nwpu_positive_320_040,nwpu_positive_320,train,3,storage_tank,581,596,610,627,899,979,775,rgb,,34,6.588,True,0.778
nwpu_positive_320_041,nwpu_positive_320,train,3,storage_tank,531,584,561,612,840,979,775,rgb,,33,6.788,True,0.771
nwpu_positive_320_042,nwpu_positive_320,train,3,storage_tank,541,611,570,642,899,979,775,rgb,,34,6.588,True,0.778
nwpu_positive_320_043,nwpu_positive_320,train,3,storage_tank,503,594,534,621,837,979,775,rgb,,34,6.588,True,0.724
nwpu_positive_320_044,nwpu_positive_320,train,3,storage_tank,512,620,543,653,1023,979,775,rgb,,36,6.222,True,0.789
nwpu_positive_320_045,nwpu_positive_320,train,3,storage_tank,474,604,504,633,870,979,775,rgb,,33,6.788,True,0.799
nwpu_positive_320_046,nwpu_positive_320,train,3,storage_tank,484,634,512,663,812,979,775,rgb,,32,7.0,True,0.793
nwpu_positive_320_047,nwpu_positive_320,train,3,storage_tank,444,612,473,643,899,979,775,rgb,,34,6.588,True,0.778
nwpu_positive_320_048,nwpu_positive_320,train,3,storage_tank,455,642,483,675,924,979,775,rgb,,36,6.222,True,0.713
nwpu_positive_322_000,nwpu_positive_322,train,3,storage_tank,242,174,301,233,3481,982,662,rgb,,65,3.446,False,0.824
nwpu_positive_322_001,nwpu_positive_322,train,3,storage_tank,301,184,359,245,3538,982,662,rgb,,67,3.343,False,0.788
nwpu_positive_322_002,nwpu_positive_322,train,3,storage_tank,362,194,411,246,2548,982,662,rgb,,57,3.93,False,0.784
nwpu_positive_322_003,nwpu_positive_322,train,3,storage_tank,253,234,303,285,2550,982,662,rgb,,56,4.0,False,0.813
nwpu_positive_322_004,nwpu_positive_322,train,3,storage_tank,306,247,356,297,2500,982,662,rgb,,55,4.073,False,0.826
nwpu_positive_322_005,nwpu_positive_322,train,3,storage_tank,358,246,408,296,2500,982,662,rgb,,55,4.073,False,0.826
nwpu_positive_322_006,nwpu_positive_322,train,3,storage_tank,436,288,479,332,1892,982,662,rgb,,48,4.667,False,0.821
nwpu_positive_322_007,nwpu_positive_322,train,3,storage_tank,393,309,434,353,1804,982,662,rgb,,48,4.667,False,0.783
nwpu_positive_322_008,nwpu_positive_322,train,3,storage_tank,432,332,472,376,1760,982,662,rgb,,48,4.667,False,0.764
nwpu_positive_322_009,nwpu_positive_322,train,3,storage_tank,685,289,737,343,2808,982,662,rgb,,59,3.797,False,0.807
nwpu_positive_322_010,nwpu_positive_322,train,3,storage_tank,740,286,792,334,2496,982,662,rgb,,57,3.93,False,0.768
nwpu_positive_322_011,nwpu_positive_322,train,3,storage_tank,795,283,850,337,2970,982,662,rgb,,61,3.672,False,0.798
nwpu_positive_322_012,nwpu_positive_322,train,3,storage_tank,753,337,803,385,2400,982,662,rgb,,55,4.073,False,0.793
nwpu_positive_322_013,nwpu_positive_322,train,3,storage_tank,685,355,736,405,2550,982,662,rgb,,56,4.0,False,0.813
nwpu_positive_324_000,nwpu_positive_324,train,3,storage_tank,350,38,389,72,1326,1152,625,rgb,,43,5.209,False,0.717
nwpu_positive_324_001,nwpu_positive_324,train,3,storage_tank,402,38,445,76,1634,1152,625,rgb,,47,4.766,False,0.74
nwpu_positive_324_002,nwpu_positive_324,train,3,storage_tank,502,44,531,73,841,1152,625,rgb,,32,7.0,True,0.821
nwpu_positive_324_003,nwpu_positive_324,train,3,storage_tank,600,47,633,78,1023,1152,625,rgb,,36,6.222,True,0.789
nwpu_positive_324_004,nwpu_positive_324,train,3,storage_tank,659,49,694,83,1190,1152,625,rgb,,38,5.895,False,0.824
nwpu_positive_324_005,nwpu_positive_324,train,3,storage_tank,719,67,755,100,1188,1152,625,rgb,,40,5.6,False,0.743
nwpu_positive_324_006,nwpu_positive_324,train,3,storage_tank,530,78,555,102,600,1152,625,rgb,,28,8.0,True,0.765
nwpu_positive_324_007,nwpu_positive_324,train,3,storage_tank,361,92,400,131,1521,1152,625,rgb,,43,5.209,False,0.823
nwpu_positive_324_008,nwpu_positive_324,train,3,storage_tank,404,108,445,138,1230,1152,625,rgb,,45,4.978,False,0.607
nwpu_positive_324_009,nwpu_positive_324,train,3,storage_tank,501,108,531,137,870,1152,625,rgb,,33,6.788,True,0.799
nwpu_positive_324_010,nwpu_positive_324,train,3,storage_tank,602,102,632,130,840,1152,625,rgb,,33,6.788,True,0.771
nwpu_positive_324_011,nwpu_positive_324,train,3,storage_tank,659,102,694,135,1155,1152,625,rgb,,38,5.895,False,0.8
nwpu_positive_324_012,nwpu_positive_324,train,3,storage_tank,234,224,270,261,1332,1152,625,rgb,,41,5.463,False,0.792
nwpu_positive_324_013,nwpu_positive_324,train,3,storage_tank,291,203,324,236,1089,1152,625,rgb,,36,6.222,True,0.84
nwpu_positive_324_014,nwpu_positive_324,train,3,storage_tank,335,227,371,261,1224,1152,625,rgb,,40,5.6,False,0.765
nwpu_positive_324_015,nwpu_positive_324,train,3,storage_tank,420,226,456,259,1188,1152,625,rgb,,40,5.6,False,0.743
nwpu_positive_324_016,nwpu_positive_324,train,3,storage_tank,474,225,508,257,1088,1152,625,rgb,,37,6.054,True,0.795
nwpu_positive_324_017,nwpu_positive_324,train,3,storage_tank,532,225,565,257,1056,1152,625,rgb,,36,6.222,True,0.815
nwpu_positive_324_018,nwpu_positive_324,train,3,storage_tank,584,226,618,257,1054,1152,625,rgb,,37,6.054,True,0.77
nwpu_positive_324_019,nwpu_positive_324,train,3,storage_tank,646,228,679,260,1056,1152,625,rgb,,36,6.222,True,0.815
nwpu_positive_324_020,nwpu_positive_324,train,3,storage_tank,223,286,255,317,992,1152,625,rgb,,35,6.4,True,0.81
nwpu_positive_324_021,nwpu_positive_324,train,3,storage_tank,279,284,308,309,725,1152,625,rgb,,32,7.0,True,0.708
nwpu_positive_324_022,nwpu_positive_324,train,3,storage_tank,190,313,224,342,986,1152,625,rgb,,37,6.054,True,0.72
nwpu_positive_324_023,nwpu_positive_324,train,3,storage_tank,280,316,307,342,702,1152,625,rgb,,30,7.467,True,0.78
nwpu_positive_324_024,nwpu_positive_324,train,3,storage_tank,324,295,371,338,2021,1152,625,rgb,,52,4.308,False,0.747
nwpu_positive_324_025,nwpu_positive_324,train,3,storage_tank,422,269,457,302,1155,1152,625,rgb,,38,5.895,False,0.8
nwpu_positive_324_026,nwpu_positive_324,train,3,storage_tank,471,270,505,305,1190,1152,625,rgb,,38,5.895,False,0.824
nwpu_positive_324_027,nwpu_positive_324,train,3,storage_tank,560,271,591,303,992,1152,625,rgb,,35,6.4,True,0.81
nwpu_positive_324_028,nwpu_positive_324,train,3,storage_tank,611,274,642,305,961,1152,625,rgb,,34,6.588,True,0.831
nwpu_positive_324_029,nwpu_positive_324,train,3,storage_tank,700,245,733,282,1221,1152,625,rgb,,41,5.463,False,0.726
nwpu_positive_324_030,nwpu_positive_324,train,3,storage_tank,735,277,770,311,1190,1152,625,rgb,,38,5.895,False,0.824
nwpu_positive_324_031,nwpu_positive_324,train,3,storage_tank,661,296,695,329,1122,1152,625,rgb,,37,6.054,True,0.82
nwpu_positive_324_032,nwpu_positive_324,train,3,storage_tank,424,321,456,353,1024,1152,625,rgb,,35,6.4,True,0.836
nwpu_positive_324_033,nwpu_positive_324,train,3,storage_tank,472,320,506,353,1122,1152,625,rgb,,37,6.054,True,0.82
nwpu_positive_324_034,nwpu_positive_324,train,3,storage_tank,537,320,570,346,858,1152,625,rgb,,36,6.222,True,0.662
nwpu_positive_324_035,nwpu_positive_324,train,3,storage_tank,590,320,632,352,1344,1152,625,rgb,,46,4.87,False,0.635
nwpu_positive_324_036,nwpu_positive_324,train,3,storage_tank,145,387,172,413,702,1152,625,rgb,,30,7.467,True,0.78
nwpu_positive_324_037,nwpu_positive_324,train,3,storage_tank,185,386,210,412,650,1152,625,rgb,,29,7.724,True,0.773
nwpu_positive_324_038,nwpu_positive_324,train,3,storage_tank,232,370,257,396,650,1152,625,rgb,,29,7.724,True,0.773
nwpu_positive_324_039,nwpu_positive_324,train,3,storage_tank,279,365,307,391,728,1152,625,rgb,,31,7.226,True,0.758
nwpu_positive_324_040,nwpu_positive_324,train,3,storage_tank,322,367,347,389,550,1152,625,rgb,,28,8.0,True,0.702
nwpu_positive_324_041,nwpu_positive_324,train,3,storage_tank,352,367,375,390,529,1152,625,rgb,,25,8.96,True,0.846
nwpu_positive_324_042,nwpu_positive_324,train,3,storage_tank,279,397,306,424,729,1152,625,rgb,,30,7.467,True,0.81
nwpu_positive_324_043,nwpu_positive_324,train,3,storage_tank,323,397,348,420,575,1152,625,rgb,,28,8.0,True,0.733
nwpu_positive_324_044,nwpu_positive_324,train,3,storage_tank,352,397,376,421,576,1152,625,rgb,,26,8.615,True,0.852
nwpu_positive_324_045,nwpu_positive_324,train,3,storage_tank,140,458,165,483,625,1152,625,rgb,,28,8.0,True,0.797
nwpu_positive_324_046,nwpu_positive_324,train,3,storage_tank,174,458,200,486,728,1152,625,rgb,,31,7.226,True,0.758
nwpu_positive_324_047,nwpu_positive_324,train,3,storage_tank,210,458,236,484,676,1152,625,rgb,,29,7.724,True,0.804
nwpu_positive_324_048,nwpu_positive_324,train,3,storage_tank,262,457,300,493,1368,1152,625,rgb,,42,5.333,False,0.776
nwpu_positive_324_049,nwpu_positive_324,train,3,storage_tank,310,454,347,492,1406,1152,625,rgb,,42,5.333,False,0.797
nwpu_positive_324_050,nwpu_positive_324,train,2,ship,481,494,570,512,1602,1152,625,rgb,,98,2.286,False,0.167
nwpu_positive_325_000,nwpu_positive_325,train,3,storage_tank,467,90,505,127,1406,1156,669,rgb,,42,5.333,False,0.797
nwpu_positive_325_001,nwpu_positive_325,train,3,storage_tank,525,90,563,127,1406,1156,669,rgb,,42,5.333,False,0.797
nwpu_positive_325_002,nwpu_positive_325,train,3,storage_tank,568,90,607,127,1443,1156,669,rgb,,43,5.209,False,0.78
nwpu_positive_325_003,nwpu_positive_325,train,3,storage_tank,626,90,664,127,1406,1156,669,rgb,,42,5.333,False,0.797
nwpu_positive_325_004,nwpu_positive_325,train,3,storage_tank,683,91,721,127,1368,1156,669,rgb,,42,5.333,False,0.776
nwpu_positive_325_005,nwpu_positive_325,train,3,storage_tank,727,89,767,127,1520,1156,669,rgb,,44,5.091,False,0.785
nwpu_positive_325_006,nwpu_positive_325,train,3,storage_tank,383,128,423,166,1520,1156,669,rgb,,44,5.091,False,0.785
nwpu_positive_325_007,nwpu_positive_325,train,3,storage_tank,443,128,483,166,1520,1156,669,rgb,,44,5.091,False,0.785
nwpu_positive_325_008,nwpu_positive_325,train,3,storage_tank,490,128,527,166,1406,1156,669,rgb,,42,5.333,False,0.797
nwpu_positive_325_009,nwpu_positive_325,train,3,storage_tank,547,128,584,166,1406,1156,669,rgb,,42,5.333,False,0.797
nwpu_positive_325_010,nwpu_positive_325,train,3,storage_tank,605,130,642,166,1332,1156,669,rgb,,41,5.463,False,0.792
nwpu_positive_325_011,nwpu_positive_325,train,3,storage_tank,647,129,685,165,1368,1156,669,rgb,,42,5.333,False,0.776
nwpu_positive_325_012,nwpu_positive_325,train,3,storage_tank,706,130,744,165,1330,1156,669,rgb,,42,5.333,False,0.754
nwpu_positive_325_013,nwpu_positive_325,train,3,storage_tank,349,157,390,196,1599,1156,669,rgb,,45,4.978,False,0.79
nwpu_positive_325_014,nwpu_positive_325,train,3,storage_tank,349,203,390,243,1640,1156,669,rgb,,45,4.978,False,0.81
nwpu_positive_325_015,nwpu_positive_325,train,2,ship,511,454,625,474,2280,1156,669,rgb,,125,1.792,False,0.146
nwpu_positive_325_016,nwpu_positive_325,train,2,ship,905,478,975,545,4690,1156,669,rgb,,77,2.909,False,0.791
nwpu_positive_326_000,nwpu_positive_326,train,3,storage_tank,266,47,323,97,2850,1152,669,rgb,,63,3.556,False,0.718
nwpu_positive_326_001,nwpu_positive_326,train,3,storage_tank,342,47,391,97,2450,1152,669,rgb,,55,4.073,False,0.81
nwpu_positive_326_002,nwpu_positive_326,train,3,storage_tank,403,45,455,97,2704,1152,669,rgb,,57,3.93,False,0.832
nwpu_positive_326_003,nwpu_positive_326,train,3,storage_tank,448,45,501,95,2650,1152,669,rgb,,58,3.862,False,0.788
nwpu_positive_326_004,nwpu_positive_326,train,3,storage_tank,498,45,544,91,2116,1152,669,rgb,,51,4.392,False,0.814
nwpu_positive_326_005,nwpu_positive_326,train,3,storage_tank,414,138,466,187,2548,1152,669,rgb,,57,3.93,False,0.784
nwpu_positive_326_006,nwpu_positive_326,train,3,storage_tank,482,140,539,187,2679,1152,669,rgb,,63,3.556,False,0.675
nwpu_positive_326_007,nwpu_positive_326,train,3,storage_tank,340,203,395,251,2640,1152,669,rgb,,61,3.672,False,0.709
nwpu_positive_326_008,nwpu_positive_326,train,3,storage_tank,486,201,540,248,2538,1152,669,rgb,,59,3.797,False,0.729
nwpu_positive_326_009,nwpu_positive_326,train,3,storage_tank,413,198,468,252,2970,1152,669,rgb,,61,3.672,False,0.798
nwpu_positive_326_010,nwpu_positive_326,train,3,storage_tank,275,264,323,315,2448,1152,669,rgb,,56,4.0,False,0.781
nwpu_positive_326_011,nwpu_positive_326,train,3,storage_tank,318,265,367,313,2352,1152,669,rgb,,54,4.148,False,0.807
nwpu_positive_326_012,nwpu_positive_326,train,3,storage_tank,360,267,409,314,2303,1152,669,rgb,,54,4.148,False,0.79
nwpu_positive_326_013,nwpu_positive_326,train,3,storage_tank,433,261,491,313,3016,1152,669,rgb,,64,3.5,False,0.736
nwpu_positive_326_014,nwpu_positive_326,train,3,storage_tank,496,262,552,312,2800,1152,669,rgb,,62,3.613,False,0.728
nwpu_positive_326_015,nwpu_positive_326,train,3,storage_tank,303,327,339,361,1224,1152,669,rgb,,40,5.6,False,0.765
nwpu_positive_326_016,nwpu_positive_326,train,3,storage_tank,302,355,338,391,1296,1152,669,rgb,,40,5.6,False,0.81
nwpu_positive_326_017,nwpu_positive_326,train,3,storage_tank,341,328,379,361,1254,1152,669,rgb,,42,5.333,False,0.711
nwpu_positive_326_018,nwpu_positive_326,train,3,storage_tank,342,355,378,389,1224,1152,669,rgb,,40,5.6,False,0.765
nwpu_positive_326_019,nwpu_positive_326,train,3,storage_tank,382,327,420,361,1292,1152,669,rgb,,42,5.333,False,0.732
nwpu_positive_326_020,nwpu_positive_326,train,3,storage_tank,379,353,419,391,1520,1152,669,rgb,,44,5.091,False,0.785
nwpu_positive_326_021,nwpu_positive_326,train,3,storage_tank,428,329,484,383,3024,1152,669,rgb,,62,3.613,False,0.787
nwpu_positive_326_022,nwpu_positive_326,train,3,storage_tank,491,332,549,387,3190,1152,669,rgb,,64,3.5,False,0.779
nwpu_positive_326_023,nwpu_positive_326,train,3,storage_tank,358,403,420,460,3534,1152,669,rgb,,68,3.294,False,0.764
nwpu_positive_326_024,nwpu_positive_326,train,3,storage_tank,363,470,422,525,3245,1152,669,rgb,,65,3.446,False,0.768
nwpu_positive_326_025,nwpu_positive_326,train,3,storage_tank,432,403,489,459,3192,1152,669,rgb,,63,3.556,False,0.804
nwpu_positive_326_026,nwpu_positive_326,train,3,storage_tank,433,470,490,527,3249,1152,669,rgb,,63,3.556,False,0.819
nwpu_positive_326_027,nwpu_positive_326,train,3,storage_tank,490,403,548,455,3016,1152,669,rgb,,64,3.5,False,0.736
nwpu_positive_326_028,nwpu_positive_326,train,3,storage_tank,495,470,553,524,3132,1152,669,rgb,,64,3.5,False,0.765
nwpu_positive_326_029,nwpu_positive_326,train,2,ship,265,428,319,535,5778,1152,669,rgb,,118,1.898,False,0.415
nwpu_positive_326_030,nwpu_positive_326,train,2,ship,411,593,510,621,2772,1152,669,rgb,,109,2.055,False,0.233
nwpu_positive_327_000,nwpu_positive_327,train,3,storage_tank,122,97,176,144,2538,1152,681,rgb,,59,3.797,False,0.729
nwpu_positive_327_001,nwpu_positive_327,train,3,storage_tank,187,86,245,136,2900,1152,681,rgb,,64,3.5,False,0.708
nwpu_positive_327_002,nwpu_positive_327,train,3,storage_tank,325,150,378,203,2809,1152,681,rgb,,58,3.862,False,0.835
nwpu_positive_327_003,nwpu_positive_327,train,3,storage_tank,511,144,559,189,2160,1152,681,rgb,,53,4.226,False,0.769
nwpu_positive_327_004,nwpu_positive_327,train,3,storage_tank,511,181,559,223,2016,1152,681,rgb,,53,4.226,False,0.718
nwpu_positive_327_005,nwpu_positive_327,train,3,storage_tank,514,220,559,264,1980,1152,681,rgb,,50,4.48,False,0.792
nwpu_positive_327_006,nwpu_positive_327,train,3,storage_tank,481,268,536,325,3135,1152,681,rgb,,63,3.556,False,0.79
nwpu_positive_327_007,nwpu_positive_327,train,3,storage_tank,482,320,536,375,2970,1152,681,rgb,,61,3.672,False,0.798
nwpu_positive_327_008,nwpu_positive_327,train,3,storage_tank,529,269,584,326,3135,1152,681,rgb,,63,3.556,False,0.79
nwpu_positive_327_009,nwpu_positive_327,train,3,storage_tank,533,323,587,374,2754,1152,681,rgb,,59,3.797,False,0.791
nwpu_positive_327_010,nwpu_positive_327,train,3,storage_tank,580,270,635,325,3025,1152,681,rgb,,61,3.672,False,0.813
nwpu_positive_327_011,nwpu_positive_327,train,3,storage_tank,579,320,638,377,3363,1152,681,rgb,,65,3.446,False,0.796
nwpu_positive_327_012,nwpu_positive_327,train,3,storage_tank,650,261,688,294,1254,1152,681,rgb,,42,5.333,False,0.711
nwpu_positive_327_013,nwpu_positive_327,train,3,storage_tank,683,260,722,296,1404,1152,681,rgb,,43,5.209,False,0.759
nwpu_positive_327_014,nwpu_positive_327,train,3,storage_tank,659,297,714,346,2695,1152,681,rgb,,61,3.672,False,0.724
nwpu_positive_327_015,nwpu_positive_327,train,3,storage_tank,809,136,869,187,3060,1152,681,rgb,,66,3.394,False,0.702
nwpu_positive_328_000,nwpu_positive_328,train,5,tennis_court,173,80,275,120,4080,951,597,rgb,,112,2.0,False,0.325
nwpu_positive_328_001,nwpu_positive_328,train,5,tennis_court,167,129,273,168,4134,951,597,rgb,,117,1.915,False,0.302
nwpu_positive_328_002,nwpu_positive_328,train,5,tennis_court,163,175,270,211,3852,951,597,rgb,,118,1.898,False,0.277
nwpu_positive_328_003,nwpu_positive_328,train,5,tennis_court,155,223,266,263,4440,951,597,rgb,,122,1.836,False,0.298
nwpu_positive_328_004,nwpu_positive_328,train,5,tennis_court,317,78,418,114,3636,951,597,rgb,,111,2.018,False,0.295
nwpu_positive_328_005,nwpu_positive_328,train,5,tennis_court,315,123,422,162,4173,951,597,rgb,,118,1.898,False,0.3
nwpu_positive_328_006,nwpu_positive_328,train,5,tennis_court,313,167,425,208,4592,951,597,rgb,,123,1.821,False,0.304
nwpu_positive_328_007,nwpu_positive_328,train,5,tennis_court,312,214,426,260,5244,951,597,rgb,,125,1.792,False,0.336
nwpu_positive_328_008,nwpu_positive_328,train,5,tennis_court,460,73,565,110,3885,951,597,rgb,,116,1.931,False,0.289
nwpu_positive_328_009,nwpu_positive_328,train,5,tennis_court,463,116,571,153,3996,951,597,rgb,,119,1.882,False,0.282
nwpu_positive_328_010,nwpu_positive_328,train,5,tennis_court,466,162,574,205,4644,951,597,rgb,,119,1.882,False,0.328
nwpu_positive_328_011,nwpu_positive_328,train,5,tennis_court,468,209,577,250,4469,951,597,rgb,,120,1.867,False,0.31
nwpu_positive_328_012,nwpu_positive_328,train,5,tennis_court,602,70,709,108,4066,951,597,rgb,,118,1.898,False,0.292
nwpu_positive_328_013,nwpu_positive_328,train,5,tennis_court,609,114,717,151,3996,951,597,rgb,,119,1.882,False,0.282
nwpu_positive_328_014,nwpu_positive_328,train,5,tennis_court,615,157,728,198,4633,951,597,rgb,,124,1.806,False,0.301
nwpu_positive_328_015,nwpu_positive_328,train,5,tennis_court,621,202,736,247,5175,951,597,rgb,,127,1.764,False,0.321
nwpu_positive_329_000,nwpu_positive_329,train,5,tennis_court,59,82,100,137,2255,1151,655,rgb,,61,3.672,False,0.606
nwpu_positive_329_001,nwpu_positive_329,train,5,tennis_court,97,75,145,129,2592,1151,655,rgb,,59,3.797,False,0.745
nwpu_positive_329_002,nwpu_positive_329,train,5,tennis_court,110,126,157,185,2773,1151,655,rgb,,65,3.446,False,0.656
nwpu_positive_329_003,nwpu_positive_329,train,5,tennis_court,153,116,197,167,2244,1151,655,rgb,,56,4.0,False,0.716
nwpu_positive_329_004,nwpu_positive_329,train,5,tennis_court,196,109,244,162,2544,1151,655,rgb,,58,3.862,False,0.756
nwpu_positive_329_005,nwpu_positive_329,train,5,tennis_court,121,184,167,242,2668,1151,655,rgb,,64,3.5,False,0.651
nwpu_positive_329_006,nwpu_positive_329,train,5,tennis_court,162,169,215,222,2809,1151,655,rgb,,58,3.862,False,0.835
nwpu_positive_329_007,nwpu_positive_329,train,5,tennis_court,207,168,259,218,2600,1151,655,rgb,,57,3.93,False,0.8
nwpu_positive_329_008,nwpu_positive_329,train,5,tennis_court,253,162,306,212,2650,1151,655,rgb,,58,3.862,False,0.788
nwpu_positive_329_009,nwpu_positive_329,train,5,tennis_court,171,226,224,281,2915,1151,655,rgb,,61,3.672,False,0.783
nwpu_positive_329_010,nwpu_positive_329,train,5,tennis_court,220,228,275,283,3025,1151,655,rgb,,61,3.672,False,0.813
nwpu_positive_329_011,nwpu_positive_329,train,5,tennis_court,269,229,324,284,3025,1151,655,rgb,,61,3.672,False,0.813
nwpu_positive_329_012,nwpu_positive_329,train,5,tennis_court,330,193,395,252,3835,1151,655,rgb,,72,3.111,False,0.74
nwpu_positive_329_013,nwpu_positive_329,train,5,tennis_court,211,329,272,397,4148,1151,655,rgb,,75,2.987,False,0.737
nwpu_positive_329_014,nwpu_positive_329,train,5,tennis_court,316,334,378,402,4216,1151,655,rgb,,75,2.987,False,0.75
nwpu_positive_329_015,nwpu_positive_329,train,5,tennis_court,474,374,522,420,2208,1151,655,rgb,,53,4.226,False,0.786
nwpu_positive_329_016,nwpu_positive_329,train,5,tennis_court,706,229,759,283,2862,1151,655,rgb,,59,3.797,False,0.822
nwpu_positive_329_017,nwpu_positive_329,train,5,tennis_court,752,215,809,270,3135,1151,655,rgb,,63,3.556,False,0.79
nwpu_positive_329_018,nwpu_positive_329,train,5,tennis_court,803,222,855,275,2756,1151,655,rgb,,58,3.862,False,0.819
nwpu_positive_329_019,nwpu_positive_329,train,5,tennis_court,844,230,901,287,3249,1151,655,rgb,,63,3.556,False,0.819
nwpu_positive_329_020,nwpu_positive_329,train,5,tennis_court,732,292,779,345,2491,1151,655,rgb,,58,3.862,False,0.74
nwpu_positive_329_021,nwpu_positive_329,train,5,tennis_court,773,288,824,342,2754,1151,655,rgb,,59,3.797,False,0.791
nwpu_positive_329_022,nwpu_positive_329,train,5,tennis_court,820,280,869,342,3038,1151,655,rgb,,68,3.294,False,0.657
nwpu_positive_329_023,nwpu_positive_329,train,5,tennis_court,967,376,1018,424,2448,1151,655,rgb,,56,4.0,False,0.781
nwpu_positive_330_000,nwpu_positive_330,train,5,tennis_court,534,92,581,131,1833,732,554,rgb,,52,4.308,False,0.678
nwpu_positive_330_001,nwpu_positive_330,train,5,tennis_court,562,85,607,125,1800,732,554,rgb,,50,4.48,False,0.72
nwpu_positive_330_002,nwpu_positive_330,train,5,tennis_court,561,139,610,177,1862,732,554,rgb,,54,4.148,False,0.639
nwpu_positive_330_003,nwpu_positive_330,train,5,tennis_court,588,131,634,170,1794,732,554,rgb,,51,4.392,False,0.69
nwpu_positive_330_004,nwpu_positive_330,train,5,tennis_court,613,121,661,163,2016,732,554,rgb,,53,4.226,False,0.718
nwpu_positive_330_005,nwpu_positive_330,train,5,tennis_court,639,115,688,156,2009,732,554,rgb,,54,4.148,False,0.689
nwpu_positive_331_000,nwpu_positive_331,train,5,tennis_court,483,278,570,353,6525,993,658,rgb,,96,2.333,False,0.708
nwpu_positive_331_001,nwpu_positive_331,train,5,tennis_court,421,304,504,383,6557,993,658,rgb,,91,2.462,False,0.792
nwpu_positive_331_002,nwpu_positive_331,train,6,basketball_court,334,334,430,385,4896,993,658,rgb,,106,2.113,False,0.436
nwpu_positive_332_000,nwpu_positive_332,train,5,tennis_court,182,366,273,447,7371,1052,605,rgb,,100,2.24,False,0.737
nwpu_positive_332_001,nwpu_positive_332,train,5,tennis_court,224,393,307,468,6225,1052,605,rgb,,91,2.462,False,0.752
nwpu_positive_332_002,nwpu_positive_332,train,5,tennis_court,256,417,346,492,6750,1052,605,rgb,,99,2.263,False,0.689
nwpu_positive_332_003,nwpu_positive_332,train,5,tennis_court,293,434,379,518,7224,1052,605,rgb,,95,2.358,False,0.8
nwpu_positive_332_004,nwpu_positive_332,train,5,tennis_court,363,464,440,556,7084,1052,605,rgb,,101,2.218,False,0.694
nwpu_positive_332_005,nwpu_positive_332,train,5,tennis_court,393,489,481,572,7304,1052,605,rgb,,97,2.309,False,0.776
nwpu_positive_332_006,nwpu_positive_332,train,7,ground_track_field,372,58,742,458,148000,1052,605,rgb,,440,0.509,False,0.764
nwpu_positive_333_000,nwpu_positive_333,train,5,tennis_court,117,194,265,265,10508,931,621,rgb,,163,1.374,False,0.395
nwpu_positive_333_001,nwpu_positive_333,train,5,tennis_court,377,110,524,174,9408,931,621,rgb,,162,1.383,False,0.358
nwpu_positive_333_002,nwpu_positive_333,train,5,tennis_court,379,207,526,282,11025,931,621,rgb,,162,1.383,False,0.42
nwpu_positive_333_003,nwpu_positive_333,train,5,tennis_court,557,117,703,183,9636,931,621,rgb,,161,1.391,False,0.372
nwpu_positive_333_004,nwpu_positive_333,train,5,tennis_court,394,62,506,105,4816,931,621,rgb,,123,1.821,False,0.318
nwpu_positive_334_000,nwpu_positive_334,train,5,tennis_court,172,219,248,343,9424,959,552,rgb,,136,1.647,False,0.51
nwpu_positive_334_001,nwpu_positive_334,train,5,tennis_court,251,211,330,329,9322,959,552,rgb,,130,1.723,False,0.552
nwpu_positive_335_000,nwpu_positive_335,train,4,baseball_diamond,680,40,775,116,7220,992,600,rgb,,105,2.133,False,0.655
nwpu_positive_335_001,nwpu_positive_335,train,4,baseball_diamond,410,17,503,81,5952,992,600,rgb,,102,2.196,False,0.572
nwpu_positive_335_002,nwpu_positive_335,train,4,baseball_diamond,460,83,549,160,6853,992,600,rgb,,98,2.286,False,0.714
nwpu_positive_335_003,nwpu_positive_335,train,4,baseball_diamond,382,467,488,559,9752,992,600,rgb,,117,1.915,False,0.712
nwpu_positive_335_004,nwpu_positive_335,train,4,baseball_diamond,89,411,205,508,11252,992,600,rgb,,128,1.75,False,0.687
nwpu_positive_335_005,nwpu_positive_335,train,5,tennis_court,162,227,223,281,3294,992,600,rgb,,67,3.343,False,0.734
nwpu_positive_335_006,nwpu_positive_335,train,5,tennis_court,200,237,251,290,2703,992,600,rgb,,58,3.862,False,0.804
nwpu_positive_335_007,nwpu_positive_335,train,5,tennis_court,230,245,285,299,2970,992,600,rgb,,61,3.672,False,0.798
nwpu_positive_335_008,nwpu_positive_335,train,5,tennis_court,261,253,318,308,3135,992,600,rgb,,63,3.556,False,0.79
nwpu_positive_335_009,nwpu_positive_335,train,5,tennis_court,283,178,337,233,2970,992,600,rgb,,61,3.672,False,0.798
nwpu_positive_335_010,nwpu_positive_335,train,5,tennis_court,317,189,368,241,2652,992,600,rgb,,57,3.93,False,0.816
nwpu_positive_336_000,nwpu_positive_336,train,5,tennis_court,895,453,944,529,3724,970,645,rgb,,84,2.667,False,0.528
nwpu_positive_336_001,nwpu_positive_336,train,5,tennis_court,800,334,841,399,2665,970,645,rgb,,72,3.111,False,0.514
nwpu_positive_336_002,nwpu_positive_336,train,5,tennis_court,897,341,943,408,3082,970,645,rgb,,74,3.027,False,0.563
nwpu_positive_336_003,nwpu_positive_336,train,5,tennis_court,762,234,799,291,2109,970,645,rgb,,63,3.556,False,0.531
nwpu_positive_336_004,nwpu_positive_336,train,5,tennis_court,839,237,879,296,2360,970,645,rgb,,65,3.446,False,0.559
nwpu_positive_336_005,nwpu_positive_336,train,5,tennis_court,682,138,720,198,2280,970,645,rgb,,66,3.394,False,0.523
nwpu_positive_336_006,nwpu_positive_336,train,5,tennis_court,722,145,759,200,2035,970,645,rgb,,61,3.672,False,0.547
nwpu_positive_336_007,nwpu_positive_336,train,5,tennis_court,761,146,797,201,1980,970,645,rgb,,61,3.672,False,0.532
nwpu_positive_336_008,nwpu_positive_336,train,5,tennis_court,810,150,850,205,2200,970,645,rgb,,61,3.672,False,0.591
nwpu_positive_336_009,nwpu_positive_336,train,5,tennis_court,848,150,889,207,2337,970,645,rgb,,63,3.556,False,0.589
nwpu_positive_337_000,nwpu_positive_337,train,5,tennis_court,353,314,440,390,6612,832,580,rgb,,96,2.333,False,0.717
nwpu_positive_337_001,nwpu_positive_337,train,5,tennis_court,398,289,481,366,6391,832,580,rgb,,91,2.462,False,0.772
nwpu_positive_337_002,nwpu_positive_337,train,5,tennis_court,438,266,523,339,6205,832,580,rgb,,94,2.383,False,0.702
nwpu_positive_338_000,nwpu_positive_338,train,5,tennis_court,96,361,179,433,5976,846,506,rgb,,91,2.462,False,0.722
nwpu_positive_338_001,nwpu_positive_338,train,5,tennis_court,138,335,221,413,6474,846,506,rgb,,91,2.462,False,0.782
nwpu_positive_338_002,nwpu_positive_338,train,5,tennis_court,185,304,270,381,6545,846,506,rgb,,94,2.383,False,0.741
nwpu_positive_338_003,nwpu_positive_338,train,5,tennis_court,284,240,364,310,5600,846,506,rgb,,88,2.545,False,0.723
nwpu_positive_338_004,nwpu_positive_338,train,5,tennis_court,321,220,401,285,5200,846,506,rgb,,88,2.545,False,0.671
nwpu_positive_338_005,nwpu_positive_338,train,5,tennis_court,357,195,440,260,5395,846,506,rgb,,91,2.462,False,0.651
nwpu_positive_338_006,nwpu_positive_338,train,5,tennis_court,449,150,527,211,4758,846,506,rgb,,86,2.605,False,0.643
nwpu_positive_338_007,nwpu_positive_338,train,5,tennis_court,484,129,564,193,5120,846,506,rgb,,88,2.545,False,0.661
nwpu_positive_338_008,nwpu_positive_338,train,5,tennis_court,520,104,599,174,5530,846,506,rgb,,87,2.575,False,0.731
nwpu_positive_338_009,nwpu_positive_338,train,5,tennis_court,553,90,630,149,4543,846,506,rgb,,85,2.635,False,0.629
nwpu_positive_338_010,nwpu_positive_338,train,5,tennis_court,601,62,676,116,4050,846,506,rgb,,82,2.732,False,0.602
nwpu_positive_338_011,nwpu_positive_338,train,5,tennis_court,635,41,711,95,4104,846,506,rgb,,84,2.667,False,0.582
nwpu_positive_339_000,nwpu_positive_339,train,5,tennis_court,625,150,697,190,2880,838,549,rgb,,79,2.835,False,0.461
nwpu_positive_339_001,nwpu_positive_339,train,5,tennis_court,641,172,708,213,2747,838,549,rgb,,74,3.027,False,0.502
nwpu_positive_339_002,nwpu_positive_339,train,5,tennis_court,654,195,723,239,3036,838,549,rgb,,76,2.947,False,0.526
nwpu_positive_339_003,nwpu_positive_339,train,5,tennis_court,664,220,736,267,3384,838,549,rgb,,79,2.835,False,0.542
nwpu_positive_339_004,nwpu_positive_339,train,5,tennis_court,682,244,754,290,3312,838,549,rgb,,79,2.835,False,0.531
nwpu_positive_339_005,nwpu_positive_339,train,5,tennis_court,693,269,770,315,3542,838,549,rgb,,85,2.635,False,0.49
nwpu_positive_339_006,nwpu_positive_339,train,5,tennis_court,713,292,784,340,3408,838,549,rgb,,78,2.872,False,0.56
nwpu_positive_339_007,nwpu_positive_339,train,4,baseball_diamond,457,274,581,361,10788,838,549,rgb,,136,1.647,False,0.583
nwpu_positive_339_008,nwpu_positive_339,train,4,baseball_diamond,158,213,230,270,4104,838,549,rgb,,79,2.835,False,0.658
nwpu_positive_340_000,nwpu_positive_340,train,5,tennis_court,679,242,740,308,4026,858,507,rgb,,73,3.068,False,0.755
nwpu_positive_340_001,nwpu_positive_340,train,5,tennis_court,723,237,783,304,4020,858,507,rgb,,74,3.027,False,0.734
nwpu_positive_340_002,nwpu_positive_340,train,4,baseball_diamond,136,419,207,479,4260,858,507,rgb,,78,2.872,False,0.7
nwpu_positive_341_000,nwpu_positive_341,train,5,tennis_court,523,142,576,207,3445,852,604,rgb,,72,3.111,False,0.665
nwpu_positive_341_001,nwpu_positive_341,train,5,tennis_court,570,155,618,218,3024,852,604,rgb,,69,3.246,False,0.635
nwpu_positive_341_002,nwpu_positive_341,train,5,tennis_court,612,170,660,231,2928,852,604,rgb,,67,3.343,False,0.652
nwpu_positive_341_003,nwpu_positive_341,train,5,tennis_court,654,180,696,244,2688,852,604,rgb,,70,3.2,False,0.549
nwpu_positive_341_004,nwpu_positive_341,train,4,baseball_diamond,99,193,244,305,16240,852,604,rgb,,160,1.4,False,0.634
nwpu_positive_341_005,nwpu_positive_341,train,4,baseball_diamond,369,142,465,220,7488,852,604,rgb,,106,2.113,False,0.666
nwpu_positive_343_000,nwpu_positive_343,train,5,tennis_court,648,368,745,447,7663,938,628,rgb,,107,2.093,False,0.669
nwpu_positive_343_001,nwpu_positive_343,train,5,tennis_court,693,342,785,415,6716,938,628,rgb,,101,2.218,False,0.658
nwpu_positive_345_000,nwpu_positive_345,train,5,tennis_court,216,94,270,162,3672,948,580,rgb,,75,2.987,False,0.653
nwpu_positive_345_001,nwpu_positive_345,train,5,tennis_court,261,87,317,152,3640,948,580,rgb,,72,3.111,False,0.702
nwpu_positive_345_002,nwpu_positive_345,train,5,tennis_court,306,75,364,142,3886,948,580,rgb,,74,3.027,False,0.71
nwpu_positive_345_003,nwpu_positive_345,train,5,tennis_court,382,107,442,176,4140,948,580,rgb,,76,2.947,False,0.717
nwpu_positive_345_004,nwpu_positive_345,train,5,tennis_court,430,97,486,164,3752,948,580,rgb,,74,3.027,False,0.685
nwpu_positive_345_005,nwpu_positive_345,train,5,tennis_court,507,130,569,201,4402,948,580,rgb,,78,2.872,False,0.724
nwpu_positive_345_006,nwpu_positive_345,train,5,tennis_court,550,121,614,190,4416,948,580,rgb,,76,2.947,False,0.765
nwpu_positive_345_007,nwpu_positive_345,train,5,tennis_court,175,218,233,293,4350,948,580,rgb,,82,2.732,False,0.647
nwpu_positive_345_008,nwpu_positive_345,train,5,tennis_court,224,207,281,280,4161,948,580,rgb,,80,2.8,False,0.65
nwpu_positive_345_009,nwpu_positive_345,train,5,tennis_court,273,197,329,270,4088,948,580,rgb,,80,2.8,False,0.639
nwpu_positive_345_010,nwpu_positive_345,train,5,tennis_court,353,232,411,309,4466,948,580,rgb,,85,2.635,False,0.618
nwpu_positive_345_011,nwpu_positive_345,train,5,tennis_court,400,223,461,297,4514,948,580,rgb,,81,2.765,False,0.688
nwpu_positive_345_012,nwpu_positive_345,train,5,tennis_court,482,258,548,335,5082,948,580,rgb,,85,2.635,False,0.703
nwpu_positive_345_013,nwpu_positive_345,train,5,tennis_court,530,246,596,324,5148,948,580,rgb,,86,2.605,False,0.696
nwpu_positive_345_014,nwpu_positive_345,train,5,tennis_court,576,234,645,311,5313,948,580,rgb,,85,2.635,False,0.735
nwpu_positive_345_015,nwpu_positive_345,train,5,tennis_court,529,398,598,486,6072,948,580,rgb,,97,2.309,False,0.645
nwpu_positive_345_016,nwpu_positive_345,train,5,tennis_court,580,385,648,472,5916,948,580,rgb,,96,2.333,False,0.642
nwpu_positive_345_017,nwpu_positive_345,train,5,tennis_court,629,372,699,459,6090,948,580,rgb,,96,2.333,False,0.661
nwpu_positive_346_000,nwpu_positive_346,val,5,tennis_court,381,209,452,313,7384,935,574,rgb,,114,1.965,False,0.568
nwpu_positive_346_001,nwpu_positive_346,val,5,tennis_court,454,206,528,307,7474,935,574,rgb,,111,2.018,False,0.607
nwpu_positive_347_000,nwpu_positive_347,train,5,tennis_court,161,89,210,139,2450,1115,663,rgb,,55,4.073,False,0.81
nwpu_positive_347_001,nwpu_positive_347,train,5,tennis_court,252,61,301,110,2401,1115,663,rgb,,54,4.148,False,0.823
nwpu_positive_347_002,nwpu_positive_347,train,5,tennis_court,36,217,92,280,3528,1115,663,rgb,,69,3.246,False,0.741
nwpu_positive_347_003,nwpu_positive_347,train,5,tennis_court,126,202,179,262,3180,1115,663,rgb,,66,3.394,False,0.73
nwpu_positive_347_004,nwpu_positive_347,train,5,tennis_court,207,176,263,234,3248,1115,663,rgb,,64,3.5,False,0.793
nwpu_positive_347_005,nwpu_positive_347,train,5,tennis_court,282,150,343,211,3721,1115,663,rgb,,67,3.343,False,0.829
nwpu_positive_347_006,nwpu_positive_347,train,5,tennis_court,362,126,420,182,3248,1115,663,rgb,,64,3.5,False,0.793
nwpu_positive_347_007,nwpu_positive_347,train,5,tennis_court,431,94,490,148,3186,1115,663,rgb,,65,3.446,False,0.754
nwpu_positive_349_000,nwpu_positive_349,train,5,tennis_court,365,230,441,289,4484,976,584,rgb,,84,2.667,False,0.635
nwpu_positive_349_001,nwpu_positive_349,train,5,tennis_court,404,206,480,264,4408,976,584,rgb,,84,2.667,False,0.625
nwpu_positive_350_000,nwpu_positive_350,val,5,tennis_court,322,298,387,371,4745,829,540,rgb,,80,2.8,False,0.741
nwpu_positive_350_001,nwpu_positive_350,val,5,tennis_court,371,286,434,355,4347,829,540,rgb,,76,2.947,False,0.753
nwpu_positive_350_002,nwpu_positive_350,val,5,tennis_court,415,271,477,341,4340,829,540,rgb,,77,2.909,False,0.732
nwpu_positive_350_003,nwpu_positive_350,val,5,tennis_court,462,258,524,325,4154,829,540,rgb,,74,3.027,False,0.759
nwpu_positive_350_004,nwpu_positive_350,val,6,basketball_court,315,207,410,276,6555,829,540,rgb,,105,2.133,False,0.595
nwpu_positive_350_005,nwpu_positive_350,val,6,basketball_court,444,168,537,238,6510,829,540,rgb,,102,2.196,False,0.626
nwpu_positive_351_000,nwpu_positive_351,train,5,tennis_court,365,232,425,306,4440,853,565,rgb,,81,2.765,False,0.677
nwpu_positive_351_001,nwpu_positive_351,train,5,tennis_court,413,223,475,295,4464,853,565,rgb,,79,2.835,False,0.715
nwpu_positive_352_000,nwpu_positive_352,train,5,tennis_court,336,67,384,111,2112,752,545,rgb,,53,4.226,False,0.752
nwpu_positive_352_001,nwpu_positive_352,train,5,tennis_court,357,56,412,97,2255,752,545,rgb,,61,3.672,False,0.606
nwpu_positive_352_002,nwpu_positive_352,train,4,baseball_diamond,78,173,155,228,4235,752,545,rgb,,85,2.635,False,0.586
nwpu_positive_352_003,nwpu_positive_352,train,4,baseball_diamond,156,370,240,434,5376,752,545,rgb,,92,2.435,False,0.635
nwpu_positive_353_000,nwpu_positive_353,train,5,tennis_court,385,373,464,463,7110,971,569,rgb,,99,2.263,False,0.725
nwpu_positive_353_001,nwpu_positive_353,train,5,tennis_court,440,396,507,483,5829,971,569,rgb,,96,2.333,False,0.632
nwpu_positive_353_002,nwpu_positive_353,train,5,tennis_court,490,420,575,510,7650,971,569,rgb,,99,2.263,False,0.781
nwpu_positive_353_003,nwpu_positive_353,train,5,tennis_court,545,442,626,529,7047,971,569,rgb,,96,2.333,False,0.765
nwpu_positive_355_000,nwpu_positive_355,train,5,tennis_court,81,168,119,238,2660,989,561,rgb,,77,2.909,False,0.449
nwpu_positive_355_001,nwpu_positive_355,train,5,tennis_court,121,176,172,245,3519,989,561,rgb,,76,2.947,False,0.609
nwpu_positive_355_002,nwpu_positive_355,train,5,tennis_court,176,183,231,250,3685,989,561,rgb,,74,3.027,False,0.673
nwpu_positive_355_003,nwpu_positive_355,train,5,tennis_court,224,186,275,255,3519,989,561,rgb,,76,2.947,False,0.609
nwpu_positive_355_004,nwpu_positive_355,train,5,tennis_court,280,191,329,258,3283,989,561,rgb,,74,3.027,False,0.6
nwpu_positive_355_005,nwpu_positive_355,train,5,tennis_court,324,195,377,261,3498,989,561,rgb,,73,3.068,False,0.656
nwpu_positive_355_006,nwpu_positive_355,train,5,tennis_court,384,203,431,269,3102,989,561,rgb,,73,3.068,False,0.582
nwpu_positive_355_007,nwpu_positive_355,train,5,tennis_court,428,207,479,274,3417,989,561,rgb,,74,3.027,False,0.624
nwpu_positive_355_008,nwpu_positive_355,train,5,tennis_court,493,210,542,279,3381,989,561,rgb,,76,2.947,False,0.585
nwpu_positive_355_009,nwpu_positive_355,train,5,tennis_court,542,217,593,285,3468,989,561,rgb,,75,2.987,False,0.617
nwpu_positive_355_010,nwpu_positive_355,train,5,tennis_court,601,220,647,291,3266,989,561,rgb,,78,2.872,False,0.537
nwpu_positive_355_011,nwpu_positive_355,train,5,tennis_court,650,224,698,295,3408,989,561,rgb,,78,2.872,False,0.56
nwpu_positive_355_012,nwpu_positive_355,train,5,tennis_court,708,227,754,301,3404,989,561,rgb,,81,2.765,False,0.519
nwpu_positive_355_013,nwpu_positive_355,train,5,tennis_court,601,338,647,422,3864,989,561,rgb,,92,2.435,False,0.457
nwpu_positive_355_014,nwpu_positive_355,train,5,tennis_court,652,345,699,429,3948,989,561,rgb,,92,2.435,False,0.466
nwpu_positive_355_015,nwpu_positive_355,train,5,tennis_court,711,348,761,432,4200,989,561,rgb,,92,2.435,False,0.496
nwpu_positive_355_016,nwpu_positive_355,train,5,tennis_court,762,356,812,436,4000,989,561,rgb,,88,2.545,False,0.517
nwpu_positive_356_000,nwpu_positive_356,train,5,tennis_court,228,164,280,247,4316,948,579,rgb,,91,2.462,False,0.521
nwpu_positive_356_001,nwpu_positive_356,train,5,tennis_court,279,169,338,251,4838,948,579,rgb,,90,2.489,False,0.597
nwpu_positive_356_002,nwpu_positive_356,train,5,tennis_court,200,293,259,387,5546,948,579,rgb,,103,2.175,False,0.523
nwpu_positive_356_003,nwpu_positive_356,train,5,tennis_court,258,299,315,390,5187,948,579,rgb,,100,2.24,False,0.519
nwpu_positive_357_000,nwpu_positive_357,train,5,tennis_court,121,128,222,198,7070,864,613,rgb,,111,2.018,False,0.574
nwpu_positive_357_001,nwpu_positive_357,train,5,tennis_court,165,92,262,159,6499,864,613,rgb,,107,2.093,False,0.568
nwpu_positive_358_000,nwpu_positive_358,train,5,tennis_court,258,426,300,513,3654,977,653,rgb,,96,2.333,False,0.396
nwpu_positive_358_001,nwpu_positive_358,train,5,tennis_court,311,425,352,507,3362,977,653,rgb,,90,2.489,False,0.415
nwpu_positive_358_002,nwpu_positive_358,train,5,tennis_court,225,313,265,388,3000,977,653,rgb,,82,2.732,False,0.446
nwpu_positive_358_003,nwpu_positive_358,train,5,tennis_court,275,314,314,387,2847,977,653,rgb,,80,2.8,False,0.445
nwpu_positive_358_004,nwpu_positive_358,train,5,tennis_court,319,313,367,386,3504,977,653,rgb,,80,2.8,False,0.547
nwpu_positive_358_005,nwpu_positive_358,train,5,tennis_court,221,118,256,178,2100,977,653,rgb,,66,3.394,False,0.482
nwpu_positive_358_006,nwpu_positive_358,train,5,tennis_court,263,118,301,178,2280,977,653,rgb,,66,3.394,False,0.523
nwpu_positive_358_007,nwpu_positive_358,train,5,tennis_court,305,118,341,178,2160,977,653,rgb,,66,3.394,False,0.496
nwpu_positive_358_008,nwpu_positive_358,train,5,tennis_court,348,118,387,178,2340,977,653,rgb,,66,3.394,False,0.537
nwpu_positive_358_009,nwpu_positive_358,train,5,tennis_court,412,82,448,143,2196,977,653,rgb,,67,3.343,False,0.489
nwpu_positive_358_010,nwpu_positive_358,train,5,tennis_court,451,82,489,143,2318,977,653,rgb,,67,3.343,False,0.516
nwpu_positive_358_011,nwpu_positive_358,train,9,bridge,818,92,972,214,18788,977,653,rgb,,169,1.325,False,0.658
nwpu_positive_359_000,nwpu_positive_359,train,5,tennis_court,303,288,365,358,4340,923,561,rgb,,77,2.909,False,0.732
nwpu_positive_359_001,nwpu_positive_359,train,5,tennis_court,390,272,447,346,4218,923,561,rgb,,81,2.765,False,0.643
nwpu_positive_359_002,nwpu_positive_359,train,5,tennis_court,443,262,502,335,4307,923,561,rgb,,80,2.8,False,0.673
nwpu_positive_359_003,nwpu_positive_359,train,5,tennis_court,507,248,567,318,4200,923,561,rgb,,77,2.909,False,0.708
nwpu_positive_359_004,nwpu_positive_359,train,5,tennis_court,562,238,623,307,4209,923,561,rgb,,76,2.947,False,0.729
nwpu_positive_359_005,nwpu_positive_359,train,5,tennis_court,324,389,380,467,4368,923,561,rgb,,86,2.605,False,0.591
nwpu_positive_360_000,nwpu_positive_360,train,5,tennis_court,307,91,358,162,3621,891,605,rgb,,78,2.872,False,0.595
nwpu_positive_360_001,nwpu_positive_360,train,5,tennis_court,370,96,425,165,3795,891,605,rgb,,76,2.947,False,0.657
nwpu_positive_360_002,nwpu_positive_360,train,5,tennis_court,433,93,481,171,3744,891,605,rgb,,86,2.605,False,0.506
nwpu_positive_360_003,nwpu_positive_360,train,5,tennis_court,378,197,431,278,4293,891,605,rgb,,89,2.517,False,0.542
nwpu_positive_360_004,nwpu_positive_360,train,5,tennis_court,451,198,497,281,3818,891,605,rgb,,91,2.462,False,0.461
nwpu_positive_360_005,nwpu_positive_360,train,5,tennis_court,515,202,569,285,4482,891,605,rgb,,91,2.462,False,0.541
nwpu_positive_360_006,nwpu_positive_360,train,5,tennis_court,463,312,519,405,5208,891,605,rgb,,102,2.196,False,0.501
nwpu_positive_360_007,nwpu_positive_360,train,5,tennis_court,536,320,589,411,4823,891,605,rgb,,100,2.24,False,0.482
nwpu_positive_360_008,nwpu_positive_360,train,5,tennis_court,607,323,662,414,5005,891,605,rgb,,100,2.24,False,0.5
nwpu_positive_361_000,nwpu_positive_361,train,5,tennis_court,303,151,385,206,4510,737,564,rgb,,90,2.489,False,0.557
nwpu_positive_361_001,nwpu_positive_361,train,5,tennis_court,281,189,369,240,4488,737,564,rgb,,97,2.309,False,0.477
nwpu_positive_361_002,nwpu_positive_361,train,6,basketball_court,400,188,459,260,4248,737,564,rgb,,79,2.835,False,0.681
nwpu_positive_361_003,nwpu_positive_361,train,6,basketball_court,455,203,522,276,4891,737,564,rgb,,80,2.8,False,0.764
nwpu_positive_361_004,nwpu_positive_361,train,4,baseball_diamond,189,264,353,389,20500,737,564,rgb,,180,1.244,False,0.633
nwpu_positive_362_000,nwpu_positive_362,train,5,tennis_court,174,314,248,366,3848,861,599,rgb,,81,2.765,False,0.586
nwpu_positive_362_001,nwpu_positive_362,train,5,tennis_court,243,365,317,416,3774,861,599,rgb,,81,2.765,False,0.575
nwpu_positive_362_002,nwpu_positive_362,train,5,tennis_court,197,289,267,339,3500,861,599,rgb,,77,2.909,False,0.59
nwpu_positive_362_003,nwpu_positive_362,train,5,tennis_court,267,339,338,392,3763,861,599,rgb,,78,2.872,False,0.619
nwpu_positive_362_004,nwpu_positive_362,train,5,tennis_court,219,262,288,314,3588,861,599,rgb,,76,2.947,False,0.621
nwpu_positive_362_005,nwpu_positive_362,train,5,tennis_court,286,313,360,363,3700,861,599,rgb,,81,2.765,False,0.564
nwpu_positive_362_006,nwpu_positive_362,train,5,tennis_court,241,238,307,291,3498,861,599,rgb,,73,3.068,False,0.656
nwpu_positive_362_007,nwpu_positive_362,train,5,tennis_court,310,286,380,340,3780,861,599,rgb,,77,2.909,False,0.638
nwpu_positive_362_008,nwpu_positive_362,train,4,baseball_diamond,421,354,552,476,15982,861,599,rgb,,144,1.556,False,0.771
nwpu_positive_362_009,nwpu_positive_362,train,4,baseball_diamond,147,17,237,77,5400,861,599,rgb,,99,2.263,False,0.551
nwpu_positive_362_010,nwpu_positive_362,train,6,basketball_court,213,117,300,184,5829,861,599,rgb,,96,2.333,False,0.632
nwpu_positive_362_011,nwpu_positive_362,train,6,basketball_court,264,74,342,137,4914,861,599,rgb,,86,2.605,False,0.664
nwpu_positive_364_000,nwpu_positive_364,train,5,tennis_court,486,569,575,637,6052,1135,661,rgb,,98,2.286,False,0.63
nwpu_positive_364_001,nwpu_positive_364,train,5,tennis_court,455,468,537,528,4920,1135,661,rgb,,90,2.489,False,0.607
nwpu_positive_364_002,nwpu_positive_364,train,5,tennis_court,648,511,711,560,3087,1135,661,rgb,,69,3.246,False,0.648
nwpu_positive_364_003,nwpu_positive_364,train,5,tennis_court,640,186,691,225,1989,1135,661,rgb,,56,4.0,False,0.634
nwpu_positive_364_004,nwpu_positive_364,train,5,tennis_court,672,218,722,260,2100,1135,661,rgb,,55,4.073,False,0.694
nwpu_positive_364_005,nwpu_positive_364,train,5,tennis_court,622,257,672,301,2200,1135,661,rgb,,55,4.073,False,0.727
nwpu_positive_364_006,nwpu_positive_364,train,5,tennis_court,655,285,709,331,2484,1135,661,rgb,,59,3.797,False,0.714
nwpu_positive_364_007,nwpu_positive_364,train,5,tennis_court,679,326,732,371,2385,1135,661,rgb,,58,3.862,False,0.709
nwpu_positive_364_008,nwpu_positive_364,train,5,tennis_court,569,298,614,339,1845,1135,661,rgb,,50,4.48,False,0.738
nwpu_positive_364_009,nwpu_positive_364,train,5,tennis_court,602,330,660,372,2436,1135,661,rgb,,64,3.5,False,0.595
nwpu_positive_364_010,nwpu_positive_364,train,5,tennis_court,628,371,683,418,2585,1135,661,rgb,,61,3.672,False,0.695
nwpu_positive_364_011,nwpu_positive_364,train,5,tennis_court,653,419,709,465,2576,1135,661,rgb,,62,3.613,False,0.67
nwpu_positive_364_012,nwpu_positive_364,train,5,tennis_court,545,369,609,418,3136,1135,661,rgb,,70,3.2,False,0.64
nwpu_positive_364_013,nwpu_positive_364,train,5,tennis_court,569,422,625,469,2632,1135,661,rgb,,62,3.613,False,0.685
nwpu_positive_364_014,nwpu_positive_364,train,5,tennis_court,594,473,648,517,2376,1135,661,rgb,,59,3.797,False,0.683
nwpu_positive_365_000,nwpu_positive_365,train,5,tennis_court,102,315,168,423,7128,988,559,rgb,,119,1.882,False,0.503
nwpu_positive_365_001,nwpu_positive_365,train,5,tennis_court,172,301,238,418,7722,988,559,rgb,,129,1.736,False,0.464
nwpu_positive_365_002,nwpu_positive_365,train,5,tennis_court,263,305,328,411,6890,988,559,rgb,,117,1.915,False,0.503
nwpu_positive_365_003,nwpu_positive_365,train,5,tennis_court,335,300,400,403,6695,988,559,rgb,,113,1.982,False,0.524
nwpu_positive_365_004,nwpu_positive_365,train,5,tennis_court,425,294,489,396,6528,988,559,rgb,,112,2.0,False,0.52
nwpu_positive_365_005,nwpu_positive_365,train,5,tennis_court,494,291,558,392,6464,988,559,rgb,,111,2.018,False,0.525
nwpu_positive_365_006,nwpu_positive_365,train,5,tennis_court,595,282,665,383,7070,988,559,rgb,,111,2.018,False,0.574
nwpu_positive_365_007,nwpu_positive_365,train,5,tennis_court,660,276,733,377,7373,988,559,rgb,,111,2.018,False,0.598
nwpu_positive_365_008,nwpu_positive_365,train,5,tennis_court,728,274,802,371,7178,988,559,rgb,,107,2.093,False,0.627
nwpu_positive_365_009,nwpu_positive_365,train,5,tennis_court,792,268,868,367,7524,988,559,rgb,,109,2.055,False,0.633
nwpu_positive_366_000,nwpu_positive_366,train,5,tennis_court,185,229,232,292,2961,848,573,rgb,,69,3.246,False,0.622
nwpu_positive_366_001,nwpu_positive_366,train,5,tennis_court,232,218,278,281,2898,848,573,rgb,,69,3.246,False,0.609
nwpu_positive_366_002,nwpu_positive_366,train,5,tennis_court,268,209,318,272,3150,848,573,rgb,,69,3.246,False,0.662
nwpu_positive_366_003,nwpu_positive_366,train,5,tennis_court,323,211,377,271,3240,848,573,rgb,,66,3.394,False,0.744
nwpu_positive_366_004,nwpu_positive_366,train,5,tennis_court,363,200,413,261,3050,848,573,rgb,,67,3.343,False,0.679
nwpu_positive_366_005,nwpu_positive_366,train,5,tennis_court,408,189,458,251,3100,848,573,rgb,,68,3.294,False,0.67
nwpu_positive_366_006,nwpu_positive_366,train,5,tennis_court,443,180,494,240,3060,848,573,rgb,,66,3.394,False,0.702
nwpu_positive_366_007,nwpu_positive_366,train,5,tennis_court,489,170,540,226,2856,848,573,rgb,,62,3.613,False,0.743
nwpu_positive_366_008,nwpu_positive_366,train,5,tennis_court,526,159,575,218,2891,848,573,rgb,,65,3.446,False,0.684
nwpu_positive_368_000,nwpu_positive_368,train,5,tennis_court,73,193,185,236,4816,839,576,rgb,,123,1.821,False,0.318
nwpu_positive_368_001,nwpu_positive_368,train,5,tennis_court,70,238,185,283,5175,839,576,rgb,,127,1.764,False,0.321
nwpu_positive_368_002,nwpu_positive_368,train,5,tennis_court,67,287,182,336,5635,839,576,rgb,,127,1.764,False,0.349
nwpu_positive_368_003,nwpu_positive_368,train,5,tennis_court,65,338,182,388,5850,839,576,rgb,,129,1.736,False,0.352
nwpu_positive_369_000,nwpu_positive_369,train,10,vehicle,861,230,917,286,3136,973,649,rgb,,62,3.613,False,0.816
nwpu_positive_369_001,nwpu_positive_369,train,10,vehicle,827,256,888,315,3599,973,649,rgb,,67,3.343,False,0.802
nwpu_positive_369_002,nwpu_positive_369,train,10,vehicle,724,323,773,384,2989,973,649,rgb,,67,3.343,False,0.666
nwpu_positive_371_000,nwpu_positive_371,train,10,vehicle,26,46,65,133,3393,1005,695,rgb,,96,2.333,False,0.368
nwpu_positive_371_001,nwpu_positive_371,train,10,vehicle,725,120,761,198,2808,1005,695,rgb,,86,2.605,False,0.38
nwpu_positive_371_002,nwpu_positive_371,train,10,vehicle,871,498,943,535,2664,1005,695,rgb,,79,2.835,False,0.427
nwpu_positive_373_000,nwpu_positive_373,train,10,vehicle,555,20,609,64,2376,939,715,rgb,,59,3.797,False,0.683
nwpu_positive_373_001,nwpu_positive_373,train,10,vehicle,404,591,440,658,2412,939,715,rgb,,74,3.027,False,0.44
nwpu_positive_374_000,nwpu_positive_374,val,10,vehicle,101,254,158,290,2052,973,702,rgb,,63,3.556,False,0.517
nwpu_positive_374_001,nwpu_positive_374,val,10,vehicle,822,354,894,416,4464,973,702,rgb,,79,2.835,False,0.715
nwpu_positive_375_000,nwpu_positive_375,val,10,vehicle,198,83,243,166,3735,904,709,rgb,,91,2.462,False,0.451
nwpu_positive_375_001,nwpu_positive_375,val,10,vehicle,110,570,202,634,5888,904,709,rgb,,101,2.218,False,0.577
nwpu_positive_376_000,nwpu_positive_376,train,10,vehicle,145,346,213,402,3808,886,667,rgb,,75,2.987,False,0.677
nwpu_positive_376_001,nwpu_positive_376,train,10,vehicle,275,225,369,305,7520,886,667,rgb,,103,2.175,False,0.709
nwpu_positive_377_000,nwpu_positive_377,val,10,vehicle,160,179,230,221,2940,863,571,rgb,,77,2.909,False,0.496
nwpu_positive_377_001,nwpu_positive_377,val,10,vehicle,519,115,599,161,3680,863,571,rgb,,88,2.545,False,0.475
nwpu_positive_377_002,nwpu_positive_377,val,10,vehicle,617,108,692,155,3525,863,571,rgb,,82,2.732,False,0.524
nwpu_positive_378_000,nwpu_positive_378,train,10,vehicle,398,587,474,626,2964,970,715,rgb,,84,2.667,False,0.42
nwpu_positive_378_001,nwpu_positive_378,train,10,vehicle,457,664,528,713,3479,970,715,rgb,,78,2.872,False,0.572
nwpu_positive_379_000,nwpu_positive_379,train,10,vehicle,365,140,417,201,3172,709,358,rgb,,67,3.343,False,0.707
nwpu_positive_379_001,nwpu_positive_379,train,10,vehicle,429,251,471,302,2142,709,358,rgb,,56,4.0,False,0.683
nwpu_positive_379_002,nwpu_positive_379,train,10,vehicle,276,191,327,226,1785,709,358,rgb,,56,4.0,False,0.569
nwpu_positive_380_000,nwpu_positive_380,val,10,vehicle,99,97,138,161,2496,700,387,rgb,,70,3.2,False,0.509
nwpu_positive_380_001,nwpu_positive_380,val,10,vehicle,360,215,422,267,3224,700,387,rgb,,68,3.294,False,0.697
nwpu_positive_381_000,nwpu_positive_381,train,10,vehicle,834,417,908,477,4440,953,723,rgb,,81,2.765,False,0.677
nwpu_positive_381_001,nwpu_positive_381,train,10,vehicle,132,95,214,177,6724,953,723,rgb,,90,2.489,False,0.83
nwpu_positive_382_000,nwpu_positive_382,train,10,vehicle,835,447,882,508,2867,1002,669,rgb,,67,3.343,False,0.639
nwpu_positive_382_001,nwpu_positive_382,train,10,vehicle,765,548,827,582,2108,1002,669,rgb,,68,3.294,False,0.456
nwpu_positive_383_000,nwpu_positive_383,train,10,vehicle,488,284,532,342,2552,955,672,rgb,,64,3.5,False,0.623
nwpu_positive_383_001,nwpu_positive_383,train,10,vehicle,428,569,497,610,2829,955,672,rgb,,76,2.947,False,0.49
nwpu_positive_384_000,nwpu_positive_384,train,10,vehicle,324,50,374,106,2800,978,720,rgb,,62,3.613,False,0.728
nwpu_positive_384_001,nwpu_positive_384,train,10,vehicle,354,660,420,698,2508,978,720,rgb,,73,3.068,False,0.471
nwpu_positive_385_000,nwpu_positive_385,train,10,vehicle,91,476,157,518,2772,756,691,rgb,,73,3.068,False,0.52
nwpu_positive_385_001,nwpu_positive_385,train,10,vehicle,25,534,91,582,3168,756,691,rgb,,73,3.068,False,0.594
nwpu_positive_385_002,nwpu_positive_385,train,10,vehicle,127,498,195,548,3400,756,691,rgb,,75,2.987,False,0.604
nwpu_positive_386_000,nwpu_positive_386,train,10,vehicle,834,384,892,415,1798,926,678,rgb,,64,3.5,False,0.439
nwpu_positive_386_001,nwpu_positive_386,train,10,vehicle,462,617,532,662,3150,926,678,rgb,,77,2.909,False,0.531
nwpu_positive_387_000,nwpu_positive_387,val,10,vehicle,83,123,129,154,1426,744,446,rgb,,51,4.392,False,0.548
nwpu_positive_387_001,nwpu_positive_387,val,10,vehicle,101,164,135,213,1666,744,446,rgb,,54,4.148,False,0.571
nwpu_positive_387_002,nwpu_positive_387,val,10,vehicle,272,124,323,157,1683,744,446,rgb,,56,4.0,False,0.537
nwpu_positive_387_003,nwpu_positive_387,val,10,vehicle,559,30,608,62,1568,744,446,rgb,,54,4.148,False,0.538
nwpu_positive_387_004,nwpu_positive_387,val,10,vehicle,641,33,698,69,2052,744,446,rgb,,63,3.556,False,0.517
nwpu_positive_389_000,nwpu_positive_389,train,10,vehicle,380,386,445,427,2665,831,652,rgb,,72,3.111,False,0.514
nwpu_positive_389_001,nwpu_positive_389,train,10,vehicle,251,424,312,465,2501,831,652,rgb,,67,3.343,False,0.557
nwpu_positive_389_002,nwpu_positive_389,train,10,vehicle,127,460,184,500,2280,831,652,rgb,,63,3.556,False,0.574
nwpu_positive_389_003,nwpu_positive_389,train,10,vehicle,742,199,810,240,2788,831,652,rgb,,75,2.987,False,0.496
nwpu_positive_390_000,nwpu_positive_390,val,10,vehicle,639,344,680,407,2583,864,704,rgb,,69,3.246,False,0.543
nwpu_positive_390_001,nwpu_positive_390,val,10,vehicle,498,386,535,452,2442,864,704,rgb,,73,3.068,False,0.458
nwpu_positive_390_002,nwpu_positive_390,val,10,vehicle,519,477,557,545,2584,864,704,rgb,,75,2.987,False,0.459
nwpu_positive_390_003,nwpu_positive_390,val,10,vehicle,562,489,599,552,2331,864,704,rgb,,69,3.246,False,0.49
nwpu_positive_390_004,nwpu_positive_390,val,10,vehicle,527,550,562,616,2310,864,704,rgb,,73,3.068,False,0.433
nwpu_positive_391_000,nwpu_positive_391,train,10,vehicle,331,68,373,128,2520,970,637,rgb,,66,3.394,False,0.579
nwpu_positive_391_001,nwpu_positive_391,train,10,vehicle,437,322,481,390,2992,970,637,rgb,,75,2.987,False,0.532
nwpu_positive_391_002,nwpu_positive_391,train,10,vehicle,514,503,557,573,3010,970,637,rgb,,77,2.909,False,0.508
nwpu_positive_391_003,nwpu_positive_391,train,10,vehicle,895,54,958,96,2646,970,637,rgb,,69,3.246,False,0.556
nwpu_positive_392_000,nwpu_positive_392,train,10,vehicle,578,19,640,58,2418,975,700,rgb,,68,3.294,False,0.523
nwpu_positive_392_001,nwpu_positive_392,train,10,vehicle,500,41,559,81,2360,975,700,rgb,,65,3.446,False,0.559
nwpu_positive_392_002,nwpu_positive_392,train,10,vehicle,432,281,473,339,2378,975,700,rgb,,64,3.5,False,0.581
nwpu_positive_392_003,nwpu_positive_392,train,10,vehicle,488,453,532,525,3168,975,700,rgb,,79,2.835,False,0.508
nwpu_positive_392_004,nwpu_positive_392,train,10,vehicle,525,150,593,194,2992,975,700,rgb,,75,2.987,False,0.532
nwpu_positive_394_000,nwpu_positive_394,train,10,vehicle,58,354,137,401,3713,855,681,rgb,,87,2.575,False,0.491
nwpu_positive_394_001,nwpu_positive_394,train,10,vehicle,57,415,123,452,2442,855,681,rgb,,73,3.068,False,0.458
nwpu_positive_394_002,nwpu_positive_394,train,10,vehicle,318,353,376,389,2088,855,681,rgb,,64,3.5,False,0.51
nwpu_positive_394_003,nwpu_positive_394,train,10,vehicle,811,291,850,354,2457,855,681,rgb,,69,3.246,False,0.516
nwpu_positive_395_000,nwpu_positive_395,train,10,vehicle,486,265,528,332,2814,868,713,rgb,,74,3.027,False,0.514
nwpu_positive_395_001,nwpu_positive_395,train,10,vehicle,550,484,592,559,3150,868,713,rgb,,82,2.732,False,0.468
nwpu_positive_395_002,nwpu_positive_395,train,10,vehicle,571,566,613,624,2436,868,713,rgb,,64,3.5,False,0.595
nwpu_positive_395_003,nwpu_positive_395,train,10,vehicle,595,639,634,706,2613,868,713,rgb,,74,3.027,False,0.477
nwpu_positive_396_000,nwpu_positive_396,train,10,vehicle,421,514,489,560,3128,954,608,rgb,,75,2.987,False,0.556
nwpu_positive_396_001,nwpu_positive_396,train,10,vehicle,551,443,619,486,2924,954,608,rgb,,75,2.987,False,0.52
nwpu_positive_396_002,nwpu_positive_396,train,10,vehicle,570,477,630,514,2220,954,608,rgb,,66,3.394,False,0.51
nwpu_positive_396_003,nwpu_positive_396,train,10,vehicle,591,500,653,542,2604,954,608,rgb,,68,3.294,False,0.563
nwpu_positive_396_004,nwpu_positive_396,train,10,vehicle,424,547,504,599,4160,954,608,rgb,,88,2.545,False,0.537
nwpu_positive_397_000,nwpu_positive_397,train,10,vehicle,16,68,53,134,2442,975,623,rgb,,73,3.068,False,0.458
nwpu_positive_397_001,nwpu_positive_397,train,10,vehicle,33,146,77,212,2904,975,623,rgb,,73,3.068,False,0.545
nwpu_positive_397_002,nwpu_positive_397,train,10,vehicle,112,155,157,221,2970,975,623,rgb,,73,3.068,False,0.557
nwpu_positive_397_003,nwpu_positive_397,train,10,vehicle,204,125,257,183,3074,975,623,rgb,,64,3.5,False,0.75
nwpu_positive_397_004,nwpu_positive_397,train,10,vehicle,171,249,233,291,2604,975,623,rgb,,68,3.294,False,0.563
nwpu_positive_397_005,nwpu_positive_397,train,10,vehicle,525,492,567,561,2898,975,623,rgb,,76,2.947,False,0.502
nwpu_positive_398_000,nwpu_positive_398,train,10,vehicle,499,50,541,78,1176,595,623,rgb,,46,4.87,False,0.556
nwpu_positive_398_001,nwpu_positive_398,train,10,vehicle,514,139,560,171,1472,595,623,rgb,,51,4.392,False,0.566
nwpu_positive_398_002,nwpu_positive_398,train,10,vehicle,507,178,561,208,1620,595,623,rgb,,59,3.797,False,0.465
nwpu_positive_398_003,nwpu_positive_398,train,10,vehicle,428,252,454,303,1326,595,623,rgb,,56,4.0,False,0.423
nwpu_positive_398_004,nwpu_positive_398,train,10,vehicle,442,320,471,368,1392,595,623,rgb,,53,4.226,False,0.496
nwpu_positive_398_005,nwpu_positive_398,train,10,vehicle,461,390,495,441,1734,595,623,rgb,,56,4.0,False,0.553
nwpu_positive_398_006,nwpu_positive_398,train,10,vehicle,391,177,439,219,2016,595,623,rgb,,53,4.226,False,0.718
nwpu_positive_398_007,nwpu_positive_398,train,10,vehicle,270,248,322,272,1248,595,623,rgb,,57,3.93,False,0.384
nwpu_positive_398_008,nwpu_positive_398,train,10,vehicle,96,278,151,320,2310,595,623,rgb,,61,3.672,False,0.621
nwpu_positive_399_000,nwpu_positive_399,train,10,vehicle,16,379,80,419,2560,902,611,rgb,,70,3.2,False,0.522
nwpu_positive_399_001,nwpu_positive_399,train,10,vehicle,166,176,228,219,2666,902,611,rgb,,68,3.294,False,0.577
nwpu_positive_399_002,nwpu_positive_399,train,10,vehicle,377,109,442,149,2600,902,611,rgb,,72,3.111,False,0.502
nwpu_positive_399_003,nwpu_positive_399,train,10,vehicle,473,134,542,174,2760,902,611,rgb,,76,2.947,False,0.478
nwpu_positive_399_004,nwpu_positive_399,train,10,vehicle,456,184,516,221,2220,902,611,rgb,,66,3.394,False,0.51
nwpu_positive_399_005,nwpu_positive_399,train,10,vehicle,534,58,600,99,2706,902,611,rgb,,73,3.068,False,0.508
nwpu_positive_399_006,nwpu_positive_399,train,10,vehicle,280,151,346,178,1782,902,611,rgb,,73,3.068,False,0.334
nwpu_positive_399_007,nwpu_positive_399,train,10,vehicle,532,213,597,244,2015,902,611,rgb,,72,3.111,False,0.389
nwpu_positive_400_000,nwpu_positive_400,val,10,vehicle,62,38,112,100,3100,856,721,rgb,,68,3.294,False,0.67
nwpu_positive_400_001,nwpu_positive_400,val,10,vehicle,43,537,84,599,2542,856,721,rgb,,68,3.294,False,0.55
nwpu_positive_400_002,nwpu_positive_400,val,10,vehicle,115,558,159,630,3168,856,721,rgb,,79,2.835,False,0.508
nwpu_positive_401_000,nwpu_positive_401,val,10,vehicle,346,127,398,199,3744,888,682,rgb,,79,2.835,False,0.6
nwpu_positive_401_001,nwpu_positive_401,val,10,vehicle,149,256,217,311,3740,888,682,rgb,,75,2.987,False,0.665
nwpu_positive_402_000,nwpu_positive_402,train,10,vehicle,812,422,849,485,2331,973,629,rgb,,69,3.246,False,0.49
nwpu_positive_402_001,nwpu_positive_402,train,10,vehicle,693,532,730,614,3034,973,629,rgb,,90,2.489,False,0.375
nwpu_positive_403_000,nwpu_positive_403,train,10,vehicle,73,141,151,180,3042,794,663,rgb,,86,2.605,False,0.411
nwpu_positive_403_001,nwpu_positive_403,train,10,vehicle,156,153,233,194,3157,794,663,rgb,,85,2.635,False,0.437
nwpu_positive_403_002,nwpu_positive_403,train,10,vehicle,489,186,566,224,2926,794,663,rgb,,85,2.635,False,0.405
nwpu_positive_403_003,nwpu_positive_403,train,10,vehicle,648,311,722,351,2960,794,663,rgb,,81,2.765,False,0.451
nwpu_positive_404_000,nwpu_positive_404,train,10,vehicle,244,55,299,123,3740,804,596,rgb,,75,2.987,False,0.665
nwpu_positive_404_001,nwpu_positive_404,train,10,vehicle,125,250,174,318,3332,804,596,rgb,,75,2.987,False,0.592
nwpu_positive_405_000,nwpu_positive_405,train,10,vehicle,412,134,477,197,4095,872,622,rgb,,72,3.111,False,0.79
nwpu_positive_405_001,nwpu_positive_405,train,10,vehicle,142,100,203,163,3843,872,622,rgb,,69,3.246,False,0.807
nwpu_positive_406_000,nwpu_positive_406,train,10,vehicle,294,40,340,98,2668,888,699,rgb,,64,3.5,False,0.651
nwpu_positive_406_001,nwpu_positive_406,train,10,vehicle,213,170,260,231,2867,888,699,rgb,,67,3.343,False,0.639
nwpu_positive_406_002,nwpu_positive_406,train,10,vehicle,457,524,537,590,5280,888,699,rgb,,88,2.545,False,0.682
nwpu_positive_408_000,nwpu_positive_408,val,10,vehicle,406,124,442,189,2340,974,657,rgb,,72,3.111,False,0.451
nwpu_positive_408_001,nwpu_positive_408,val,10,vehicle,447,127,481,186,2006,974,657,rgb,,65,3.446,False,0.475
nwpu_positive_409_000,nwpu_positive_409,train,10,vehicle,513,83,578,134,3315,612,732,rgb,,72,3.111,False,0.639
nwpu_positive_409_001,nwpu_positive_409,train,10,vehicle,439,164,499,206,2520,612,732,rgb,,66,3.394,False,0.579
nwpu_positive_409_002,nwpu_positive_409,train,10,vehicle,459,241,520,281,2440,612,732,rgb,,67,3.343,False,0.544
nwpu_positive_409_003,nwpu_positive_409,train,10,vehicle,523,275,583,301,1560,612,732,rgb,,66,3.394,False,0.358
nwpu_positive_409_004,nwpu_positive_409,train,10,vehicle,405,284,474,332,3312,612,732,rgb,,76,2.947,False,0.573
nwpu_positive_409_005,nwpu_positive_409,train,10,vehicle,306,282,374,322,2720,612,732,rgb,,75,2.987,False,0.484
nwpu_positive_409_006,nwpu_positive_409,train,10,vehicle,284,333,350,372,2574,612,732,rgb,,73,3.068,False,0.483
nwpu_positive_409_007,nwpu_positive_409,train,10,vehicle,183,366,240,402,2052,612,732,rgb,,63,3.556,False,0.517
nwpu_positive_409_008,nwpu_positive_409,train,10,vehicle,199,232,264,276,2860,612,732,rgb,,72,3.111,False,0.552
nwpu_positive_409_009,nwpu_positive_409,train,10,vehicle,192,132,251,176,2596,612,732,rgb,,65,3.446,False,0.614
nwpu_positive_410_000,nwpu_positive_410,train,10,vehicle,339,392,415,458,5016,949,617,rgb,,84,2.667,False,0.711
nwpu_positive_410_001,nwpu_positive_410,train,10,vehicle,518,533,586,599,4488,949,617,rgb,,75,2.987,False,0.798
nwpu_positive_411_000,nwpu_positive_411,train,10,vehicle,1,192,50,251,2891,877,660,rgb,,65,3.446,False,0.684
nwpu_positive_411_001,nwpu_positive_411,train,10,vehicle,98,267,157,340,4307,877,660,rgb,,80,2.8,False,0.673
nwpu_positive_411_002,nwpu_positive_411,train,10,vehicle,507,562,584,647,6545,877,660,rgb,,94,2.383,False,0.741
nwpu_positive_412_000,nwpu_positive_412,train,10,vehicle,298,112,352,182,3780,976,666,rgb,,77,2.909,False,0.638
nwpu_positive_412_001,nwpu_positive_412,train,10,vehicle,399,340,443,397,2508,976,666,rgb,,63,3.556,False,0.632
nwpu_positive_412_002,nwpu_positive_412,train,10,vehicle,379,506,432,576,3710,976,666,rgb,,77,2.909,False,0.626
nwpu_positive_414_000,nwpu_positive_414,val,10,vehicle,2,65,34,111,1472,618,529,rgb,,51,4.392,False,0.566
nwpu_positive_414_001,nwpu_positive_414,val,10,vehicle,31,53,62,99,1426,618,529,rgb,,51,4.392,False,0.548
nwpu_positive_414_002,nwpu_positive_414,val,10,vehicle,56,44,86,90,1380,618,529,rgb,,51,4.392,False,0.531
nwpu_positive_414_003,nwpu_positive_414,val,10,vehicle,77,39,110,84,1485,618,529,rgb,,50,4.48,False,0.594
nwpu_positive_414_004,nwpu_positive_414,val,10,vehicle,105,31,136,77,1426,618,529,rgb,,51,4.392,False,0.548
nwpu_positive_414_005,nwpu_positive_414,val,10,vehicle,74,221,123,252,1519,618,529,rgb,,54,4.148,False,0.521
nwpu_positive_414_006,nwpu_positive_414,val,10,vehicle,157,225,215,259,1972,618,529,rgb,,64,3.5,False,0.481
nwpu_positive_414_007,nwpu_positive_414,val,10,vehicle,379,158,435,179,1176,618,529,rgb,,62,3.613,False,0.306
nwpu_positive_415_000,nwpu_positive_415,train,10,vehicle,730,68,795,108,2600,949,676,rgb,,72,3.111,False,0.502
nwpu_positive_415_001,nwpu_positive_415,train,10,vehicle,487,240,552,287,3055,949,676,rgb,,72,3.111,False,0.589
nwpu_positive_415_002,nwpu_positive_415,train,10,vehicle,330,235,395,280,2925,949,676,rgb,,72,3.111,False,0.564
nwpu_positive_415_003,nwpu_positive_415,train,10,vehicle,415,168,482,209,2747,949,676,rgb,,74,3.027,False,0.502
nwpu_positive_415_004,nwpu_positive_415,train,10,vehicle,203,278,267,320,2688,949,676,rgb,,70,3.2,False,0.549
nwpu_positive_415_005,nwpu_positive_415,train,10,vehicle,199,367,265,408,2706,949,676,rgb,,73,3.068,False,0.508
nwpu_positive_415_006,nwpu_positive_415,train,10,vehicle,240,311,309,357,3174,949,676,rgb,,76,2.947,False,0.55
nwpu_positive_422_000,nwpu_positive_422,train,10,vehicle,163,493,189,548,1430,1057,670,cir,,61,3.672,False,0.384
nwpu_positive_422_001,nwpu_positive_422,train,10,vehicle,629,178,690,211,2013,1057,670,cir,,67,3.343,False,0.448
nwpu_positive_422_002,nwpu_positive_422,train,10,vehicle,912,213,967,240,1485,1057,670,cir,,61,3.672,False,0.399
nwpu_positive_422_003,nwpu_positive_422,train,10,vehicle,182,273,206,327,1296,1057,670,cir,,59,3.797,False,0.372
nwpu_positive_422_004,nwpu_positive_422,train,10,vehicle,111,3,138,48,1215,1057,670,cir,,50,4.48,False,0.486
nwpu_positive_422_005,nwpu_positive_422,train,10,vehicle,750,295,773,341,1058,1057,670,cir,,51,4.392,False,0.407
nwpu_positive_423_000,nwpu_positive_423,train,10,vehicle,267,514,321,542,1512,1072,696,cir,,59,3.797,False,0.434
nwpu_positive_423_001,nwpu_positive_423,train,10,vehicle,403,538,434,593,1705,1072,696,cir,,61,3.672,False,0.458
nwpu_positive_423_002,nwpu_positive_423,train,10,vehicle,357,212,387,263,1530,1072,696,cir,,56,4.0,False,0.488
nwpu_positive_423_003,nwpu_positive_423,train,10,vehicle,532,86,583,119,1683,1072,696,cir,,56,4.0,False,0.537
nwpu_positive_423_004,nwpu_positive_423,train,10,vehicle,702,132,752,163,1550,1072,696,cir,,55,4.073,False,0.512
nwpu_positive_423_005,nwpu_positive_423,train,10,vehicle,96,13,146,38,1250,1072,696,cir,,55,4.073,False,0.413
nwpu_positive_423_006,nwpu_positive_423,train,10,vehicle,466,71,515,101,1470,1072,696,cir,,54,4.148,False,0.504
nwpu_positive_423_007,nwpu_positive_423,train,10,vehicle,948,135,999,165,1530,1072,696,cir,,56,4.0,False,0.488
nwpu_positive_423_008,nwpu_positive_423,train,10,vehicle,1008,150,1056,178,1344,1072,696,cir,,53,4.226,False,0.478
nwpu_positive_423_009,nwpu_positive_423,train,10,vehicle,270,549,328,568,1102,1072,696,cir,,64,3.5,False,0.269
nwpu_positive_424_000,nwpu_positive_424,train,10,vehicle,390,76,422,130,1728,1055,647,cir,,59,3.797,False,0.496
nwpu_positive_424_001,nwpu_positive_424,train,10,vehicle,399,139,426,186,1269,1055,647,cir,,52,4.308,False,0.469
nwpu_positive_424_002,nwpu_positive_424,train,10,vehicle,498,251,527,301,1450,1055,647,cir,,55,4.073,False,0.479
nwpu_positive_424_003,nwpu_positive_424,train,10,vehicle,471,320,498,366,1242,1055,647,cir,,51,4.392,False,0.478
nwpu_positive_424_004,nwpu_positive_424,train,10,vehicle,288,389,332,436,2068,1055,647,cir,,52,4.308,False,0.765
nwpu_positive_425_000,nwpu_positive_425,train,10,vehicle,293,224,343,265,2050,969,676,cir,,55,4.073,False,0.678
nwpu_positive_425_001,nwpu_positive_425,train,10,vehicle,440,312,489,352,1960,969,676,cir,,54,4.148,False,0.672
nwpu_positive_425_002,nwpu_positive_425,train,10,vehicle,574,389,622,428,1872,969,676,cir,,53,4.226,False,0.666
nwpu_positive_425_003,nwpu_positive_425,train,10,vehicle,806,263,856,302,1950,969,676,cir,,55,4.073,False,0.645
nwpu_positive_425_004,nwpu_positive_425,train,10,vehicle,855,316,891,363,1692,969,676,cir,,52,4.308,False,0.626
nwpu_positive_425_005,nwpu_positive_425,train,10,vehicle,828,241,875,280,1833,969,676,cir,,52,4.308,False,0.678
nwpu_positive_425_006,nwpu_positive_425,train,10,vehicle,796,288,837,326,1558,969,676,cir,,45,4.978,False,0.769
nwpu_positive_426_000,nwpu_positive_426,train,10,vehicle,875,543,925,584,2050,1014,688,cir,,55,4.073,False,0.678
nwpu_positive_426_001,nwpu_positive_426,train,10,vehicle,412,275,462,310,1750,1014,688,cir,,55,4.073,False,0.579
nwpu_positive_426_002,nwpu_positive_426,train,10,vehicle,368,246,417,284,1862,1014,688,cir,,54,4.148,False,0.639
nwpu_positive_426_003,nwpu_positive_426,train,10,vehicle,273,191,323,228,1850,1014,688,cir,,55,4.073,False,0.612
nwpu_positive_426_004,nwpu_positive_426,train,10,vehicle,161,101,215,134,1782,1014,688,cir,,59,3.797,False,0.512
nwpu_positive_426_005,nwpu_positive_426,train,10,vehicle,297,327,334,373,1702,1014,688,cir,,51,4.392,False,0.654
nwpu_positive_426_006,nwpu_positive_426,train,10,vehicle,214,287,267,324,1961,1014,688,cir,,58,3.862,False,0.583
nwpu_positive_426_007,nwpu_positive_426,train,10,vehicle,165,260,212,294,1598,1014,688,cir,,52,4.308,False,0.591
nwpu_positive_426_008,nwpu_positive_426,train,10,vehicle,228,160,276,208,2304,1014,688,cir,,53,4.226,False,0.82
nwpu_positive_426_009,nwpu_positive_426,train,10,vehicle,477,310,521,350,1760,1014,688,cir,,48,4.667,False,0.764
nwpu_positive_426_010,nwpu_positive_426,train,10,vehicle,536,341,579,384,1849,1014,688,cir,,47,4.766,False,0.837
nwpu_positive_426_011,nwpu_positive_426,train,10,vehicle,149,282,190,322,1640,1014,688,cir,,45,4.978,False,0.81
nwpu_positive_426_012,nwpu_positive_426,train,10,vehicle,201,308,250,354,2254,1014,688,cir,,54,4.148,False,0.773
nwpu_positive_427_000,nwpu_positive_427,train,10,vehicle,740,487,778,528,1558,1026,690,cir,,45,4.978,False,0.769
nwpu_positive_427_001,nwpu_positive_427,train,10,vehicle,637,598,683,645,2162,1026,690,cir,,52,4.308,False,0.8
nwpu_positive_427_002,nwpu_positive_427,train,10,vehicle,330,284,375,333,2205,1026,690,cir,,54,4.148,False,0.756
nwpu_positive_427_003,nwpu_positive_427,train,10,vehicle,253,192,306,248,2968,1026,690,cir,,62,3.613,False,0.772
nwpu_positive_427_004,nwpu_positive_427,train,10,vehicle,261,73,301,113,1600,1026,690,cir,,44,5.091,False,0.826
nwpu_positive_427_005,nwpu_positive_427,train,10,vehicle,481,480,520,524,1716,1026,690,cir,,48,4.667,False,0.745
nwpu_positive_427_006,nwpu_positive_427,train,10,vehicle,478,431,526,472,1968,1026,690,cir,,53,4.226,False,0.701
nwpu_positive_427_007,nwpu_positive_427,train,10,vehicle,675,539,718,586,2021,1026,690,cir,,52,4.308,False,0.747
nwpu_positive_427_008,nwpu_positive_427,train,10,vehicle,708,499,753,552,2385,1026,690,cir,,58,3.862,False,0.709
nwpu_positive_428_000,nwpu_positive_428,train,10,vehicle,908,469,962,507,2052,1061,704,cir,,59,3.797,False,0.589
nwpu_positive_428_001,nwpu_positive_428,train,10,vehicle,400,592,433,640,1584,1061,704,cir,,53,4.226,False,0.564
nwpu_positive_428_002,nwpu_positive_428,train,10,vehicle,450,502,481,550,1488,1061,704,cir,,53,4.226,False,0.53
nwpu_positive_428_003,nwpu_positive_428,train,10,vehicle,559,301,616,340,2223,1061,704,cir,,63,3.556,False,0.56
nwpu_positive_428_004,nwpu_positive_428,train,10,vehicle,658,271,688,327,1680,1061,704,cir,,62,3.613,False,0.437
nwpu_positive_428_005,nwpu_positive_428,train,10,vehicle,437,167,473,219,1872,1061,704,cir,,57,3.93,False,0.576
nwpu_positive_428_006,nwpu_positive_428,train,10,vehicle,280,133,326,172,1794,1061,704,cir,,51,4.392,False,0.69
nwpu_positive_428_007,nwpu_positive_428,train,10,vehicle,698,28,732,67,1326,1061,704,cir,,43,5.209,False,0.717
nwpu_positive_428_008,nwpu_positive_428,train,10,vehicle,721,36,755,74,1292,1061,704,cir,,42,5.333,False,0.732
nwpu_positive_428_009,nwpu_positive_428,train,10,vehicle,761,49,794,96,1551,1061,704,cir,,52,4.308,False,0.574
nwpu_positive_428_010,nwpu_positive_428,train,10,vehicle,811,72,847,129,2052,1061,704,cir,,63,3.556,False,0.517
nwpu_positive_428_011,nwpu_positive_428,train,10,vehicle,920,130,952,180,1600,1061,704,cir,,55,4.073,False,0.529
nwpu_positive_428_012,nwpu_positive_428,train,10,vehicle,946,135,981,191,1960,1061,704,cir,,62,3.613,False,0.51
nwpu_positive_428_013,nwpu_positive_428,train,10,vehicle,974,155,1004,207,1560,1061,704,cir,,57,3.93,False,0.48
nwpu_positive_428_014,nwpu_positive_428,train,10,vehicle,998,173,1030,219,1472,1061,704,cir,,51,4.392,False,0.566
nwpu_positive_428_015,nwpu_positive_428,train,10,vehicle,108,8,155,57,2303,1061,704,cir,,54,4.148,False,0.79
nwpu_positive_428_016,nwpu_positive_428,train,10,vehicle,139,210,182,256,1978,1061,704,cir,,51,4.392,False,0.76
nwpu_positive_428_017,nwpu_positive_428,train,10,vehicle,509,272,549,308,1440,1061,704,cir,,44,5.091,False,0.744
nwpu_positive_428_018,nwpu_positive_428,train,10,vehicle,709,505,745,557,1872,1061,704,cir,,57,3.93,False,0.576
nwpu_positive_428_019,nwpu_positive_428,train,10,vehicle,733,521,773,578,2280,1061,704,cir,,63,3.556,False,0.574
nwpu_positive_428_020,nwpu_positive_428,train,10,vehicle,852,435,897,470,1575,1061,704,cir,,50,4.48,False,0.63
nwpu_positive_428_021,nwpu_positive_428,train,10,vehicle,783,50,825,109,2478,1061,704,cir,,65,3.446,False,0.587
nwpu_positive_428_022,nwpu_positive_428,train,10,vehicle,475,446,519,503,2508,1061,704,cir,,63,3.556,False,0.632
nwpu_positive_429_000,nwpu_positive_429,train,10,vehicle,633,581,683,621,2000,1076,706,cir,,55,4.073,False,0.661
nwpu_positive_429_001,nwpu_positive_429,train,10,vehicle,814,340,868,377,1998,1076,706,cir,,59,3.797,False,0.574
nwpu_positive_429_002,nwpu_positive_429,train,10,vehicle,916,227,940,280,1272,1076,706,cir,,58,3.862,False,0.378
nwpu_positive_429_003,nwpu_positive_429,train,10,vehicle,943,206,970,258,1404,1076,706,cir,,57,3.93,False,0.432
nwpu_positive_429_004,nwpu_positive_429,train,10,vehicle,975,175,1002,233,1566,1076,706,cir,,64,3.5,False,0.382
nwpu_positive_429_005,nwpu_positive_429,train,10,vehicle,942,57,985,112,2365,1076,706,cir,,61,3.672,False,0.636
nwpu_positive_429_006,nwpu_positive_429,train,10,vehicle,879,138,934,165,1485,1076,706,cir,,61,3.672,False,0.399
nwpu_positive_429_007,nwpu_positive_429,train,10,vehicle,699,308,760,334,1586,1076,706,cir,,67,3.343,False,0.353
nwpu_positive_429_008,nwpu_positive_429,train,10,vehicle,642,362,700,389,1566,1076,706,cir,,64,3.5,False,0.382
nwpu_positive_429_009,nwpu_positive_429,train,10,vehicle,613,387,665,413,1352,1076,706,cir,,57,3.93,False,0.416
nwpu_positive_429_010,nwpu_positive_429,train,10,vehicle,678,103,717,153,1950,1076,706,cir,,55,4.073,False,0.645
nwpu_positive_429_011,nwpu_positive_429,train,10,vehicle,655,121,696,168,1927,1076,706,cir,,52,4.308,False,0.713
nwpu_positive_429_012,nwpu_positive_429,train,10,vehicle,606,150,648,200,2100,1076,706,cir,,55,4.073,False,0.694
nwpu_positive_429_013,nwpu_positive_429,train,10,vehicle,591,169,626,215,1610,1076,706,cir,,51,4.392,False,0.619
nwpu_positive_429_014,nwpu_positive_429,train,10,vehicle,565,182,606,231,2009,1076,706,cir,,54,4.148,False,0.689
nwpu_positive_429_015,nwpu_positive_429,train,10,vehicle,544,197,586,249,2184,1076,706,cir,,57,3.93,False,0.672
nwpu_positive_429_016,nwpu_positive_429,train,10,vehicle,524,221,564,266,1800,1076,706,cir,,50,4.48,False,0.72
nwpu_positive_429_017,nwpu_positive_429,train,10,vehicle,498,292,543,335,1935,1076,706,cir,,50,4.48,False,0.774
nwpu_positive_429_018,nwpu_positive_429,train,10,vehicle,506,318,548,356,1596,1076,706,cir,,46,4.87,False,0.754
nwpu_positive_429_019,nwpu_positive_429,train,10,vehicle,527,338,570,378,1720,1076,706,cir,,47,4.766,False,0.779
nwpu_positive_429_020,nwpu_positive_429,train,10,vehicle,558,362,585,416,1458,1076,706,cir,,59,3.797,False,0.419
nwpu_positive_429_021,nwpu_positive_429,train,10,vehicle,591,359,614,403,1012,1076,706,cir,,48,4.667,False,0.439
nwpu_positive_429_022,nwpu_positive_429,train,10,vehicle,612,327,638,382,1430,1076,706,cir,,61,3.672,False,0.384
nwpu_positive_429_023,nwpu_positive_429,train,10,vehicle,501,395,548,439,2068,1076,706,cir,,52,4.308,False,0.765
nwpu_positive_429_024,nwpu_positive_429,train,10,vehicle,482,368,525,407,1677,1076,706,cir,,47,4.766,False,0.759
nwpu_positive_429_025,nwpu_positive_429,train,10,vehicle,456,349,507,397,2448,1076,706,cir,,56,4.0,False,0.781
nwpu_positive_429_026,nwpu_positive_429,train,10,vehicle,438,329,487,375,2254,1076,706,cir,,54,4.148,False,0.773
nwpu_positive_429_027,nwpu_positive_429,train,10,vehicle,418,308,474,352,2464,1076,706,cir,,62,3.613,False,0.641
nwpu_positive_429_028,nwpu_positive_429,train,10,vehicle,406,285,458,323,1976,1076,706,cir,,57,3.93,False,0.608
nwpu_positive_429_029,nwpu_positive_429,train,10,vehicle,398,256,445,294,1786,1076,706,cir,,52,4.308,False,0.661
nwpu_positive_429_030,nwpu_positive_429,train,10,vehicle,391,229,435,258,1276,1076,706,cir,,48,4.667,False,0.554
nwpu_positive_429_031,nwpu_positive_429,train,10,vehicle,374,199,428,232,1782,1076,706,cir,,59,3.797,False,0.512
nwpu_positive_429_032,nwpu_positive_429,train,10,vehicle,352,335,410,368,1914,1076,706,cir,,64,3.5,False,0.467
nwpu_positive_429_033,nwpu_positive_429,train,10,vehicle,350,378,392,415,1554,1076,706,cir,,46,4.87,False,0.734
nwpu_positive_429_034,nwpu_positive_429,train,10,vehicle,395,409,460,463,3510,1076,706,cir,,72,3.111,False,0.677
nwpu_positive_429_035,nwpu_positive_429,train,10,vehicle,442,204,484,251,1974,1076,706,cir,,52,4.308,False,0.73
nwpu_positive_429_036,nwpu_positive_429,train,10,vehicle,468,185,509,232,1927,1076,706,cir,,52,4.308,False,0.713
nwpu_positive_429_037,nwpu_positive_429,train,10,vehicle,516,157,552,201,1584,1076,706,cir,,48,4.667,False,0.688
nwpu_positive_429_038,nwpu_positive_429,train,10,vehicle,536,142,572,185,1548,1076,706,cir,,47,4.766,False,0.701
nwpu_positive_429_039,nwpu_positive_429,train,10,vehicle,553,118,593,172,2160,1076,706,cir,,59,3.797,False,0.621
nwpu_positive_429_040,nwpu_positive_429,train,10,vehicle,577,109,617,157,1920,1076,706,cir,,53,4.226,False,0.684
nwpu_positive_429_041,nwpu_positive_429,train,10,vehicle,598,87,639,141,2214,1076,706,cir,,59,3.797,False,0.636
nwpu_positive_429_042,nwpu_positive_429,train,10,vehicle,547,50,589,102,2184,1076,706,cir,,57,3.93,False,0.672
nwpu_positive_429_043,nwpu_positive_429,train,10,vehicle,505,92,539,135,1462,1076,706,cir,,47,4.766,False,0.662
nwpu_positive_429_044,nwpu_positive_429,train,10,vehicle,479,105,515,149,1584,1076,706,cir,,48,4.667,False,0.688
nwpu_positive_429_045,nwpu_positive_429,train,10,vehicle,431,131,470,180,1911,1076,706,cir,,54,4.148,False,0.655
nwpu_positive_429_046,nwpu_positive_429,train,10,vehicle,404,143,446,197,2268,1076,706,cir,,59,3.797,False,0.652
nwpu_positive_429_047,nwpu_positive_429,train,10,vehicle,126,387,154,449,1736,1076,706,cir,,68,3.294,False,0.375
nwpu_positive_429_048,nwpu_positive_429,train,10,vehicle,202,416,232,459,1290,1076,706,cir,,47,4.766,False,0.584
nwpu_positive_429_049,nwpu_positive_429,train,10,vehicle,465,456,515,505,2450,1076,706,cir,,55,4.073,False,0.81
nwpu_positive_429_050,nwpu_positive_429,train,10,vehicle,525,445,577,467,1144,1076,706,cir,,57,3.93,False,0.352
nwpu_positive_429_051,nwpu_positive_429,train,10,vehicle,578,445,627,466,1029,1076,706,cir,,54,4.148,False,0.353
nwpu_positive_429_052,nwpu_positive_429,train,10,vehicle,605,419,652,440,987,1076,706,cir,,52,4.308,False,0.365
nwpu_positive_429_053,nwpu_positive_429,train,10,vehicle,495,658,539,703,1980,1076,706,cir,,50,4.48,False,0.792
nwpu_positive_429_054,nwpu_positive_429,train,10,vehicle,640,316,666,356,1040,1076,706,cir,,44,5.091,False,0.537
nwpu_positive_429_055,nwpu_positive_429,train,10,vehicle,673,290,698,333,1075,1076,706,cir,,47,4.766,False,0.487
nwpu_positive_429_056,nwpu_positive_429,train,10,vehicle,676,338,730,363,1350,1076,706,cir,,59,3.797,False,0.388
nwpu_positive_429_057,nwpu_positive_429,train,10,vehicle,728,228,753,273,1125,1076,706,cir,,50,4.48,False,0.45
nwpu_positive_429_058,nwpu_positive_429,train,10,vehicle,730,284,785,306,1210,1076,706,cir,,61,3.672,False,0.325
nwpu_positive_429_059,nwpu_positive_429,train,10,vehicle,568,38,608,77,1560,1076,706,cir,,44,5.091,False,0.806
nwpu_positive_429_060,nwpu_positive_429,train,10,vehicle,599,28,633,68,1360,1076,706,cir,,44,5.091,False,0.702
nwpu_positive_429_061,nwpu_positive_429,train,10,vehicle,625,75,661,116,1476,1076,706,cir,,45,4.978,False,0.729
nwpu_positive_429_062,nwpu_positive_429,train,10,vehicle,907,111,958,139,1428,1076,706,cir,,56,4.0,False,0.455
nwpu_positive_429_063,nwpu_positive_429,train,10,vehicle,843,166,899,191,1400,1076,706,cir,,62,3.613,False,0.364
nwpu_positive_429_064,nwpu_positive_429,train,10,vehicle,790,613,834,667,2376,1076,706,cir,,59,3.797,False,0.683
nwpu_positive_429_065,nwpu_positive_429,train,10,vehicle,475,253,521,296,1978,1076,706,cir,,51,4.392,False,0.76
nwpu_positive_429_066,nwpu_positive_429,train,10,vehicle,504,240,542,279,1482,1076,706,cir,,43,5.209,False,0.802
nwpu_positive_430_000,nwpu_positive_430,val,10,vehicle,336,329,390,367,2052,1079,706,cir,,59,3.797,False,0.589
nwpu_positive_430_001,nwpu_positive_430,val,10,vehicle,337,505,374,557,1924,1079,706,cir,,57,3.93,False,0.592
nwpu_positive_430_002,nwpu_positive_430,val,10,vehicle,502,180,539,231,1887,1079,706,cir,,56,4.0,False,0.602
nwpu_positive_430_003,nwpu_positive_430,val,10,vehicle,630,135,681,173,1938,1079,706,cir,,56,4.0,False,0.618
nwpu_positive_430_004,nwpu_positive_430,val,10,vehicle,670,72,712,111,1638,1079,706,cir,,46,4.87,False,0.774
nwpu_positive_430_005,nwpu_positive_430,val,10,vehicle,642,101,700,146,2610,1079,706,cir,,64,3.5,False,0.637
nwpu_positive_430_006,nwpu_positive_430,val,10,vehicle,684,42,724,74,1280,1079,706,cir,,44,5.091,False,0.661
nwpu_positive_430_007,nwpu_positive_430,val,10,vehicle,621,165,660,193,1092,1079,706,cir,,43,5.209,False,0.591
nwpu_positive_430_008,nwpu_positive_430,val,10,vehicle,458,264,489,311,1457,1079,706,cir,,52,4.308,False,0.539
nwpu_positive_430_009,nwpu_positive_430,val,10,vehicle,431,322,461,367,1350,1079,706,cir,,50,4.48,False,0.54
nwpu_positive_430_010,nwpu_positive_430,val,10,vehicle,281,627,312,663,1116,1079,706,cir,,40,5.6,False,0.698
nwpu_positive_430_011,nwpu_positive_430,val,10,vehicle,279,410,329,447,1850,1079,706,cir,,55,4.073,False,0.612
nwpu_positive_431_000,nwpu_positive_431,val,10,vehicle,337,227,373,272,1620,1059,699,cir,,50,4.48,False,0.648
nwpu_positive_431_001,nwpu_positive_431,val,10,vehicle,388,131,424,181,1800,1059,699,cir,,55,4.073,False,0.595
nwpu_positive_431_002,nwpu_positive_431,val,10,vehicle,261,561,308,599,1786,1059,699,cir,,52,4.308,False,0.661
nwpu_positive_431_003,nwpu_positive_431,val,10,vehicle,770,585,820,625,2000,1059,699,cir,,55,4.073,False,0.661
nwpu_positive_431_004,nwpu_positive_431,val,10,vehicle,825,611,877,643,1664,1059,699,cir,,57,3.93,False,0.512
nwpu_positive_431_005,nwpu_positive_431,val,10,vehicle,605,65,653,93,1344,1059,699,cir,,53,4.226,False,0.478
nwpu_positive_431_006,nwpu_positive_431,val,10,vehicle,595,117,634,144,1053,1059,699,cir,,43,5.209,False,0.569
nwpu_positive_431_007,nwpu_positive_431,val,10,vehicle,562,132,606,162,1320,1059,699,cir,,48,4.667,False,0.573
nwpu_positive_431_008,nwpu_positive_431,val,10,vehicle,551,154,590,181,1053,1059,699,cir,,43,5.209,False,0.569
nwpu_positive_431_009,nwpu_positive_431,val,10,vehicle,540,175,583,207,1376,1059,699,cir,,47,4.766,False,0.623
nwpu_positive_431_010,nwpu_positive_431,val,10,vehicle,519,196,568,232,1764,1059,699,cir,,54,4.148,False,0.605
nwpu_positive_431_011,nwpu_positive_431,val,10,vehicle,511,222,552,255,1353,1059,699,cir,,45,4.978,False,0.668
nwpu_positive_431_012,nwpu_positive_431,val,10,vehicle,498,248,540,281,1386,1059,699,cir,,46,4.87,False,0.655
nwpu_positive_431_013,nwpu_positive_431,val,10,vehicle,489,270,529,303,1320,1059,699,cir,,44,5.091,False,0.682
nwpu_positive_431_014,nwpu_positive_431,val,10,vehicle,531,283,580,320,1813,1059,699,cir,,54,4.148,False,0.622
nwpu_positive_431_015,nwpu_positive_431,val,10,vehicle,526,311,568,343,1344,1059,699,cir,,46,4.87,False,0.635
nwpu_positive_431_016,nwpu_positive_431,val,10,vehicle,466,313,510,349,1584,1059,699,cir,,48,4.667,False,0.688
nwpu_positive_431_017,nwpu_positive_431,val,10,vehicle,509,333,555,370,1702,1059,699,cir,,51,4.392,False,0.654
nwpu_positive_431_018,nwpu_positive_431,val,10,vehicle,289,306,329,353,1880,1059,699,cir,,52,4.308,False,0.695
nwpu_positive_431_019,nwpu_positive_431,val,10,vehicle,170,520,202,563,1376,1059,699,cir,,47,4.766,False,0.623
nwpu_positive_431_020,nwpu_positive_431,val,10,vehicle,861,516,915,550,1836,1059,699,cir,,59,3.797,False,0.527
nwpu_positive_432_000,nwpu_positive_432,train,10,vehicle,718,293,751,346,1749,1072,710,cir,,58,3.862,False,0.52
nwpu_positive_432_001,nwpu_positive_432,train,10,vehicle,781,271,815,332,2074,1072,710,cir,,67,3.343,False,0.462
nwpu_positive_432_002,nwpu_positive_432,train,10,vehicle,970,235,1006,288,1908,1072,710,cir,,58,3.862,False,0.567
nwpu_positive_433_000,nwpu_positive_433,train,10,vehicle,52,108,105,135,1431,1079,707,cir,,58,3.862,False,0.425
nwpu_positive_433_001,nwpu_positive_433,train,10,vehicle,411,365,438,427,1674,1079,707,cir,,68,3.294,False,0.362
nwpu_positive_433_002,nwpu_positive_433,train,10,vehicle,263,587,323,612,1500,1079,707,cir,,66,3.394,False,0.344
nwpu_positive_433_003,nwpu_positive_433,train,10,vehicle,345,583,396,608,1275,1079,707,cir,,56,4.0,False,0.407
nwpu_positive_433_004,nwpu_positive_433,train,10,vehicle,618,581,665,607,1222,1079,707,cir,,52,4.308,False,0.452
nwpu_positive_433_005,nwpu_positive_433,train,10,vehicle,678,579,734,606,1512,1079,707,cir,,62,3.613,False,0.393
nwpu_positive_433_006,nwpu_positive_433,train,10,vehicle,731,498,778,522,1128,1079,707,cir,,52,4.308,False,0.417
nwpu_positive_433_007,nwpu_positive_433,train,10,vehicle,889,487,939,512,1250,1079,707,cir,,55,4.073,False,0.413
nwpu_positive_433_008,nwpu_positive_433,train,10,vehicle,946,485,999,508,1219,1079,707,cir,,58,3.862,False,0.362
nwpu_positive_433_009,nwpu_positive_433,train,10,vehicle,665,504,718,527,1219,1079,707,cir,,58,3.862,False,0.362
nwpu_positive_433_010,nwpu_positive_433,train,10,vehicle,192,589,247,613,1320,1079,707,cir,,61,3.672,False,0.355
nwpu_positive_434_000,nwpu_positive_434,train,10,vehicle,318,560,347,619,1711,1079,698,cir,,65,3.446,False,0.405
nwpu_positive_434_001,nwpu_positive_434,train,10,vehicle,321,500,346,551,1275,1079,698,cir,,56,4.0,False,0.407
nwpu_positive_434_002,nwpu_positive_434,train,10,vehicle,592,610,651,637,1593,1079,698,cir,,65,3.446,False,0.377
nwpu_positive_434_003,nwpu_positive_434,train,10,vehicle,328,402,388,430,1680,1079,698,cir,,66,3.394,False,0.386
nwpu_positive_434_004,nwpu_positive_434,train,10,vehicle,555,319,582,375,1512,1079,698,cir,,62,3.613,False,0.393
nwpu_positive_434_005,nwpu_positive_434,train,10,vehicle,640,316,667,368,1404,1079,698,cir,,57,3.93,False,0.432
nwpu_positive_434_006,nwpu_positive_434,train,10,vehicle,815,309,846,370,1891,1079,698,cir,,67,3.343,False,0.421
nwpu_positive_434_007,nwpu_positive_434,train,10,vehicle,844,310,875,367,1767,1079,698,cir,,63,3.556,False,0.445
nwpu_positive_434_008,nwpu_positive_434,train,10,vehicle,870,308,897,363,1485,1079,698,cir,,61,3.672,False,0.399
nwpu_positive_434_009,nwpu_positive_434,train,10,vehicle,895,309,919,356,1128,1079,698,cir,,52,4.308,False,0.417
nwpu_positive_434_010,nwpu_positive_434,train,10,vehicle,918,306,943,354,1200,1079,698,cir,,53,4.226,False,0.427
nwpu_positive_434_011,nwpu_positive_434,train,10,vehicle,990,232,1017,277,1215,1079,698,cir,,50,4.48,False,0.486
nwpu_positive_434_012,nwpu_positive_434,train,10,vehicle,848,74,885,117,1591,1079,698,cir,,47,4.766,False,0.72
nwpu_positive_434_013,nwpu_positive_434,train,10,vehicle,820,68,853,110,1386,1079,698,cir,,46,4.87,False,0.655
nwpu_positive_434_014,nwpu_positive_434,train,10,vehicle,412,596,463,622,1326,1079,698,cir,,56,4.0,False,0.423
nwpu_positive_434_015,nwpu_positive_434,train,10,vehicle,233,336,255,384,1056,1079,698,cir,,53,4.226,False,0.376
nwpu_positive_434_016,nwpu_positive_434,train,10,vehicle,310,331,332,370,858,1079,698,cir,,43,5.209,False,0.464
nwpu_positive_434_017,nwpu_positive_434,train,10,vehicle,362,326,393,379,1643,1079,698,cir,,58,3.862,False,0.488
nwpu_positive_434_018,nwpu_positive_434,train,10,vehicle,524,325,550,368,1118,1079,698,cir,,47,4.766,False,0.506
nwpu_positive_434_019,nwpu_positive_434,train,10,vehicle,587,326,607,364,760,1079,698,cir,,42,5.333,False,0.431
nwpu_positive_434_020,nwpu_positive_434,train,10,vehicle,615,326,641,370,1144,1079,698,cir,,48,4.667,False,0.497
nwpu_positive_434_021,nwpu_positive_434,train,10,vehicle,766,316,787,364,1008,1079,698,cir,,53,4.226,False,0.359
nwpu_positive_434_022,nwpu_positive_434,train,10,vehicle,793,316,815,361,990,1079,698,cir,,50,4.48,False,0.396
nwpu_positive_434_023,nwpu_positive_434,train,10,vehicle,307,71,339,123,1664,1079,698,cir,,57,3.93,False,0.512
nwpu_positive_434_024,nwpu_positive_434,train,10,vehicle,813,416,860,437,987,1079,698,cir,,52,4.308,False,0.365
nwpu_positive_434_025,nwpu_positive_434,train,10,vehicle,992,87,1013,134,987,1079,698,cir,,52,4.308,False,0.365
nwpu_positive_434_026,nwpu_positive_434,train,10,vehicle,994,170,1018,219,1176,1079,698,cir,,54,4.148,False,0.403
nwpu_positive_434_027,nwpu_positive_434,train,10,vehicle,411,570,455,592,968,1079,698,cir,,48,4.667,False,0.42
nwpu_positive_435_000,nwpu_positive_435,train,10,vehicle,1007,496,1039,538,1344,1090,711,cir,,46,4.87,False,0.635
nwpu_positive_435_001,nwpu_positive_435,train,10,vehicle,951,390,989,438,1824,1090,711,cir,,53,4.226,False,0.649
nwpu_positive_435_002,nwpu_positive_435,train,10,vehicle,888,284,923,331,1645,1090,711,cir,,52,4.308,False,0.608
nwpu_positive_435_003,nwpu_positive_435,train,10,vehicle,241,161,288,203,1974,1090,711,cir,,52,4.308,False,0.73
nwpu_positive_435_004,nwpu_positive_435,train,10,vehicle,101,597,150,646,2401,1090,711,cir,,54,4.148,False,0.823
nwpu_positive_435_005,nwpu_positive_435,train,10,vehicle,359,71,402,109,1634,1090,711,cir,,47,4.766,False,0.74
nwpu_positive_435_006,nwpu_positive_435,train,10,vehicle,794,124,832,161,1406,1090,711,cir,,42,5.333,False,0.797
nwpu_positive_435_007,nwpu_positive_435,train,10,vehicle,830,188,867,227,1443,1090,711,cir,,43,5.209,False,0.78
nwpu_positive_435_008,nwpu_positive_435,train,10,vehicle,860,234,896,278,1584,1090,711,cir,,48,4.667,False,0.688
nwpu_positive_435_009,nwpu_positive_435,train,10,vehicle,981,449,1021,492,1720,1090,711,cir,,47,4.766,False,0.779
nwpu_positive_437_000,nwpu_positive_437,train,10,vehicle,985,72,1022,128,2072,1085,707,cir,,62,3.613,False,0.539
nwpu_positive_437_001,nwpu_positive_437,train,10,vehicle,874,270,934,310,2400,1085,707,cir,,66,3.394,False,0.551
nwpu_positive_437_002,nwpu_positive_437,train,10,vehicle,912,319,967,358,2145,1085,707,cir,,61,3.672,False,0.576
nwpu_positive_437_003,nwpu_positive_437,train,10,vehicle,773,320,821,355,1680,1085,707,cir,,53,4.226,False,0.598
nwpu_positive_437_004,nwpu_positive_437,train,10,vehicle,780,379,826,414,1610,1085,707,cir,,51,4.392,False,0.619
nwpu_positive_437_005,nwpu_positive_437,train,10,vehicle,732,401,777,434,1485,1085,707,cir,,50,4.48,False,0.594
nwpu_positive_437_006,nwpu_positive_437,train,10,vehicle,615,384,667,422,1976,1085,707,cir,,57,3.93,False,0.608
nwpu_positive_437_007,nwpu_positive_437,train,10,vehicle,613,450,664,487,1887,1085,707,cir,,56,4.0,False,0.602
nwpu_positive_437_008,nwpu_positive_437,train,10,vehicle,556,475,608,513,1976,1085,707,cir,,57,3.93,False,0.608
nwpu_positive_437_009,nwpu_positive_437,train,10,vehicle,286,597,339,633,1908,1085,707,cir,,58,3.862,False,0.567
nwpu_positive_437_010,nwpu_positive_437,train,10,vehicle,290,532,338,569,1776,1085,707,cir,,53,4.226,False,0.632
nwpu_positive_437_011,nwpu_positive_437,train,10,vehicle,195,484,234,540,2184,1085,707,cir,,62,3.613,False,0.568
nwpu_positive_437_012,nwpu_positive_437,train,10,vehicle,159,381,191,437,1792,1085,707,cir,,62,3.613,False,0.466
nwpu_positive_437_013,nwpu_positive_437,train,10,vehicle,148,253,174,312,1534,1085,707,cir,,65,3.446,False,0.363
nwpu_positive_437_014,nwpu_positive_437,train,10,vehicle,81,98,110,157,1711,1085,707,cir,,65,3.446,False,0.405
nwpu_positive_437_015,nwpu_positive_437,train,10,vehicle,41,641,97,663,1232,1085,707,cir,,62,3.613,False,0.32
nwpu_positive_437_016,nwpu_positive_437,train,10,vehicle,106,623,151,646,1035,1085,707,cir,,50,4.48,False,0.414
nwpu_positive_437_017,nwpu_positive_437,train,10,vehicle,399,485,449,512,1350,1085,707,cir,,55,4.073,False,0.446
nwpu_positive_437_018,nwpu_positive_437,train,10,vehicle,568,413,615,437,1128,1085,707,cir,,52,4.308,False,0.417
nwpu_positive_437_019,nwpu_positive_437,train,10,vehicle,953,242,1004,271,1479,1085,707,cir,,56,4.0,False,0.472
nwpu_positive_437_020,nwpu_positive_437,train,10,vehicle,95,286,120,333,1175,1085,707,cir,,52,4.308,False,0.435
nwpu_positive_438_000,nwpu_positive_438,train,10,vehicle,716,334,769,374,2120,1052,687,cir,,58,3.862,False,0.63
nwpu_positive_438_001,nwpu_positive_438,train,10,vehicle,622,438,677,480,2310,1052,687,cir,,61,3.672,False,0.621
nwpu_positive_438_002,nwpu_positive_438,train,10,vehicle,468,504,520,545,2132,1052,687,cir,,57,3.93,False,0.656
nwpu_positive_438_003,nwpu_positive_438,train,10,vehicle,335,520,384,556,1764,1052,687,cir,,54,4.148,False,0.605
nwpu_positive_438_004,nwpu_positive_438,train,10,vehicle,255,117,291,165,1728,1052,687,cir,,53,4.226,False,0.615
nwpu_positive_438_005,nwpu_positive_438,train,10,vehicle,303,74,349,140,3036,1052,687,cir,,73,3.068,False,0.57
nwpu_positive_439_000,nwpu_positive_439,train,10,vehicle,64,472,111,529,2679,1068,704,cir,,63,3.556,False,0.675
nwpu_positive_439_001,nwpu_positive_439,train,10,vehicle,816,541,865,596,2695,1068,704,cir,,61,3.672,False,0.724
nwpu_positive_439_002,nwpu_positive_439,train,10,vehicle,546,245,593,295,2350,1068,704,cir,,55,4.073,False,0.777
nwpu_positive_439_003,nwpu_positive_439,train,10,vehicle,649,135,689,180,1800,1068,704,cir,,50,4.48,False,0.72
nwpu_positive_439_004,nwpu_positive_439,train,10,vehicle,70,344,116,387,1978,1068,704,cir,,51,4.392,False,0.76
nwpu_positive_439_005,nwpu_positive_439,train,10,vehicle,392,129,432,174,1800,1068,704,cir,,50,4.48,False,0.72
nwpu_positive_439_006,nwpu_positive_439,train,10,vehicle,390,78,438,126,2304,1068,704,cir,,53,4.226,False,0.82
nwpu_positive_440_000,nwpu_positive_440,train,10,vehicle,393,99,440,146,2209,1045,696,cir,,52,4.308,False,0.817
nwpu_positive_440_001,nwpu_positive_440,train,10,vehicle,343,145,385,180,1470,1045,696,cir,,46,4.87,False,0.695
nwpu_positive_440_002,nwpu_positive_440,train,10,vehicle,617,283,679,343,3720,1045,696,cir,,68,3.294,False,0.804
nwpu_positive_440_003,nwpu_positive_440,train,10,vehicle,295,181,347,218,1924,1045,696,cir,,57,3.93,False,0.592
nwpu_positive_440_004,nwpu_positive_440,train,10,vehicle,253,218,300,248,1410,1045,696,cir,,52,4.308,False,0.521
nwpu_positive_440_005,nwpu_positive_440,train,10,vehicle,72,284,104,331,1504,1045,696,cir,,52,4.308,False,0.556
nwpu_positive_441_000,nwpu_positive_441,train,10,vehicle,774,202,825,236,1734,1039,698,cir,,56,4.0,False,0.553
nwpu_positive_441_001,nwpu_positive_441,train,10,vehicle,562,226,590,285,1652,1039,698,cir,,65,3.446,False,0.391
nwpu_positive_441_002,nwpu_positive_441,train,10,vehicle,458,265,487,318,1537,1039,698,cir,,58,3.862,False,0.457
nwpu_positive_441_003,nwpu_positive_441,train,10,vehicle,464,318,498,390,2448,1039,698,cir,,79,2.835,False,0.392
nwpu_positive_441_004,nwpu_positive_441,train,10,vehicle,480,467,508,522,1540,1039,698,cir,,61,3.672,False,0.414
nwpu_positive_441_005,nwpu_positive_441,train,10,vehicle,234,135,293,174,2301,1039,698,cir,,65,3.446,False,0.545
nwpu_positive_441_006,nwpu_positive_441,train,10,vehicle,177,283,211,333,1700,1039,698,cir,,55,4.073,False,0.562
nwpu_positive_441_007,nwpu_positive_441,train,10,vehicle,163,432,196,484,1716,1039,698,cir,,57,3.93,False,0.528
nwpu_positive_441_008,nwpu_positive_441,train,10,vehicle,118,400,152,449,1666,1039,698,cir,,54,4.148,False,0.571
nwpu_positive_441_009,nwpu_positive_441,train,10,vehicle,63,379,98,428,1715,1039,698,cir,,54,4.148,False,0.588
nwpu_positive_441_010,nwpu_positive_441,train,10,vehicle,80,69,133,100,1643,1039,698,cir,,58,3.862,False,0.488
nwpu_positive_441_011,nwpu_positive_441,train,10,vehicle,76,96,124,125,1392,1039,698,cir,,53,4.226,False,0.496
nwpu_positive_441_012,nwpu_positive_441,train,10,vehicle,72,124,118,158,1564,1039,698,cir,,51,4.392,False,0.601
nwpu_positive_441_013,nwpu_positive_441,train,10,vehicle,68,155,117,191,1764,1039,698,cir,,54,4.148,False,0.605
nwpu_positive_441_014,nwpu_positive_441,train,10,vehicle,349,30,384,85,1925,1039,698,cir,,61,3.672,False,0.517
nwpu_positive_442_000,nwpu_positive_442,train,10,vehicle,165,353,213,393,1920,1069,678,cir,,53,4.226,False,0.684
nwpu_positive_442_001,nwpu_positive_442,train,10,vehicle,155,68,208,115,2491,1069,678,cir,,58,3.862,False,0.74
nwpu_positive_442_002,nwpu_positive_442,train,10,vehicle,250,136,284,186,1700,1069,678,cir,,55,4.073,False,0.562
nwpu_positive_442_003,nwpu_positive_442,train,10,vehicle,272,153,307,203,1750,1069,678,cir,,55,4.073,False,0.579
nwpu_positive_442_004,nwpu_positive_442,train,10,vehicle,463,151,523,205,3240,1069,678,cir,,66,3.394,False,0.744
nwpu_positive_442_005,nwpu_positive_442,train,10,vehicle,539,316,572,367,1683,1069,678,cir,,56,4.0,False,0.537
nwpu_positive_442_006,nwpu_positive_442,train,10,vehicle,589,348,624,398,1750,1069,678,cir,,55,4.073,False,0.579
nwpu_positive_442_007,nwpu_positive_442,train,10,vehicle,612,367,643,412,1395,1069,678,cir,,50,4.48,False,0.558
nwpu_positive_442_008,nwpu_positive_442,train,10,vehicle,770,451,801,497,1426,1069,678,cir,,51,4.392,False,0.548
nwpu_positive_442_009,nwpu_positive_442,train,10,vehicle,808,484,844,535,1836,1069,678,cir,,56,4.0,False,0.585
nwpu_positive_442_010,nwpu_positive_442,train,10,vehicle,958,596,988,639,1290,1069,678,cir,,47,4.766,False,0.584
nwpu_positive_442_011,nwpu_positive_442,train,10,vehicle,933,111,967,161,1700,1069,678,cir,,55,4.073,False,0.562
nwpu_positive_442_012,nwpu_positive_442,train,10,vehicle,986,134,1021,182,1680,1069,678,cir,,53,4.226,False,0.598
nwpu_positive_442_013,nwpu_positive_442,train,10,vehicle,1031,164,1065,215,1734,1069,678,cir,,56,4.0,False,0.553
nwpu_positive_442_014,nwpu_positive_442,train,10,vehicle,371,213,400,255,1218,1069,678,cir,,46,4.87,False,0.576
nwpu_positive_442_015,nwpu_positive_442,train,10,vehicle,458,272,485,308,972,1069,678,cir,,40,5.6,False,0.608
nwpu_positive_442_016,nwpu_positive_442,train,10,vehicle,643,371,672,410,1131,1069,678,cir,,43,5.209,False,0.612
nwpu_positive_442_017,nwpu_positive_442,train,10,vehicle,653,268,697,308,1760,1069,678,cir,,48,4.667,False,0.764
nwpu_positive_443_000,nwpu_positive_443,train,10,vehicle,110,179,152,205,1092,1083,700,cir,,46,4.87,False,0.516
nwpu_positive_443_001,nwpu_positive_443,train,10,vehicle,274,209,322,242,1584,1083,700,cir,,53,4.226,False,0.564
nwpu_positive_443_002,nwpu_positive_443,train,10,vehicle,716,591,776,632,2460,1083,700,cir,,66,3.394,False,0.565
nwpu_positive_443_003,nwpu_positive_443,train,10,vehicle,871,119,930,158,2301,1083,700,cir,,65,3.446,False,0.545
nwpu_positive_443_004,nwpu_positive_443,train,10,vehicle,1028,68,1055,116,1296,1083,700,cir,,53,4.226,False,0.461
nwpu_positive_443_005,nwpu_positive_443,train,10,vehicle,991,177,1018,230,1431,1083,700,cir,,58,3.862,False,0.425
nwpu_positive_444_000,nwpu_positive_444,train,10,vehicle,150,17,203,63,2438,1077,667,cir,,58,3.862,False,0.725
nwpu_positive_444_001,nwpu_positive_444,train,10,vehicle,126,103,180,152,2646,1077,667,cir,,59,3.797,False,0.76
nwpu_positive_444_002,nwpu_positive_444,train,10,vehicle,363,141,404,176,1435,1077,667,cir,,45,4.978,False,0.709
nwpu_positive_444_003,nwpu_positive_444,train,10,vehicle,400,162,452,206,2288,1077,667,cir,,57,3.93,False,0.704
nwpu_positive_444_004,nwpu_positive_444,train,10,vehicle,523,230,563,268,1520,1077,667,cir,,44,5.091,False,0.785
nwpu_positive_444_005,nwpu_positive_444,train,10,vehicle,400,336,451,382,2346,1077,667,cir,,56,4.0,False,0.748
nwpu_positive_444_006,nwpu_positive_444,train,10,vehicle,917,355,961,386,1364,1077,667,cir,,48,4.667,False,0.592
nwpu_positive_444_007,nwpu_positive_444,train,10,vehicle,926,403,976,430,1350,1077,667,cir,,55,4.073,False,0.446
nwpu_positive_444_008,nwpu_positive_444,train,10,vehicle,742,105,762,155,1000,1077,667,cir,,55,4.073,False,0.331
nwpu_positive_445_000,nwpu_positive_445,train,10,vehicle,142,520,170,588,1904,1061,665,cir,,75,2.987,False,0.338
nwpu_positive_445_001,nwpu_positive_445,train,10,vehicle,490,442,546,477,1960,1061,665,cir,,62,3.613,False,0.51
nwpu_positive_445_002,nwpu_positive_445,train,10,vehicle,171,398,232,437,2379,1061,665,cir,,67,3.343,False,0.53
nwpu_positive_446_000,nwpu_positive_446,train,10,vehicle,661,92,709,149,2736,1082,702,cir,,63,3.556,False,0.689
nwpu_positive_446_001,nwpu_positive_446,train,10,vehicle,985,519,1029,570,2244,1082,702,cir,,56,4.0,False,0.716
nwpu_positive_446_002,nwpu_positive_446,train,10,vehicle,730,303,770,337,1360,1082,702,cir,,44,5.091,False,0.702
nwpu_positive_446_003,nwpu_positive_446,train,10,vehicle,869,358,912,403,1935,1082,702,cir,,50,4.48,False,0.774
nwpu_positive_447_000,nwpu_positive_447,train,10,vehicle,255,251,317,280,1798,1039,684,cir,,68,3.294,False,0.389
nwpu_positive_447_001,nwpu_positive_447,train,10,vehicle,513,194,574,222,1708,1039,684,cir,,67,3.343,False,0.38
nwpu_positive_447_002,nwpu_positive_447,train,10,vehicle,904,214,961,242,1596,1039,684,cir,,63,3.556,False,0.402
nwpu_positive_447_003,nwpu_positive_447,train,10,vehicle,699,184,763,203,1216,1039,684,cir,,70,3.2,False,0.248
nwpu_positive_448_000,nwpu_positive_448,train,10,vehicle,180,268,232,295,1404,1074,692,cir,,57,3.93,False,0.432
nwpu_positive_448_001,nwpu_positive_448,train,10,vehicle,374,256,436,283,1674,1074,692,cir,,68,3.294,False,0.362
nwpu_positive_448_002,nwpu_positive_448,train,10,vehicle,442,254,492,280,1300,1074,692,cir,,55,4.073,False,0.43
nwpu_positive_448_003,nwpu_positive_448,train,10,vehicle,652,261,709,290,1653,1074,692,cir,,63,3.556,False,0.416
nwpu_positive_448_004,nwpu_positive_448,train,10,vehicle,769,202,800,253,1581,1074,692,cir,,56,4.0,False,0.504
nwpu_positive_448_005,nwpu_positive_448,train,10,vehicle,949,352,994,378,1170,1074,692,cir,,50,4.48,False,0.468
nwpu_positive_448_006,nwpu_positive_448,train,10,vehicle,121,277,178,296,1083,1074,692,cir,,63,3.556,False,0.273
nwpu_positive_448_007,nwpu_positive_448,train,10,vehicle,527,255,570,278,989,1074,692,cir,,47,4.766,False,0.448
nwpu_positive_448_008,nwpu_positive_448,train,10,vehicle,586,257,631,284,1215,1074,692,cir,,50,4.48,False,0.486
nwpu_positive_449_000,nwpu_positive_449,train,10,vehicle,109,293,138,342,1421,1076,700,cir,,54,4.148,False,0.487
nwpu_positive_449_001,nwpu_positive_449,train,10,vehicle,246,385,296,411,1300,1076,700,cir,,55,4.073,False,0.43
nwpu_positive_449_002,nwpu_positive_449,train,10,vehicle,449,277,497,306,1392,1076,700,cir,,53,4.226,False,0.496
nwpu_positive_449_003,nwpu_positive_449,train,10,vehicle,472,335,512,357,880,1076,700,cir,,44,5.091,False,0.455
nwpu_positive_449_004,nwpu_positive_449,train,10,vehicle,527,175,589,204,1798,1076,700,cir,,68,3.294,False,0.389
nwpu_positive_449_005,nwpu_positive_449,train,10,vehicle,598,293,655,320,1539,1076,700,cir,,63,3.556,False,0.388
nwpu_positive_449_006,nwpu_positive_449,train,10,vehicle,789,206,845,233,1512,1076,700,cir,,62,3.613,False,0.393
nwpu_positive_449_007,nwpu_positive_449,train,10,vehicle,874,197,941,232,2345,1076,700,cir,,74,3.027,False,0.428
nwpu_positive_449_008,nwpu_positive_449,train,10,vehicle,467,381,516,402,1029,1076,700,cir,,54,4.148,False,0.353
nwpu_positive_450_000,nwpu_positive_450,train,10,vehicle,503,334,561,384,2900,1065,641,cir,,64,3.5,False,0.708
nwpu_positive_450_001,nwpu_positive_450,train,10,vehicle,726,329,783,373,2508,1065,641,cir,,63,3.556,False,0.632
nwpu_positive_450_002,nwpu_positive_450,train,10,vehicle,822,501,877,542,2255,1065,641,cir,,61,3.672,False,0.606
nwpu_positive_450_003,nwpu_positive_450,train,10,vehicle,870,518,952,577,4838,1065,641,cir,,90,2.489,False,0.597
nwpu_positive_450_004,nwpu_positive_450,train,10,vehicle,325,220,367,261,1722,1065,641,cir,,46,4.87,False,0.814
nwpu_positive_450_005,nwpu_positive_450,train,10,vehicle,218,141,260,184,1806,1065,641,cir,,47,4.766,False,0.818
nwpu_positive_451_000,nwpu_positive_451,train,10,vehicle,547,152,577,211,1770,1015,698,cir,,65,3.446,False,0.419
nwpu_positive_451_001,nwpu_positive_451,train,10,vehicle,555,469,588,532,2079,1015,698,cir,,69,3.246,False,0.437
nwpu_positive_451_002,nwpu_positive_451,train,10,vehicle,645,631,699,666,1890,1015,698,cir,,59,3.797,False,0.543
nwpu_positive_451_003,nwpu_positive_451,train,10,vehicle,489,122,518,173,1479,1015,698,cir,,56,4.0,False,0.472
nwpu_positive_451_004,nwpu_positive_451,train,10,vehicle,482,340,515,396,1848,1015,698,cir,,62,3.613,False,0.481
nwpu_positive_452_000,nwpu_positive_452,train,10,vehicle,918,169,959,221,2132,1016,667,cir,,57,3.93,False,0.656
nwpu_positive_452_001,nwpu_positive_452,train,10,vehicle,817,345,851,392,1598,1016,667,cir,,52,4.308,False,0.591
nwpu_positive_452_002,nwpu_positive_452,train,10,vehicle,775,418,811,463,1620,1016,667,cir,,50,4.48,False,0.648
nwpu_positive_452_003,nwpu_positive_452,train,10,vehicle,925,223,955,271,1440,1016,667,cir,,53,4.226,False,0.513
nwpu_positive_452_004,nwpu_positive_452,train,10,vehicle,717,482,767,545,3150,1016,667,cir,,69,3.246,False,0.662
nwpu_positive_453_000,nwpu_positive_453,val,10,vehicle,129,166,163,213,1598,1055,697,cir,,52,4.308,False,0.591
nwpu_positive_453_001,nwpu_positive_453,val,10,vehicle,514,221,571,261,2280,1055,697,cir,,63,3.556,False,0.574
nwpu_positive_453_002,nwpu_positive_453,val,10,vehicle,757,342,813,379,2072,1055,697,cir,,62,3.613,False,0.539
nwpu_positive_453_003,nwpu_positive_453,val,10,vehicle,472,196,507,233,1295,1055,697,cir,,41,5.463,False,0.77
nwpu_positive_453_004,nwpu_positive_453,val,10,vehicle,428,174,478,218,2200,1055,697,cir,,55,4.073,False,0.727
nwpu_positive_453_005,nwpu_positive_453,val,10,vehicle,151,378,195,418,1760,1055,697,cir,,48,4.667,False,0.764
nwpu_positive_453_006,nwpu_positive_453,val,10,vehicle,107,498,150,538,1720,1055,697,cir,,47,4.766,False,0.779
nwpu_positive_454_000,nwpu_positive_454,train,1,airplane,84,508,131,567,2773,1039,598,rgb,,65,3.446,False,0.656
nwpu_positive_454_001,nwpu_positive_454,train,1,airplane,156,311,211,352,2255,1039,598,rgb,,61,3.672,False,0.606
nwpu_positive_454_002,nwpu_positive_454,train,1,airplane,350,249,405,297,2640,1039,598,rgb,,61,3.672,False,0.709
nwpu_positive_454_003,nwpu_positive_454,train,1,airplane,599,68,639,114,1840,1039,598,rgb,,51,4.392,False,0.707
nwpu_positive_454_004,nwpu_positive_454,train,1,airplane,650,47,683,87,1320,1039,598,rgb,,44,5.091,False,0.682
nwpu_positive_454_005,nwpu_positive_454,train,1,airplane,698,48,747,97,2401,1039,598,rgb,,54,4.148,False,0.823
nwpu_positive_454_006,nwpu_positive_454,train,1,airplane,761,135,802,166,1271,1039,598,rgb,,45,4.978,False,0.628
nwpu_positive_454_007,nwpu_positive_454,train,1,airplane,725,189,782,231,2394,1039,598,rgb,,63,3.556,False,0.603
nwpu_positive_454_008,nwpu_positive_454,train,1,airplane,679,251,763,300,4116,1039,598,rgb,,92,2.435,False,0.486
nwpu_positive_454_009,nwpu_positive_454,train,1,airplane,684,389,747,446,3591,1039,598,rgb,,69,3.246,False,0.754
nwpu_positive_454_010,nwpu_positive_454,train,1,airplane,759,463,823,511,3072,1039,598,rgb,,70,3.2,False,0.627
nwpu_positive_454_011,nwpu_positive_454,train,1,airplane,861,16,930,60,3036,1039,598,rgb,,76,2.947,False,0.526
nwpu_positive_455_000,nwpu_positive_455,train,5,tennis_court,230,233,289,303,4130,753,513,rgb,,77,2.909,False,0.697
nwpu_positive_455_001,nwpu_positive_455,train,5,tennis_court,276,212,338,278,4092,753,513,rgb,,73,3.068,False,0.768
nwpu_positive_455_002,nwpu_positive_455,train,5,tennis_court,400,153,460,213,3600,753,513,rgb,,66,3.394,False,0.826
nwpu_positive_455_003,nwpu_positive_455,train,5,tennis_court,444,132,505,193,3721,753,513,rgb,,67,3.343,False,0.829
nwpu_positive_456_000,nwpu_positive_456,val,7,ground_track_field,293,98,453,360,41920,715,546,rgb,,288,0.778,False,0.505
nwpu_positive_457_000,nwpu_positive_457,train,6,basketball_court,203,169,264,244,4575,855,545,rgb,,82,2.732,False,0.68
nwpu_positive_457_001,nwpu_positive_457,train,6,basketball_court,273,169,334,241,4392,855,545,rgb,,79,2.835,False,0.704
nwpu_positive_457_002,nwpu_positive_457,train,6,basketball_court,339,165,400,240,4575,855,545,rgb,,82,2.732,False,0.68
nwpu_positive_458_000,nwpu_positive_458,train,7,ground_track_field,514,111,734,427,69520,762,511,rgb,,348,0.644,False,0.574
nwpu_positive_460_000,nwpu_positive_460,train,7,ground_track_field,111,22,260,268,36654,799,537,rgb,,271,0.827,False,0.499
nwpu_positive_461_000,nwpu_positive_461,train,7,ground_track_field,310,91,494,413,59248,884,534,rgb,,354,0.633,False,0.473
nwpu_positive_463_000,nwpu_positive_463,train,4,baseball_diamond,764,109,847,173,5312,879,518,rgb,,91,2.462,False,0.641
nwpu_positive_463_001,nwpu_positive_463,train,4,baseball_diamond,546,219,641,299,7600,879,518,rgb,,105,2.133,False,0.689
nwpu_positive_463_002,nwpu_positive_463,train,4,baseball_diamond,815,343,867,384,2132,879,518,rgb,,57,3.93,False,0.656
nwpu_positive_463_003,nwpu_positive_463,train,7,ground_track_field,337,102,492,427,50375,879,518,rgb,,358,0.626,False,0.393
nwpu_positive_464_000,nwpu_positive_464,train,4,baseball_diamond,146,164,218,220,4032,885,533,rgb,,79,2.835,False,0.646
nwpu_positive_464_001,nwpu_positive_464,train,4,baseball_diamond,320,41,409,104,5607,885,533,rgb,,98,2.286,False,0.584
nwpu_positive_464_002,nwpu_positive_464,train,4,baseball_diamond,307,270,406,343,7227,885,533,rgb,,109,2.055,False,0.608
nwpu_positive_464_003,nwpu_positive_464,train,7,ground_track_field,437,71,610,352,48613,885,533,rgb,,309,0.725,False,0.509
nwpu_positive_465_000,nwpu_positive_465,train,7,ground_track_field,325,150,692,315,60555,964,549,rgb,,404,0.554,False,0.371
nwpu_positive_468_000,nwpu_positive_468,val,7,ground_track_field,200,84,475,332,68200,914,535,rgb,,302,0.742,False,0.748
nwpu_positive_471_000,nwpu_positive_471,val,4,baseball_diamond,597,346,744,454,15876,908,556,rgb,,162,1.383,False,0.605
nwpu_positive_471_001,nwpu_positive_471,val,5,tennis_court,101,305,151,388,4150,908,556,rgb,,91,2.462,False,0.501
nwpu_positive_471_002,nwpu_positive_471,val,5,tennis_court,158,301,206,376,3600,908,556,rgb,,82,2.732,False,0.535
nwpu_positive_471_003,nwpu_positive_471,val,6,basketball_court,106,413,173,499,5762,908,556,rgb,,95,2.358,False,0.638
nwpu_positive_472_000,nwpu_positive_472,train,4,baseball_diamond,119,222,219,293,7100,696,540,rgb,,110,2.036,False,0.587
nwpu_positive_472_001,nwpu_positive_472,train,7,ground_track_field,179,124,500,235,35631,696,540,rgb,,353,0.635,False,0.286
nwpu_positive_473_000,nwpu_positive_473,train,6,basketball_court,72,167,126,239,3888,976,561,rgb,,79,2.835,False,0.623
nwpu_positive_473_001,nwpu_positive_473,train,6,basketball_court,134,163,185,233,3570,976,561,rgb,,77,2.909,False,0.602
nwpu_positive_473_002,nwpu_positive_473,train,6,basketball_court,65,247,118,316,3657,976,561,rgb,,76,2.947,False,0.633
nwpu_positive_473_003,nwpu_positive_473,train,6,basketball_court,127,239,182,311,3960,976,561,rgb,,79,2.835,False,0.635
nwpu_positive_473_004,nwpu_positive_473,train,6,basketball_court,57,327,111,405,4212,976,561,rgb,,86,2.605,False,0.569
nwpu_positive_473_005,nwpu_positive_473,train,6,basketball_court,120,318,175,395,4235,976,561,rgb,,85,2.635,False,0.586
nwpu_positive_474_000,nwpu_positive_474,train,7,ground_track_field,145,195,281,447,34272,776,483,rgb,,277,0.809,False,0.447
nwpu_positive_475_000,nwpu_positive_475,val,7,ground_track_field,364,96,521,371,43175,822,519,rgb,,302,0.742,False,0.473
nwpu_positive_478_000,nwpu_positive_478,train,4,baseball_diamond,248,89,302,140,2754,783,525,rgb,,59,3.797,False,0.791
nwpu_positive_478_001,nwpu_positive_478,train,4,baseball_diamond,442,305,536,379,6956,783,525,rgb,,103,2.175,False,0.656
nwpu_positive_478_002,nwpu_positive_478,train,7,ground_track_field,217,140,556,280,47460,783,525,rgb,,373,0.601,False,0.341
nwpu_positive_479_000,nwpu_positive_479,train,4,baseball_diamond,342,126,427,197,6035,827,576,rgb,,94,2.383,False,0.683
nwpu_positive_479_001,nwpu_positive_479,train,4,baseball_diamond,668,111,744,171,4560,827,576,rgb,,84,2.667,False,0.646
nwpu_positive_479_002,nwpu_positive_479,train,7,ground_track_field,298,228,678,395,63460,827,576,rgb,,418,0.536,False,0.363
nwpu_positive_480_000,nwpu_positive_480,train,4,baseball_diamond,362,265,411,306,2009,901,565,rgb,,54,4.148,False,0.689
nwpu_positive_480_001,nwpu_positive_480,train,4,baseball_diamond,503,242,575,298,4032,901,565,rgb,,79,2.835,False,0.646
nwpu_positive_480_002,nwpu_positive_480,train,7,ground_track_field,690,119,835,344,32625,901,565,rgb,,248,0.903,False,0.53
nwpu_positive_482_000,nwpu_positive_482,train,4,baseball_diamond,154,109,223,162,3657,863,530,rgb,,76,2.947,False,0.633
nwpu_positive_482_001,nwpu_positive_482,train,4,baseball_diamond,131,225,209,285,4680,863,530,rgb,,86,2.605,False,0.633
nwpu_positive_482_002,nwpu_positive_482,train,7,ground_track_field,349,87,505,322,36660,863,530,rgb,,258,0.868,False,0.551
nwpu_positive_484_000,nwpu_positive_484,train,4,baseball_diamond,483,61,569,124,5418,883,547,rgb,,95,2.358,False,0.6
nwpu_positive_484_001,nwpu_positive_484,train,4,baseball_diamond,630,43,695,92,3185,883,547,rgb,,72,3.111,False,0.614
nwpu_positive_484_002,nwpu_positive_484,train,7,ground_track_field,608,121,840,383,60784,883,547,rgb,,288,0.778,False,0.733
nwpu_positive_486_000,nwpu_positive_486,val,4,baseball_diamond,555,373,665,457,9240,934,572,rgb,,121,1.851,False,0.631
nwpu_positive_486_001,nwpu_positive_486,val,7,ground_track_field,578,58,804,263,46330,934,572,rgb,,249,0.9,False,0.747
nwpu_positive_487_000,nwpu_positive_487,train,7,ground_track_field,295,256,595,522,79800,908,551,rgb,,330,0.679,False,0.733
nwpu_positive_488_000,nwpu_positive_488,train,5,tennis_court,347,36,396,102,3234,859,562,rgb,,73,3.068,False,0.607
nwpu_positive_488_001,nwpu_positive_488,train,5,tennis_court,392,30,441,94,3136,859,562,rgb,,70,3.2,False,0.64
nwpu_positive_488_002,nwpu_positive_488,train,5,tennis_court,372,122,426,191,3726,859,562,rgb,,76,2.947,False,0.645
nwpu_positive_488_003,nwpu_positive_488,train,5,tennis_court,415,113,471,182,3864,859,562,rgb,,76,2.947,False,0.669
nwpu_positive_488_004,nwpu_positive_488,train,6,basketball_court,420,290,527,349,6313,859,562,rgb,,118,1.898,False,0.453
nwpu_positive_488_005,nwpu_positive_488,train,6,basketball_court,449,387,558,455,7412,859,562,rgb,,120,1.867,False,0.515
nwpu_positive_489_000,nwpu_positive_489,val,4,baseball_diamond,634,118,739,200,8610,860,571,rgb,,116,1.931,False,0.64
nwpu_positive_489_001,nwpu_positive_489,val,5,tennis_court,329,310,370,396,3526,860,571,rgb,,95,2.358,False,0.391
nwpu_positive_489_002,nwpu_positive_489,val,5,tennis_court,388,311,433,397,3870,860,571,rgb,,95,2.358,False,0.429
nwpu_positive_489_003,nwpu_positive_489,val,5,tennis_court,451,314,495,400,3784,860,571,rgb,,95,2.358,False,0.419
nwpu_positive_489_004,nwpu_positive_489,val,5,tennis_court,511,316,555,398,3608,860,571,rgb,,90,2.489,False,0.445
nwpu_positive_489_005,nwpu_positive_489,val,6,basketball_court,193,354,288,411,5415,860,571,rgb,,105,2.133,False,0.491
nwpu_positive_490_000,nwpu_positive_490,train,2,ship,720,24,797,42,1386,988,567,rgb,,85,2.635,False,0.192
nwpu_positive_490_001,nwpu_positive_490,train,2,ship,867,99,953,120,1806,988,567,rgb,,95,2.358,False,0.2
nwpu_positive_490_002,nwpu_positive_490,train,2,ship,221,95,257,119,864,988,567,rgb,,40,5.6,False,0.54
nwpu_positive_490_003,nwpu_positive_490,train,2,ship,167,249,225,275,1508,988,567,rgb,,64,3.5,False,0.368
nwpu_positive_490_004,nwpu_positive_490,train,2,ship,135,437,206,461,1704,988,567,rgb,,78,2.872,False,0.28
nwpu_positive_490_005,nwpu_positive_490,train,2,ship,471,185,541,230,3150,988,567,rgb,,77,2.909,False,0.531
nwpu_positive_490_006,nwpu_positive_490,train,2,ship,681,214,753,253,2808,988,567,rgb,,79,2.835,False,0.45
nwpu_positive_491_000,nwpu_positive_491,train,9,bridge,322,57,428,97,4240,901,570,rgb,,117,1.915,False,0.31
nwpu_positive_491_001,nwpu_positive_491,train,9,bridge,551,314,674,516,24846,901,570,rgb,,222,1.009,False,0.504
nwpu_positive_492_000,nwpu_positive_492,train,4,baseball_diamond,369,211,480,303,10212,879,571,rgb,,122,1.836,False,0.686
nwpu_positive_492_001,nwpu_positive_492,train,4,baseball_diamond,199,358,303,449,9464,879,571,rgb,,114,1.965,False,0.728
nwpu_positive_492_002,nwpu_positive_492,train,6,basketball_court,427,438,517,489,4590,879,571,rgb,,99,2.263,False,0.468
nwpu_positive_492_003,nwpu_positive_492,train,6,basketball_court,526,379,614,425,4048,879,571,rgb,,97,2.309,False,0.43
nwpu_positive_492_004,nwpu_positive_492,train,6,basketball_court,531,428,616,471,3655,879,571,rgb,,94,2.383,False,0.414
nwpu_positive_493_000,nwpu_positive_493,val,5,tennis_court,602,260,640,315,2090,791,536,rgb,,61,3.672,False,0.562
nwpu_positive_493_001,nwpu_positive_493,val,5,tennis_court,634,260,674,315,2200,791,536,rgb,,61,3.672,False,0.591
nwpu_positive_493_002,nwpu_positive_493,val,5,tennis_court,614,330,652,387,2166,791,536,rgb,,63,3.556,False,0.546
nwpu_positive_493_003,nwpu_positive_493,val,5,tennis_court,647,330,686,386,2184,791,536,rgb,,62,3.613,False,0.568
nwpu_positive_493_004,nwpu_positive_493,val,7,ground_track_field,268,100,655,238,53406,791,536,rgb,,426,0.526,False,0.294
nwpu_positive_494_000,nwpu_positive_494,train,4,baseball_diamond,528,6,671,102,13728,959,565,rgb,,157,1.427,False,0.557
nwpu_positive_494_001,nwpu_positive_494,train,6,basketball_court,611,289,710,393,10296,959,565,rgb,,114,1.965,False,0.792
nwpu_positive_494_002,nwpu_positive_494,train,6,basketball_court,694,276,784,373,8730,959,565,rgb,,107,2.093,False,0.763
nwpu_positive_495_000,nwpu_positive_495,train,4,baseball_diamond,221,287,344,416,15867,958,561,rgb,,142,1.577,False,0.787
nwpu_positive_495_001,nwpu_positive_495,train,7,ground_track_field,508,34,763,327,74715,958,561,rgb,,322,0.696,False,0.721
nwpu_positive_496_000,nwpu_positive_496,train,5,tennis_court,290,89,355,119,1950,907,568,rgb,,72,3.111,False,0.376
nwpu_positive_496_001,nwpu_positive_496,train,5,tennis_court,290,124,355,151,1755,907,568,rgb,,72,3.111,False,0.339
nwpu_positive_496_002,nwpu_positive_496,train,5,tennis_court,290,157,353,186,1827,907,568,rgb,,69,3.246,False,0.384
nwpu_positive_496_003,nwpu_positive_496,train,5,tennis_court,376,88,439,117,1827,907,568,rgb,,69,3.246,False,0.384
nwpu_positive_496_004,nwpu_positive_496,train,5,tennis_court,458,85,523,112,1755,907,568,rgb,,72,3.111,False,0.339
nwpu_positive_496_005,nwpu_positive_496,train,6,basketball_court,272,204,339,238,2278,907,568,rgb,,74,3.027,False,0.416
nwpu_positive_496_006,nwpu_positive_496,train,6,basketball_court,275,238,337,271,2046,907,568,rgb,,68,3.294,False,0.442
nwpu_positive_496_007,nwpu_positive_496,train,6,basketball_court,272,274,337,307,2145,907,568,rgb,,72,3.111,False,0.414
nwpu_positive_496_008,nwpu_positive_496,train,6,basketball_court,273,308,338,344,2340,907,568,rgb,,72,3.111,False,0.451
nwpu_positive_496_009,nwpu_positive_496,train,7,ground_track_field,75,91,250,374,49525,907,568,rgb,,311,0.72,False,0.512
nwpu_positive_497_000,nwpu_positive_497,train,4,baseball_diamond,154,402,256,498,9792,816,533,rgb,,112,2.0,False,0.781
nwpu_positive_497_001,nwpu_positive_497,train,4,baseball_diamond,302,338,409,427,9523,816,533,rgb,,118,1.898,False,0.684
nwpu_positive_497_002,nwpu_positive_497,train,7,ground_track_field,383,128,740,301,61761,816,533,rgb,,393,0.57,False,0.4
nwpu_positive_498_000,nwpu_positive_498,train,6,basketball_court,350,216,476,331,14490,944,611,rgb,,139,1.612,False,0.75
nwpu_positive_498_001,nwpu_positive_498,train,6,basketball_court,468,184,582,249,7410,944,611,rgb,,125,1.792,False,0.474
nwpu_positive_498_002,nwpu_positive_498,train,6,basketball_court,449,275,573,348,9052,944,611,rgb,,136,1.647,False,0.489
nwpu_positive_499_000,nwpu_positive_499,train,6,basketball_court,554,180,650,222,4032,720,516,rgb,,106,2.113,False,0.359
nwpu_positive_499_001,nwpu_positive_499,train,6,basketball_court,561,277,660,328,5049,720,516,rgb,,109,2.055,False,0.425
nwpu_positive_500_000,nwpu_positive_500,val,2,ship,74,100,119,153,2385,1137,547,rgb,,58,3.862,False,0.709
nwpu_positive_500_001,nwpu_positive_500,val,2,ship,208,158,286,195,2886,1137,547,rgb,,86,2.605,False,0.39
nwpu_positive_500_002,nwpu_positive_500,val,2,ship,473,49,557,91,3528,1137,547,rgb,,92,2.435,False,0.417
nwpu_positive_500_003,nwpu_positive_500,val,2,ship,388,273,510,324,6222,1137,547,rgb,,134,1.672,False,0.347
nwpu_positive_500_004,nwpu_positive_500,val,2,ship,542,460,653,516,6216,1137,547,rgb,,122,1.836,False,0.418
nwpu_positive_500_005,nwpu_positive_500,val,2,ship,793,228,879,286,4988,1137,547,rgb,,95,2.358,False,0.553
nwpu_positive_500_006,nwpu_positive_500,val,2,ship,954,81,1032,126,3510,1137,547,rgb,,86,2.605,False,0.475
nwpu_positive_501_000,nwpu_positive_501,train,2,ship,63,245,121,318,4234,1207,559,rgb,,80,2.8,False,0.662
nwpu_positive_501_001,nwpu_positive_501,train,2,ship,363,102,401,174,2736,1207,559,rgb,,79,2.835,False,0.438
nwpu_positive_501_002,nwpu_positive_501,train,2,ship,509,31,543,99,2312,1207,559,rgb,,75,2.987,False,0.411
nwpu_positive_501_003,nwpu_positive_501,train,2,ship,467,250,517,331,4050,1207,559,rgb,,89,2.517,False,0.511
nwpu_positive_501_004,nwpu_positive_501,train,2,ship,751,269,786,354,2975,1207,559,rgb,,94,2.383,False,0.337
nwpu_positive_501_005,nwpu_positive_501,train,2,ship,987,104,1056,170,4554,1207,559,rgb,,76,2.947,False,0.788
nwpu_positive_501_006,nwpu_positive_501,train,2,ship,963,332,1023,406,4440,1207,559,rgb,,81,2.765,False,0.677
nwpu_positive_502_000,nwpu_positive_502,train,2,ship,442,61,474,132,2272,1073,540,rgb,,78,2.872,False,0.373
nwpu_positive_502_001,nwpu_positive_502,train,2,ship,653,200,724,264,4544,1073,540,rgb,,78,2.872,False,0.747
nwpu_positive_502_002,nwpu_positive_502,train,2,ship,436,379,524,473,8272,1073,540,rgb,,103,2.175,False,0.78
nwpu_positive_503_000,nwpu_positive_503,val,2,ship,62,445,106,497,2288,1233,558,rgb,,57,3.93,False,0.704
nwpu_positive_503_001,nwpu_positive_503,val,2,ship,93,281,165,346,4680,1233,558,rgb,,79,2.835,False,0.75
nwpu_positive_503_002,nwpu_positive_503,val,2,ship,266,329,317,382,2703,1233,558,rgb,,58,3.862,False,0.804
nwpu_positive_503_003,nwpu_positive_503,val,2,ship,345,96,392,160,3008,1233,558,rgb,,70,3.2,False,0.614
nwpu_positive_503_004,nwpu_positive_503,val,2,ship,523,25,580,60,1995,1233,558,rgb,,63,3.556,False,0.503
nwpu_positive_503_005,nwpu_positive_503,val,2,ship,645,150,691,215,2990,1233,558,rgb,,72,3.111,False,0.577
nwpu_positive_503_006,nwpu_positive_503,val,2,ship,664,248,740,299,3876,1233,558,rgb,,84,2.667,False,0.549
nwpu_positive_503_007,nwpu_positive_503,val,2,ship,502,411,585,442,2573,1233,558,rgb,,91,2.462,False,0.311
nwpu_positive_503_008,nwpu_positive_503,val,2,ship,803,60,859,92,1792,1233,558,rgb,,62,3.613,False,0.466
nwpu_positive_503_009,nwpu_positive_503,val,2,ship,877,93,934,123,1710,1233,558,rgb,,63,3.556,False,0.431
nwpu_positive_503_010,nwpu_positive_503,val,2,ship,909,248,970,275,1647,1233,558,rgb,,67,3.343,False,0.367
nwpu_positive_503_011,nwpu_positive_503,val,2,ship,847,425,916,492,4623,1233,558,rgb,,76,2.947,False,0.8
nwpu_positive_503_012,nwpu_positive_503,val,2,ship,998,70,1047,103,1617,1233,558,rgb,,54,4.148,False,0.555
nwpu_positive_503_013,nwpu_positive_503,val,2,ship,1065,158,1112,183,1175,1233,558,rgb,,52,4.308,False,0.435
nwpu_positive_503_014,nwpu_positive_503,val,2,ship,1134,127,1175,165,1558,1233,558,rgb,,45,4.978,False,0.769
nwpu_positive_504_000,nwpu_positive_504,val,2,ship,28,118,78,159,2050,1267,549,rgb,,55,4.073,False,0.678
nwpu_positive_504_001,nwpu_positive_504,val,2,ship,137,226,199,263,2294,1267,549,rgb,,68,3.294,False,0.496
nwpu_positive_504_002,nwpu_positive_504,val,2,ship,333,154,397,188,2176,1267,549,rgb,,70,3.2,False,0.444
nwpu_positive_504_003,nwpu_positive_504,val,2,ship,292,370,371,416,3634,1267,549,rgb,,87,2.575,False,0.48
nwpu_positive_504_004,nwpu_positive_504,val,2,ship,557,88,644,123,3045,1267,549,rgb,,96,2.333,False,0.33
nwpu_positive_504_005,nwpu_positive_504,val,2,ship,613,407,695,453,3772,1267,549,rgb,,90,2.489,False,0.466
nwpu_positive_504_006,nwpu_positive_504,val,2,ship,739,99,826,135,3132,1267,549,rgb,,96,2.333,False,0.34
nwpu_positive_504_007,nwpu_positive_504,val,2,ship,868,463,951,496,2739,1267,549,rgb,,91,2.462,False,0.331
nwpu_positive_504_008,nwpu_positive_504,val,2,ship,1009,58,1077,91,2244,1267,549,rgb,,75,2.987,False,0.399
nwpu_positive_504_009,nwpu_positive_504,val,2,ship,1083,185,1160,215,2310,1267,549,rgb,,85,2.635,False,0.32
nwpu_positive_504_010,nwpu_positive_504,val,2,ship,1155,448,1259,483,3640,1267,549,rgb,,114,1.965,False,0.28
nwpu_positive_506_000,nwpu_positive_506,train,2,ship,36,37,106,62,1750,960,559,rgb,,77,2.909,False,0.295
nwpu_positive_506_001,nwpu_positive_506,train,2,ship,48,165,113,215,3250,960,559,rgb,,72,3.111,False,0.627
nwpu_positive_506_002,nwpu_positive_506,train,2,ship,4,314,33,351,1073,960,559,rgb,,41,5.463,False,0.638
nwpu_positive_506_003,nwpu_positive_506,train,2,ship,124,347,162,410,2394,960,559,rgb,,69,3.246,False,0.503
nwpu_positive_506_004,nwpu_positive_506,train,2,ship,339,139,421,185,3772,960,559,rgb,,90,2.489,False,0.466
nwpu_positive_506_005,nwpu_positive_506,train,2,ship,306,374,388,459,6970,960,559,rgb,,94,2.383,False,0.789
nwpu_positive_506_006,nwpu_positive_506,train,2,ship,500,57,550,90,1650,960,559,rgb,,55,4.073,False,0.545
nwpu_positive_506_007,nwpu_positive_506,train,2,ship,572,270,618,356,3956,960,559,rgb,,95,2.358,False,0.438
nwpu_positive_506_008,nwpu_positive_506,train,2,ship,559,444,603,518,3256,960,559,rgb,,81,2.765,False,0.496
nwpu_positive_506_009,nwpu_positive_506,train,2,ship,663,38,718,92,2970,960,559,rgb,,61,3.672,False,0.798
nwpu_positive_507_000,nwpu_positive_507,train,2,ship,93,117,130,169,1924,1022,565,rgb,,57,3.93,False,0.592
nwpu_positive_507_001,nwpu_positive_507,train,2,ship,95,274,161,313,2574,1022,565,rgb,,73,3.068,False,0.483
nwpu_positive_507_002,nwpu_positive_507,train,2,ship,260,81,316,121,2240,1022,565,rgb,,62,3.613,False,0.583
nwpu_positive_507_003,nwpu_positive_507,train,2,ship,311,372,351,416,1760,1022,565,rgb,,48,4.667,False,0.764
nwpu_positive_507_004,nwpu_positive_507,train,2,ship,202,486,260,550,3712,1022,565,rgb,,70,3.2,False,0.758
nwpu_positive_507_005,nwpu_positive_507,train,2,ship,359,72,390,128,1736,1022,565,rgb,,62,3.613,False,0.452
nwpu_positive_507_006,nwpu_positive_507,train,2,ship,453,197,479,260,1638,1022,565,rgb,,69,3.246,False,0.344
nwpu_positive_507_007,nwpu_positive_507,train,2,ship,533,14,583,65,2550,1022,565,rgb,,56,4.0,False,0.813
nwpu_positive_507_008,nwpu_positive_507,train,2,ship,598,118,634,173,1980,1022,565,rgb,,61,3.672,False,0.532
nwpu_positive_509_000,nwpu_positive_509,train,2,ship,92,394,155,430,2268,1085,565,rgb,,69,3.246,False,0.476
nwpu_positive_509_001,nwpu_positive_509,train,2,ship,276,144,319,170,1118,1085,565,rgb,,47,4.766,False,0.506
nwpu_positive_509_002,nwpu_positive_509,train,2,ship,364,139,427,159,1260,1085,565,rgb,,69,3.246,False,0.265
nwpu_positive_509_003,nwpu_positive_509,train,2,ship,514,88,572,123,2030,1085,565,rgb,,64,3.5,False,0.496
nwpu_positive_509_004,nwpu_positive_509,train,2,ship,1008,354,1071,390,2268,1085,565,rgb,,69,3.246,False,0.476
nwpu_positive_511_000,nwpu_positive_511,train,2,ship,59,452,101,517,2730,1189,559,rgb,,72,3.111,False,0.527
nwpu_positive_511_001,nwpu_positive_511,train,2,ship,258,244,283,287,1075,1189,559,rgb,,47,4.766,False,0.487
nwpu_positive_511_002,nwpu_positive_511,train,2,ship,291,395,319,445,1400,1189,559,rgb,,55,4.073,False,0.463
nwpu_positive_511_003,nwpu_positive_511,train,2,ship,521,156,553,208,1664,1189,559,rgb,,57,3.93,False,0.512
nwpu_positive_511_004,nwpu_positive_511,train,2,ship,489,406,516,460,1458,1189,559,rgb,,59,3.797,False,0.419
nwpu_positive_511_005,nwpu_positive_511,train,2,ship,649,67,709,105,2280,1189,559,rgb,,66,3.394,False,0.523
nwpu_positive_511_006,nwpu_positive_511,train,2,ship,673,184,710,222,1406,1189,559,rgb,,42,5.333,False,0.797
nwpu_positive_511_007,nwpu_positive_511,train,2,ship,912,124,981,156,2208,1189,559,rgb,,76,2.947,False,0.382
nwpu_positive_511_008,nwpu_positive_511,train,2,ship,1061,127,1123,153,1612,1189,559,rgb,,68,3.294,False,0.349
nwpu_positive_511_009,nwpu_positive_511,train,2,ship,784,276,835,343,3417,1189,559,rgb,,74,3.027,False,0.624
nwpu_positive_511_010,nwpu_positive_511,train,2,ship,1027,276,1120,325,4557,1189,559,rgb,,102,2.196,False,0.438
nwpu_positive_511_011,nwpu_positive_511,train,2,ship,1043,445,1098,486,2255,1189,559,rgb,,61,3.672,False,0.606
nwpu_positive_512_000,nwpu_positive_512,train,2,ship,86,67,123,125,2146,961,565,rgb,,64,3.5,False,0.524
nwpu_positive_512_001,nwpu_positive_512,train,2,ship,189,333,248,429,5664,961,565,rgb,,106,2.113,False,0.504
nwpu_positive_512_002,nwpu_positive_512,train,2,ship,386,215,408,271,1232,961,565,rgb,,62,3.613,False,0.32
nwpu_positive_512_003,nwpu_positive_512,train,2,ship,445,398,488,510,4816,961,565,rgb,,123,1.821,False,0.318
nwpu_positive_512_004,nwpu_positive_512,train,2,ship,587,98,622,168,2450,961,565,rgb,,77,2.909,False,0.413
nwpu_positive_512_005,nwpu_positive_512,train,2,ship,573,254,593,314,1200,961,565,rgb,,66,3.394,False,0.275
nwpu_positive_512_006,nwpu_positive_512,train,2,ship,788,73,822,141,2312,961,565,rgb,,75,2.987,False,0.411
nwpu_positive_512_007,nwpu_positive_512,train,2,ship,798,269,829,370,3131,961,565,rgb,,111,2.018,False,0.254
nwpu_positive_513_000,nwpu_positive_513,train,2,ship,59,115,121,159,2728,1213,559,rgb,,68,3.294,False,0.59
nwpu_positive_513_001,nwpu_positive_513,train,2,ship,120,362,174,406,2376,1213,559,rgb,,59,3.797,False,0.683
nwpu_positive_513_002,nwpu_positive_513,train,2,ship,666,359,705,398,1521,1213,559,rgb,,43,5.209,False,0.823
nwpu_positive_513_003,nwpu_positive_513,train,2,ship,825,44,886,88,2684,1213,559,rgb,,67,3.343,False,0.598
nwpu_positive_513_004,nwpu_positive_513,train,2,ship,815,261,879,319,3712,1213,559,rgb,,70,3.2,False,0.758
nwpu_positive_513_005,nwpu_positive_513,train,2,ship,794,449,833,488,1521,1213,559,rgb,,43,5.209,False,0.823
nwpu_positive_513_006,nwpu_positive_513,train,2,ship,931,409,976,453,1980,1213,559,rgb,,50,4.48,False,0.792
nwpu_positive_513_007,nwpu_positive_513,train,2,ship,1059,212,1127,275,4284,1213,559,rgb,,75,2.987,False,0.762
nwpu_positive_513_008,nwpu_positive_513,train,2,ship,1061,357,1119,407,2900,1213,559,rgb,,64,3.5,False,0.708
nwpu_positive_513_009,nwpu_positive_513,train,2,ship,1131,501,1170,540,1521,1213,559,rgb,,43,5.209,False,0.823
nwpu_positive_513_010,nwpu_positive_513,train,2,ship,1117,18,1161,61,1892,1213,559,rgb,,48,4.667,False,0.821
nwpu_positive_513_011,nwpu_positive_513,train,2,ship,651,517,705,556,2106,1213,559,rgb,,59,3.797,False,0.605
nwpu_positive_514_000,nwpu_positive_514,train,2,ship,24,12,63,39,1053,956,554,rgb,,43,5.209,False,0.569
nwpu_positive_514_001,nwpu_positive_514,train,2,ship,75,398,179,450,5408,956,554,rgb,,114,1.965,False,0.416
nwpu_positive_514_002,nwpu_positive_514,train,2,ship,232,85,285,138,2809,956,554,rgb,,58,3.862,False,0.835
nwpu_positive_514_003,nwpu_positive_514,train,2,ship,185,289,249,346,3648,956,554,rgb,,70,3.2,False,0.744
nwpu_positive_514_004,nwpu_positive_514,train,2,ship,402,32,474,65,2376,956,554,rgb,,79,2.835,False,0.381
nwpu_positive_514_005,nwpu_positive_514,train,2,ship,380,335,468,402,5896,956,554,rgb,,97,2.309,False,0.627
nwpu_positive_514_006,nwpu_positive_514,train,2,ship,697,277,767,328,3570,956,554,rgb,,77,2.909,False,0.602
nwpu_positive_514_007,nwpu_positive_514,train,2,ship,858,230,934,281,3876,956,554,rgb,,84,2.667,False,0.549
nwpu_positive_515_000,nwpu_positive_515,train,1,airplane,377,60,449,118,4176,953,553,rgb,,79,2.835,False,0.669
nwpu_positive_515_001,nwpu_positive_515,train,1,airplane,345,123,425,186,5040,953,553,rgb,,88,2.545,False,0.651
nwpu_positive_515_002,nwpu_positive_515,train,1,airplane,299,185,380,258,5913,953,553,rgb,,89,2.517,False,0.746
nwpu_positive_515_003,nwpu_positive_515,train,1,airplane,392,269,433,319,2050,953,553,rgb,,55,4.073,False,0.678
nwpu_positive_515_004,nwpu_positive_515,train,1,airplane,490,315,577,393,6786,953,553,rgb,,96,2.333,False,0.736
nwpu_positive_515_005,nwpu_positive_515,train,1,airplane,540,262,592,306,2288,953,553,rgb,,57,3.93,False,0.704
nwpu_positive_515_006,nwpu_positive_515,train,1,airplane,561,209,610,249,1960,953,553,rgb,,54,4.148,False,0.672
nwpu_positive_516_000,nwpu_positive_516,train,1,airplane,98,20,168,64,3080,1183,568,rgb,,77,2.909,False,0.519
nwpu_positive_516_001,nwpu_positive_516,train,1,airplane,109,71,178,118,3243,1183,568,rgb,,76,2.947,False,0.561
nwpu_positive_516_002,nwpu_positive_516,train,1,airplane,92,128,172,177,3920,1183,568,rgb,,88,2.545,False,0.506
nwpu_positive_516_003,nwpu_positive_516,train,1,airplane,87,186,166,238,4108,1183,568,rgb,,87,2.575,False,0.543
nwpu_positive_516_004,nwpu_positive_516,train,1,airplane,82,247,160,304,4446,1183,568,rgb,,86,2.605,False,0.601
nwpu_positive_516_005,nwpu_positive_516,train,1,airplane,36,330,129,404,6882,1183,568,rgb,,102,2.196,False,0.661
nwpu_positive_516_006,nwpu_positive_516,train,1,airplane,659,63,719,102,2340,1183,568,rgb,,66,3.394,False,0.537
nwpu_positive_516_007,nwpu_positive_516,train,1,airplane,823,392,908,467,6375,1183,568,rgb,,94,2.383,False,0.721
nwpu_positive_516_008,nwpu_positive_516,train,1,airplane,1048,391,1131,468,6391,1183,568,rgb,,91,2.462,False,0.772
nwpu_positive_517_000,nwpu_positive_517,train,2,ship,90,159,165,205,3450,1060,563,rgb,,82,2.732,False,0.513
nwpu_positive_517_001,nwpu_positive_517,train,2,ship,364,45,442,81,2808,1060,563,rgb,,86,2.605,False,0.38
nwpu_positive_517_002,nwpu_positive_517,train,2,ship,214,267,293,297,2370,1060,563,rgb,,87,2.575,False,0.313
nwpu_positive_517_003,nwpu_positive_517,train,2,ship,107,484,195,519,3080,1060,563,rgb,,97,2.309,False,0.327
nwpu_positive_517_004,nwpu_positive_517,train,2,ship,437,267,483,314,2162,1060,563,rgb,,52,4.308,False,0.8
nwpu_positive_517_005,nwpu_positive_517,train,2,ship,428,467,504,541,5624,1060,563,rgb,,84,2.667,False,0.797
nwpu_positive_517_006,nwpu_positive_517,train,2,ship,597,48,655,72,1392,1060,563,rgb,,64,3.5,False,0.34
nwpu_positive_517_007,nwpu_positive_517,train,2,ship,601,215,676,252,2775,1060,563,rgb,,82,2.732,False,0.413
nwpu_positive_517_008,nwpu_positive_517,train,2,ship,857,103,909,129,1352,1060,563,rgb,,57,3.93,False,0.416
nwpu_positive_517_009,nwpu_positive_517,train,2,ship,764,419,821,443,1368,1060,563,rgb,,63,3.556,False,0.345
nwpu_positive_518_000,nwpu_positive_518,train,2,ship,26,157,98,189,2304,1137,548,rgb,,79,2.835,False,0.369
nwpu_positive_518_001,nwpu_positive_518,train,2,ship,156,223,242,259,3096,1137,548,rgb,,95,2.358,False,0.343
nwpu_positive_518_002,nwpu_positive_518,train,2,ship,414,20,456,75,2310,1137,548,rgb,,61,3.672,False,0.621
nwpu_positive_518_003,nwpu_positive_518,train,2,ship,420,243,503,274,2573,1137,548,rgb,,91,2.462,False,0.311
nwpu_positive_518_004,nwpu_positive_518,train,2,ship,347,414,425,436,1716,1137,548,rgb,,86,2.605,False,0.232
nwpu_positive_518_005,nwpu_positive_518,train,2,ship,622,211,736,289,8892,1137,548,rgb,,125,1.792,False,0.569
nwpu_positive_518_006,nwpu_positive_518,train,2,ship,546,493,591,517,1080,1137,548,rgb,,50,4.48,False,0.432
nwpu_positive_518_007,nwpu_positive_518,train,2,ship,1079,198,1104,268,1750,1137,548,rgb,,77,2.909,False,0.295
nwpu_positive_518_008,nwpu_positive_518,train,2,ship,912,456,939,494,1026,1137,548,rgb,,42,5.333,False,0.582
nwpu_positive_519_000,nwpu_positive_519,val,2,ship,30,146,96,186,2640,1045,541,rgb,,73,3.068,False,0.495
nwpu_positive_519_001,nwpu_positive_519,val,2,ship,238,35,302,73,2432,1045,541,rgb,,70,3.2,False,0.496
nwpu_positive_519_002,nwpu_positive_519,val,2,ship,186,209,282,264,5280,1045,541,rgb,,106,2.113,False,0.47
nwpu_positive_519_003,nwpu_positive_519,val,2,ship,315,330,404,388,5162,1045,541,rgb,,98,2.286,False,0.537
nwpu_positive_519_004,nwpu_positive_519,val,2,ship,493,143,559,189,3036,1045,541,rgb,,73,3.068,False,0.57
nwpu_positive_519_005,nwpu_positive_519,val,2,ship,611,19,675,51,2048,1045,541,rgb,,70,3.2,False,0.418
nwpu_positive_519_006,nwpu_positive_519,val,2,ship,900,39,951,68,1479,1045,541,rgb,,56,4.0,False,0.472
nwpu_positive_519_007,nwpu_positive_519,val,2,ship,863,215,916,246,1643,1045,541,rgb,,58,3.862,False,0.488
nwpu_positive_520_000,nwpu_positive_520,train,2,ship,703,66,790,112,4002,1043,552,rgb,,96,2.333,False,0.434
nwpu_positive_520_001,nwpu_positive_520,train,2,ship,844,121,933,173,4628,1043,552,rgb,,98,2.286,False,0.482
nwpu_positive_520_002,nwpu_positive_520,train,2,ship,884,329,939,369,2200,1043,552,rgb,,61,3.672,False,0.591
nwpu_positive_522_000,nwpu_positive_522,train,8,harbor,124,268,271,373,15435,1126,564,rgb,,162,1.383,False,0.588
nwpu_positive_522_001,nwpu_positive_522,train,8,harbor,71,343,226,445,15810,1126,564,rgb,,170,1.318,False,0.547
nwpu_positive_522_002,nwpu_positive_522,train,8,harbor,468,57,552,134,6468,1126,564,rgb,,92,2.435,False,0.764
nwpu_positive_522_003,nwpu_positive_522,train,8,harbor,590,52,656,140,5808,1126,564,rgb,,97,2.309,False,0.617
nwpu_positive_522_004,nwpu_positive_522,train,8,harbor,695,46,761,137,6006,1126,564,rgb,,100,2.24,False,0.601
nwpu_positive_522_005,nwpu_positive_522,train,8,harbor,778,36,853,127,6825,1126,564,rgb,,100,2.24,False,0.682
nwpu_positive_522_006,nwpu_positive_522,train,8,harbor,861,31,932,117,6106,1126,564,rgb,,95,2.358,False,0.677
nwpu_positive_522_007,nwpu_positive_522,train,8,harbor,929,15,983,110,5130,1126,564,rgb,,105,2.133,False,0.465
nwpu_positive_522_008,nwpu_positive_522,train,8,harbor,831,268,896,384,7540,1126,564,rgb,,128,1.75,False,0.46
nwpu_positive_522_009,nwpu_positive_522,train,8,harbor,937,242,1044,292,5350,1126,564,rgb,,118,1.898,False,0.384
nwpu_positive_522_010,nwpu_positive_522,train,8,harbor,919,324,1070,374,7550,1126,564,rgb,,166,1.349,False,0.274
nwpu_positive_523_000,nwpu_positive_523,train,8,harbor,294,54,330,157,3708,940,555,rgb,,113,1.982,False,0.29
nwpu_positive_523_001,nwpu_positive_523,train,8,harbor,180,126,330,159,4950,940,555,rgb,,165,1.358,False,0.182
nwpu_positive_523_002,nwpu_positive_523,train,8,harbor,170,196,323,250,8262,940,555,rgb,,168,1.333,False,0.293
nwpu_positive_523_003,nwpu_positive_523,train,8,harbor,158,283,281,323,4920,940,555,rgb,,135,1.659,False,0.27
nwpu_positive_523_004,nwpu_positive_523,train,8,harbor,299,274,486,306,5984,940,555,rgb,,206,1.087,False,0.141
nwpu_positive_523_005,nwpu_positive_523,train,8,harbor,371,27,477,64,3922,940,555,rgb,,117,1.915,False,0.287
nwpu_positive_523_006,nwpu_positive_523,train,8,harbor,366,94,490,147,6572,940,555,rgb,,136,1.647,False,0.355
nwpu_positive_523_007,nwpu_positive_523,train,8,harbor,357,183,490,240,7581,940,555,rgb,,146,1.534,False,0.356
nwpu_positive_523_008,nwpu_positive_523,train,8,harbor,534,28,655,88,7260,940,555,rgb,,133,1.684,False,0.41
nwpu_positive_523_009,nwpu_positive_523,train,8,harbor,547,126,673,185,7434,940,555,rgb,,139,1.612,False,0.385
nwpu_positive_523_010,nwpu_positive_523,train,8,harbor,555,220,685,276,7280,940,555,rgb,,143,1.566,False,0.356
nwpu_positive_523_011,nwpu_positive_523,train,8,harbor,560,315,694,374,7906,940,555,rgb,,147,1.524,False,0.366
nwpu_positive_523_012,nwpu_positive_523,train,8,harbor,563,410,755,447,7104,940,555,rgb,,211,1.062,False,0.16
nwpu_positive_524_000,nwpu_positive_524,val,7,ground_track_field,308,139,532,382,54432,839,538,rgb,,267,0.839,False,0.764
nwpu_positive_525_000,nwpu_positive_525,train,4,baseball_diamond,427,188,496,239,3519,743,546,rgb,,76,2.947,False,0.609
nwpu_positive_525_001,nwpu_positive_525,train,4,baseball_diamond,332,362,433,444,8282,743,546,rgb,,111,2.018,False,0.672
nwpu_positive_525_002,nwpu_positive_525,train,7,ground_track_field,534,125,715,410,51585,743,546,rgb,,314,0.713,False,0.523
nwpu_positive_526_000,nwpu_positive_526,train,2,ship,227,126,297,218,6440,949,589,rgb,,101,2.218,False,0.631
nwpu_positive_526_001,nwpu_positive_526,train,2,ship,376,335,475,416,8019,949,589,rgb,,109,2.055,False,0.675
nwpu_positive_526_002,nwpu_positive_526,train,2,ship,450,308,621,382,12654,949,589,rgb,,188,1.191,False,0.358
nwpu_positive_526_003,nwpu_positive_526,train,2,ship,773,343,922,378,5215,949,589,rgb,,164,1.366,False,0.194
nwpu_positive_526_004,nwpu_positive_526,train,2,ship,758,446,912,484,5852,949,589,rgb,,169,1.325,False,0.205
nwpu_positive_526_005,nwpu_positive_526,train,9,bridge,635,306,738,537,23793,949,589,rgb,,254,0.882,False,0.369
nwpu_positive_527_000,nwpu_positive_527,train,2,ship,28,15,119,56,3731,1031,626,rgb,,100,2.24,False,0.373
nwpu_positive_527_001,nwpu_positive_527,train,2,ship,39,63,101,98,2170,1031,626,rgb,,68,3.294,False,0.469
nwpu_positive_527_002,nwpu_positive_527,train,2,ship,123,44,197,75,2294,1031,626,rgb,,81,2.765,False,0.35
nwpu_positive_527_003,nwpu_positive_527,train,2,ship,195,64,273,101,2886,1031,626,rgb,,86,2.605,False,0.39
nwpu_positive_527_004,nwpu_positive_527,train,2,ship,249,140,351,192,5304,1031,626,rgb,,112,2.0,False,0.423
nwpu_positive_527_005,nwpu_positive_527,train,2,ship,375,202,470,266,6080,1031,626,rgb,,105,2.133,False,0.551
nwpu_positive_527_006,nwpu_positive_527,train,2,ship,504,202,581,255,4081,1031,626,rgb,,85,2.635,False,0.565
nwpu_positive_527_007,nwpu_positive_527,train,2,ship,607,264,722,343,9085,1031,626,rgb,,127,1.764,False,0.563
nwpu_positive_527_008,nwpu_positive_527,train,2,ship,745,355,862,451,11232,1031,626,rgb,,129,1.736,False,0.675
nwpu_positive_527_009,nwpu_positive_527,train,2,ship,718,430,815,538,10476,1031,626,rgb,,119,1.882,False,0.74
nwpu_positive_528_000,nwpu_positive_528,train,9,bridge,266,135,402,304,22984,872,549,rgb,,186,1.204,False,0.664
nwpu_positive_528_001,nwpu_positive_528,train,9,bridge,497,105,712,308,43645,872,549,rgb,,237,0.945,False,0.777
nwpu_positive_529_000,nwpu_positive_529,train,4,baseball_diamond,684,385,797,490,11865,1131,548,rgb,,124,1.806,False,0.772
nwpu_positive_529_001,nwpu_positive_529,train,9,bridge,84,68,218,236,22512,1131,548,rgb,,185,1.211,False,0.658
nwpu_positive_529_002,nwpu_positive_529,train,9,bridge,877,109,1015,258,20562,1131,548,rgb,,164,1.366,False,0.765
nwpu_positive_530_000,nwpu_positive_530,train,9,bridge,23,67,242,202,29565,1158,558,rgb,,241,0.929,False,0.509
nwpu_positive_530_001,nwpu_positive_530,train,9,bridge,452,150,572,343,23160,1158,558,rgb,,212,1.057,False,0.515
nwpu_positive_530_002,nwpu_positive_530,train,9,bridge,955,297,1103,411,16872,1158,558,rgb,,163,1.374,False,0.635
nwpu_positive_531_000,nwpu_positive_531,train,9,bridge,38,195,127,278,7387,1266,547,rgb,,98,2.286,False,0.769
nwpu_positive_531_001,nwpu_positive_531,train,9,bridge,444,52,546,123,7242,1266,547,rgb,,112,2.0,False,0.577
nwpu_positive_531_002,nwpu_positive_531,train,9,bridge,968,263,1048,358,7600,1266,547,rgb,,105,2.133,False,0.689
nwpu_positive_531_003,nwpu_positive_531,train,9,bridge,1103,260,1168,329,4485,1266,547,rgb,,76,2.947,False,0.776
nwpu_positive_531_004,nwpu_positive_531,train,9,bridge,1164,194,1237,278,6132,1266,547,rgb,,92,2.435,False,0.724
nwpu_positive_533_000,nwpu_positive_533,train,8,harbor,65,274,193,377,13184,1016,623,rgb,,141,1.589,False,0.663
nwpu_positive_533_001,nwpu_positive_533,train,8,harbor,164,225,271,328,11021,1016,623,rgb,,118,1.898,False,0.792
nwpu_positive_533_002,nwpu_positive_533,train,8,harbor,250,173,348,277,10192,1016,623,rgb,,114,1.965,False,0.784
nwpu_positive_533_003,nwpu_positive_533,train,8,harbor,329,140,415,222,7052,1016,623,rgb,,95,2.358,False,0.781
nwpu_positive_533_004,nwpu_positive_533,train,8,harbor,428,28,508,166,11040,1016,623,rgb,,152,1.474,False,0.478
nwpu_positive_533_005,nwpu_positive_533,train,8,harbor,513,34,579,172,9108,1016,623,rgb,,152,1.474,False,0.394
nwpu_positive_533_006,nwpu_positive_533,train,8,harbor,577,39,640,170,8253,1016,623,rgb,,144,1.556,False,0.398
nwpu_positive_533_007,nwpu_positive_533,train,8,harbor,640,43,694,169,6804,1016,623,rgb,,139,1.612,False,0.352
nwpu_positive_533_008,nwpu_positive_533,train,8,harbor,696,40,742,170,5980,1016,623,rgb,,143,1.566,False,0.292
nwpu_positive_533_009,nwpu_positive_533,train,8,harbor,748,44,787,176,5148,1016,623,rgb,,145,1.545,False,0.245
nwpu_positive_533_010,nwpu_positive_533,train,8,harbor,793,41,833,178,5480,1016,623,rgb,,151,1.483,False,0.24
nwpu_positive_533_011,nwpu_positive_533,train,8,harbor,835,40,878,181,6063,1016,623,rgb,,155,1.445,False,0.252
nwpu_positive_533_012,nwpu_positive_533,train,8,harbor,672,195,836,232,6068,1016,623,rgb,,180,1.244,False,0.187
nwpu_positive_533_013,nwpu_positive_533,train,8,harbor,674,232,937,284,13676,1016,623,rgb,,289,0.775,False,0.164
nwpu_positive_533_014,nwpu_positive_533,train,8,harbor,672,284,934,338,14148,1016,623,rgb,,288,0.778,False,0.171
nwpu_positive_533_015,nwpu_positive_533,train,8,harbor,675,344,945,396,14040,1016,623,rgb,,297,0.754,False,0.159
nwpu_positive_533_016,nwpu_positive_533,train,8,harbor,667,405,951,470,18460,1016,623,rgb,,312,0.718,False,0.19
nwpu_positive_533_017,nwpu_positive_533,train,8,harbor,663,479,962,542,18837,1016,623,rgb,,329,0.681,False,0.174
nwpu_positive_534_000,nwpu_positive_534,train,8,harbor,132,49,235,74,2575,1053,558,rgb,,113,1.982,False,0.202
nwpu_positive_534_001,nwpu_positive_534,train,8,harbor,136,87,237,122,3535,1053,558,rgb,,111,2.018,False,0.287
nwpu_positive_534_002,nwpu_positive_534,train,8,harbor,133,142,234,182,4040,1053,558,rgb,,111,2.018,False,0.328
nwpu_positive_534_003,nwpu_positive_534,train,8,harbor,126,213,234,256,4644,1053,558,rgb,,119,1.882,False,0.328
nwpu_positive_534_004,nwpu_positive_534,train,8,harbor,111,292,226,345,6095,1053,558,rgb,,127,1.764,False,0.378
nwpu_positive_534_005,nwpu_positive_534,train,8,harbor,98,385,200,464,8058,1053,558,rgb,,112,2.0,False,0.642
nwpu_positive_534_006,nwpu_positive_534,train,8,harbor,365,25,423,88,3654,1053,558,rgb,,69,3.246,False,0.767
nwpu_positive_534_007,nwpu_positive_534,train,8,harbor,441,21,494,101,4240,1053,558,rgb,,88,2.545,False,0.548
nwpu_positive_534_008,nwpu_positive_534,train,8,harbor,390,120,495,161,4305,1053,558,rgb,,116,1.931,False,0.32
nwpu_positive_534_009,nwpu_positive_534,train,8,harbor,829,302,901,343,2952,1053,558,rgb,,79,2.835,False,0.473
nwpu_positive_534_010,nwpu_positive_534,train,8,harbor,823,365,921,408,4214,1053,558,rgb,,108,2.074,False,0.361
nwpu_positive_534_011,nwpu_positive_534,train,8,harbor,836,433,948,491,6496,1053,558,rgb,,123,1.821,False,0.429
nwpu_positive_535_000,nwpu_positive_535,train,8,harbor,181,213,259,270,4446,1172,567,rgb,,86,2.605,False,0.601
nwpu_positive_535_001,nwpu_positive_535,train,8,harbor,114,277,233,323,5474,1172,567,rgb,,131,1.71,False,0.319
nwpu_positive_535_002,nwpu_positive_535,train,8,harbor,266,199,351,324,10625,1172,567,rgb,,138,1.623,False,0.558
nwpu_positive_535_003,nwpu_positive_535,train,8,harbor,369,204,455,339,11610,1172,567,rgb,,148,1.514,False,0.53
nwpu_positive_535_004,nwpu_positive_535,train,8,harbor,90,337,323,397,13980,1172,567,rgb,,256,0.875,False,0.213
nwpu_positive_535_005,nwpu_positive_535,train,8,harbor,487,220,547,331,6660,1172,567,rgb,,122,1.836,False,0.447
nwpu_positive_535_006,nwpu_positive_535,train,8,harbor,564,233,627,371,8694,1172,567,rgb,,152,1.474,False,0.376
nwpu_positive_535_007,nwpu_positive_535,train,8,harbor,445,371,641,441,13720,1172,567,rgb,,216,1.037,False,0.294
nwpu_positive_535_008,nwpu_positive_535,train,8,harbor,653,210,712,405,11505,1172,567,rgb,,215,1.042,False,0.249
nwpu_positive_535_009,nwpu_positive_535,train,8,harbor,902,80,1059,211,20567,1172,567,rgb,,173,1.295,False,0.687
nwpu_positive_535_010,nwpu_positive_535,train,8,harbor,797,159,991,354,37830,1172,567,rgb,,215,1.042,False,0.818
nwpu_positive_535_011,nwpu_positive_535,train,8,harbor,958,210,1136,361,26878,1172,567,rgb,,196,1.143,False,0.7
nwpu_positive_536_000,nwpu_positive_536,train,8,harbor,51,85,101,238,7650,989,630,rgb,,168,1.333,False,0.271
nwpu_positive_536_001,nwpu_positive_536,train,8,harbor,127,79,194,221,9514,989,630,rgb,,156,1.436,False,0.391
nwpu_positive_536_002,nwpu_positive_536,train,8,harbor,236,70,385,207,20413,989,630,rgb,,164,1.366,False,0.759
nwpu_positive_536_003,nwpu_positive_536,train,8,harbor,339,33,526,180,27489,989,630,rgb,,206,1.087,False,0.648
nwpu_positive_536_004,nwpu_positive_536,train,8,harbor,71,353,337,416,16758,989,630,rgb,,293,0.765,False,0.195
nwpu_positive_536_005,nwpu_positive_536,train,8,harbor,93,457,154,548,5551,989,630,rgb,,100,2.24,False,0.555
nwpu_positive_536_006,nwpu_positive_536,train,8,harbor,183,450,251,570,8160,989,630,rgb,,132,1.697,False,0.468
nwpu_positive_536_007,nwpu_positive_536,train,8,harbor,276,443,347,591,10508,989,630,rgb,,163,1.374,False,0.395
nwpu_positive_536_008,nwpu_positive_536,train,8,harbor,357,275,417,406,7860,989,630,rgb,,144,1.556,False,0.379
nwpu_positive_536_009,nwpu_positive_536,train,8,harbor,463,179,530,258,5293,989,630,rgb,,87,2.575,False,0.699
nwpu_positive_536_010,nwpu_positive_536,train,8,harbor,550,164,622,263,7128,989,630,rgb,,109,2.055,False,0.6
nwpu_positive_536_011,nwpu_positive_536,train,8,harbor,639,163,706,290,8509,989,630,rgb,,140,1.6,False,0.434
nwpu_positive_536_012,nwpu_positive_536,train,8,harbor,719,175,775,313,7728,989,630,rgb,,152,1.474,False,0.334
nwpu_positive_536_013,nwpu_positive_536,train,8,harbor,790,189,848,328,8062,989,630,rgb,,153,1.464,False,0.344
nwpu_positive_536_014,nwpu_positive_536,train,8,harbor,852,231,938,366,11610,989,630,rgb,,148,1.514,False,0.53
nwpu_positive_536_015,nwpu_positive_536,train,8,harbor,832,386,945,437,5763,989,630,rgb,,124,1.806,False,0.375
nwpu_positive_536_016,nwpu_positive_536,train,8,harbor,829,463,952,520,7011,989,630,rgb,,135,1.659,False,0.385
nwpu_positive_536_017,nwpu_positive_536,train,8,harbor,778,519,955,591,12744,989,630,rgb,,195,1.149,False,0.335
nwpu_positive_537_000,nwpu_positive_537,train,8,harbor,17,161,109,293,12144,1118,557,rgb,,145,1.545,False,0.578
nwpu_positive_537_001,nwpu_positive_537,train,8,harbor,130,172,219,316,12816,1118,557,rgb,,158,1.418,False,0.513
nwpu_positive_537_002,nwpu_positive_537,train,8,harbor,249,149,304,314,9075,1118,557,rgb,,182,1.231,False,0.274
nwpu_positive_537_003,nwpu_positive_537,train,8,harbor,329,140,376,313,8131,1118,557,rgb,,190,1.179,False,0.225
nwpu_positive_537_004,nwpu_positive_537,train,8,harbor,406,145,454,310,7920,1118,557,rgb,,182,1.231,False,0.239
nwpu_positive_537_005,nwpu_positive_537,train,8,harbor,476,141,532,273,7392,1118,557,rgb,,145,1.545,False,0.352
nwpu_positive_537_006,nwpu_positive_537,train,8,harbor,552,139,617,297,10270,1118,557,rgb,,174,1.287,False,0.339
nwpu_positive_537_007,nwpu_positive_537,train,8,harbor,629,133,701,286,11016,1118,557,rgb,,168,1.333,False,0.39
nwpu_positive_537_008,nwpu_positive_537,train,8,harbor,722,169,814,306,12604,1118,557,rgb,,151,1.483,False,0.553
nwpu_positive_537_009,nwpu_positive_537,train,8,harbor,790,215,917,340,15875,1118,557,rgb,,140,1.6,False,0.81
nwpu_positive_537_010,nwpu_positive_537,train,8,harbor,858,291,993,368,10395,1118,557,rgb,,148,1.514,False,0.475
nwpu_positive_537_011,nwpu_positive_537,train,8,harbor,891,386,1023,436,6600,1118,557,rgb,,145,1.545,False,0.314
nwpu_positive_537_012,nwpu_positive_537,train,8,harbor,913,469,1021,512,4644,1118,557,rgb,,119,1.882,False,0.328
nwpu_positive_538_000,nwpu_positive_538,train,9,bridge,194,49,391,115,13002,730,599,rgb,,217,1.032,False,0.276
nwpu_positive_538_001,nwpu_positive_538,train,9,bridge,270,386,484,474,18832,730,599,rgb,,235,0.953,False,0.341
nwpu_positive_541_000,nwpu_positive_541,train,9,bridge,9,132,197,275,26884,1162,570,rgb,,207,1.082,False,0.627
nwpu_positive_541_001,nwpu_positive_541,train,9,bridge,952,194,1081,313,15351,1162,570,rgb,,142,1.577,False,0.761
nwpu_positive_543_000,nwpu_positive_543,train,4,baseball_diamond,217,134,374,256,19154,876,589,rgb,,173,1.295,False,0.64
nwpu_positive_543_001,nwpu_positive_543,train,5,tennis_court,406,186,464,246,3480,876,589,rgb,,66,3.394,False,0.799
nwpu_positive_543_002,nwpu_positive_543,train,5,tennis_court,439,207,503,270,4032,876,589,rgb,,70,3.2,False,0.823
nwpu_positive_543_003,nwpu_positive_543,train,6,basketball_court,472,231,549,305,5698,876,589,rgb,,85,2.635,False,0.789
nwpu_positive_543_004,nwpu_positive_543,train,6,basketball_court,519,254,594,329,5625,876,589,rgb,,82,2.732,False,0.837
nwpu_positive_544_000,nwpu_positive_544,val,9,bridge,150,134,304,261,19558,947,568,rgb,,169,1.325,False,0.685
nwpu_positive_544_001,nwpu_positive_544,val,9,bridge,793,186,900,321,14445,947,568,rgb,,148,1.514,False,0.659
nwpu_positive_545_000,nwpu_positive_545,train,7,ground_track_field,228,230,535,385,47585,792,493,rgb,,338,0.663,False,0.417
nwpu_positive_546_000,nwpu_positive_546,train,4,baseball_diamond,448,27,504,61,1904,891,534,rgb,,62,3.613,False,0.495
nwpu_positive_546_001,nwpu_positive_546,train,7,ground_track_field,287,96,501,307,45154,891,534,rgb,,235,0.953,False,0.818
nwpu_positive_547_000,nwpu_positive_547,train,9,bridge,175,327,273,503,17248,1072,608,rgb,,194,1.155,False,0.458
nwpu_positive_547_001,nwpu_positive_547,train,9,bridge,477,323,568,477,14014,1072,608,rgb,,169,1.325,False,0.491
nwpu_positive_547_002,nwpu_positive_547,train,9,bridge,915,68,1026,162,10434,1072,608,rgb,,122,1.836,False,0.701
nwpu_positive_548_000,nwpu_positive_548,train,9,bridge,90,222,171,345,9963,1225,571,rgb,,135,1.659,False,0.547
nwpu_positive_548_001,nwpu_positive_548,train,9,bridge,489,111,667,266,27590,1225,571,rgb,,196,1.143,False,0.718
nwpu_positive_548_002,nwpu_positive_548,train,9,bridge,1013,81,1134,167,10406,1225,571,rgb,,133,1.684,False,0.588
nwpu_positive_549_000,nwpu_positive_549,val,4,baseball_diamond,135,267,205,321,3780,818,583,rgb,,77,2.909,False,0.638
nwpu_positive_549_001,nwpu_positive_549,val,9,bridge,585,30,728,168,19734,818,583,rgb,,157,1.427,False,0.801
nwpu_positive_550_000,nwpu_positive_550,train,9,bridge,74,273,243,404,22139,1038,580,rgb,,186,1.204,False,0.64
nwpu_positive_550_001,nwpu_positive_550,train,9,bridge,833,61,1012,162,18079,1038,580,rgb,,197,1.137,False,0.466
nwpu_positive_553_000,nwpu_positive_553,train,9,bridge,341,52,598,206,39578,902,611,rgb,,283,0.792,False,0.494
nwpu_positive_553_001,nwpu_positive_553,train,9,bridge,319,358,542,500,31666,902,611,rgb,,245,0.914,False,0.528
nwpu_positive_555_000,nwpu_positive_555,train,9,bridge,45,118,167,216,11956,995,527,rgb,,134,1.672,False,0.666
nwpu_positive_555_001,nwpu_positive_555,train,9,bridge,845,118,944,265,14553,995,527,rgb,,162,1.383,False,0.555
nwpu_positive_556_000,nwpu_positive_556,train,4,baseball_diamond,108,199,179,246,3337,874,558,rgb,,78,2.872,False,0.548
nwpu_positive_556_001,nwpu_positive_556,train,4,baseball_diamond,258,284,319,336,3172,874,558,rgb,,67,3.343,False,0.707
nwpu_positive_556_002,nwpu_positive_556,train,4,baseball_diamond,525,332,593,399,4556,874,558,rgb,,75,2.987,False,0.81
nwpu_positive_556_003,nwpu_positive_556,train,7,ground_track_field,129,330,352,492,36126,874,558,rgb,,245,0.914,False,0.602
nwpu_positive_557_000,nwpu_positive_557,val,9,bridge,108,287,351,422,32805,1008,587,rgb,,267,0.839,False,0.46
nwpu_positive_557_001,nwpu_positive_557,val,9,bridge,818,58,934,232,20184,1008,587,rgb,,191,1.173,False,0.553
nwpu_positive_558_000,nwpu_positive_558,train,9,bridge,287,17,537,107,22500,887,619,rgb,,275,0.815,False,0.298
nwpu_positive_558_001,nwpu_positive_558,train,9,bridge,285,280,545,361,21060,887,619,rgb,,286,0.783,False,0.257
nwpu_positive_558_002,nwpu_positive_558,train,9,bridge,315,417,533,499,17876,887,619,rgb,,240,0.933,False,0.31
nwpu_positive_559_000,nwpu_positive_559,val,9,bridge,56,117,215,239,19398,1220,533,rgb,,175,1.28,False,0.633
nwpu_positive_559_001,nwpu_positive_559,val,9,bridge,611,38,694,183,12035,1220,533,rgb,,160,1.4,False,0.47
nwpu_positive_559_002,nwpu_positive_559,val,9,bridge,953,46,1092,182,18904,1220,533,rgb,,153,1.464,False,0.808
nwpu_positive_560_000,nwpu_positive_560,train,4,baseball_diamond,157,182,242,248,5610,975,583,rgb,,94,2.383,False,0.635
nwpu_positive_560_001,nwpu_positive_560,train,9,bridge,431,175,686,277,26010,975,583,rgb,,280,0.8,False,0.332
nwpu_positive_561_000,nwpu_positive_561,val,9,bridge,418,76,613,129,10335,741,596,rgb,,215,1.042,False,0.224
nwpu_positive_561_001,nwpu_positive_561,val,9,bridge,452,437,669,545,23436,741,596,rgb,,239,0.937,False,0.41
nwpu_positive_562_000,nwpu_positive_562,train,9,bridge,82,206,218,373,22712,1230,562,rgb,,184,1.217,False,0.671
nwpu_positive_562_001,nwpu_positive_562,train,9,bridge,555,104,667,296,21504,1230,562,rgb,,211,1.062,False,0.483
nwpu_positive_562_002,nwpu_positive_562,train,9,bridge,1115,169,1189,342,12802,1230,562,rgb,,190,1.179,False,0.355
nwpu_positive_563_000,nwpu_positive_563,val,1,airplane,102,380,163,433,3233,1040,591,rgb,,67,3.343,False,0.72
nwpu_positive_563_001,nwpu_positive_563,val,1,airplane,87,519,159,574,3960,1040,591,rgb,,79,2.835,False,0.635
nwpu_positive_563_002,nwpu_positive_563,val,1,airplane,188,383,252,444,3904,1040,591,rgb,,70,3.2,False,0.797
nwpu_positive_563_003,nwpu_positive_563,val,1,airplane,284,372,340,431,3304,1040,591,rgb,,65,3.446,False,0.782
nwpu_positive_563_004,nwpu_positive_563,val,1,airplane,202,223,252,274,2550,1040,591,rgb,,56,4.0,False,0.813
nwpu_positive_563_005,nwpu_positive_563,val,1,airplane,279,173,337,228,3190,1040,591,rgb,,64,3.5,False,0.779
nwpu_positive_563_006,nwpu_positive_563,val,1,airplane,394,84,444,128,2200,1040,591,rgb,,55,4.073,False,0.727
nwpu_positive_563_007,nwpu_positive_563,val,1,airplane,598,22,663,69,3055,1040,591,rgb,,72,3.111,False,0.589
nwpu_positive_563_008,nwpu_positive_563,val,1,airplane,585,139,654,194,3795,1040,591,rgb,,76,2.947,False,0.657
nwpu_positive_563_009,nwpu_positive_563,val,1,airplane,697,177,745,229,2496,1040,591,rgb,,57,3.93,False,0.768
nwpu_positive_563_010,nwpu_positive_563,val,1,airplane,796,160,854,216,3248,1040,591,rgb,,64,3.5,False,0.793
nwpu_positive_563_011,nwpu_positive_563,val,1,airplane,727,349,794,415,4422,1040,591,rgb,,74,3.027,False,0.808
nwpu_positive_563_012,nwpu_positive_563,val,1,airplane,939,233,1000,287,3294,1040,591,rgb,,67,3.343,False,0.734
nwpu_positive_563_013,nwpu_positive_563,val,1,airplane,914,304,983,357,3657,1040,591,rgb,,76,2.947,False,0.633
nwpu_positive_564_000,nwpu_positive_564,train,7,ground_track_field,415,161,592,499,59826,821,545,rgb,,372,0.602,False,0.432
nwpu_positive_564_001,nwpu_positive_564,train,4,baseball_diamond,378,37,467,111,6586,821,545,rgb,,98,2.286,False,0.686
nwpu_positive_564_002,nwpu_positive_564,train,5,tennis_court,212,166,240,215,1372,821,545,rgb,,54,4.148,False,0.471
nwpu_positive_564_003,nwpu_positive_564,train,5,tennis_court,242,167,270,216,1372,821,545,rgb,,54,4.148,False,0.471
nwpu_positive_565_000,nwpu_positive_565,train,6,basketball_court,366,233,449,321,7304,918,541,rgb,,97,2.309,False,0.776
nwpu_positive_565_001,nwpu_positive_565,train,6,basketball_court,437,212,518,298,6966,918,541,rgb,,95,2.358,False,0.772
nwpu_positive_566_000,nwpu_positive_566,val,7,ground_track_field,272,58,478,290,47792,845,508,rgb,,255,0.878,False,0.735
nwpu_positive_566_001,nwpu_positive_566,val,4,baseball_diamond,629,164,728,234,6930,845,508,rgb,,109,2.055,False,0.583
nwpu_positive_567_000,nwpu_positive_567,train,7,ground_track_field,278,77,540,337,68120,787,548,rgb,,288,0.778,False,0.821
nwpu_positive_567_001,nwpu_positive_567,train,4,baseball_diamond,143,448,210,516,4556,787,548,rgb,,75,2.987,False,0.81
nwpu_positive_567_002,nwpu_positive_567,train,4,baseball_diamond,260,428,317,486,3306,787,548,rgb,,64,3.5,False,0.807
nwpu_positive_569_000,nwpu_positive_569,train,4,baseball_diamond,462,190,557,270,7600,823,524,rgb,,105,2.133,False,0.689
nwpu_positive_569_001,nwpu_positive_569,train,6,basketball_court,672,144,732,211,4020,823,524,rgb,,74,3.027,False,0.734
nwpu_positive_569_002,nwpu_positive_569,train,6,basketball_court,691,214,784,260,4278,823,524,rgb,,102,2.196,False,0.411
nwpu_positive_570_000,nwpu_positive_570,train,4,baseball_diamond,157,252,259,336,8568,892,489,rgb,,112,2.0,False,0.683
nwpu_positive_570_001,nwpu_positive_570,train,4,baseball_diamond,414,37,561,155,17346,892,489,rgb,,162,1.383,False,0.661
nwpu_positive_570_002,nwpu_positive_570,train,4,baseball_diamond,596,225,732,348,16728,892,489,rgb,,150,1.493,False,0.743
nwpu_positive_570_003,nwpu_positive_570,train,6,basketball_court,401,200,448,273,3431,892,489,rgb,,80,2.8,False,0.536
nwpu_positive_570_004,nwpu_positive_570,train,6,basketball_court,459,201,506,272,3337,892,489,rgb,,78,2.872,False,0.548
nwpu_positive_570_005,nwpu_positive_570,train,5,tennis_court,401,297,438,365,2516,892,489,rgb,,75,2.987,False,0.447
nwpu_positive_570_006,nwpu_positive_570,train,5,tennis_court,443,296,479,363,2412,892,489,rgb,,74,3.027,False,0.44
nwpu_positive_570_007,nwpu_positive_570,train,5,tennis_court,485,295,521,363,2448,892,489,rgb,,75,2.987,False,0.435
nwpu_positive_571_000,nwpu_positive_571,train,6,basketball_court,250,200,290,248,1920,854,597,rgb,,53,4.226,False,0.684
nwpu_positive_571_001,nwpu_positive_571,train,6,basketball_court,292,200,332,250,2000,854,597,rgb,,55,4.073,False,0.661
nwpu_positive_572_000,nwpu_positive_572,train,4,baseball_diamond,199,335,264,402,4355,886,542,rgb,,74,3.027,False,0.795
nwpu_positive_572_001,nwpu_positive_572,train,4,baseball_diamond,359,248,456,329,7857,886,542,rgb,,107,2.093,False,0.686
nwpu_positive_572_002,nwpu_positive_572,train,7,ground_track_field,476,127,756,304,49560,886,542,rgb,,308,0.727,False,0.522
nwpu_positive_573_000,nwpu_positive_573,train,4,baseball_diamond,124,125,183,186,3599,844,528,rgb,,67,3.343,False,0.802
nwpu_positive_573_001,nwpu_positive_573,train,7,ground_track_field,432,260,677,385,30625,844,528,rgb,,270,0.83,False,0.42
nwpu_positive_573_002,nwpu_positive_573,train,4,baseball_diamond,688,272,740,323,2652,844,528,rgb,,57,3.93,False,0.816
nwpu_positive_574_000,nwpu_positive_574,train,1,airplane,68,289,133,347,3770,1032,586,rgb,,72,3.111,False,0.727
nwpu_positive_574_001,nwpu_positive_574,train,1,airplane,271,202,319,255,2544,1032,586,rgb,,58,3.862,False,0.756
nwpu_positive_574_002,nwpu_positive_574,train,1,airplane,302,18,350,69,2448,1032,586,rgb,,56,4.0,False,0.781
nwpu_positive_574_003,nwpu_positive_574,train,1,airplane,381,15,429,64,2352,1032,586,rgb,,54,4.148,False,0.807
nwpu_positive_574_004,nwpu_positive_574,train,1,airplane,706,97,764,148,2958,1032,586,rgb,,64,3.5,False,0.722
nwpu_positive_574_005,nwpu_positive_574,train,1,airplane,591,351,653,402,3162,1032,586,rgb,,68,3.294,False,0.684
nwpu_positive_574_006,nwpu_positive_574,train,1,airplane,830,308,899,365,3933,1032,586,rgb,,76,2.947,False,0.681
nwpu_positive_574_007,nwpu_positive_574,train,1,airplane,861,393,944,455,5146,1032,586,rgb,,91,2.462,False,0.621
nwpu_positive_574_008,nwpu_positive_574,train,1,airplane,811,455,883,536,5832,1032,586,rgb,,89,2.517,False,0.736
nwpu_positive_575_000,nwpu_positive_575,val,4,baseball_diamond,236,173,309,232,4307,808,551,rgb,,80,2.8,False,0.673
nwpu_positive_575_001,nwpu_positive_575,val,4,baseball_diamond,264,379,388,479,12400,808,551,rgb,,136,1.647,False,0.67
nwpu_positive_575_002,nwpu_positive_575,val,7,ground_track_field,340,42,566,295,57178,808,551,rgb,,278,0.806,False,0.74
nwpu_positive_576_000,nwpu_positive_576,train,4,baseball_diamond,318,111,402,176,5460,933,520,rgb,,92,2.435,False,0.645
nwpu_positive_576_001,nwpu_positive_576,train,4,baseball_diamond,348,267,433,342,6375,933,520,rgb,,94,2.383,False,0.721
nwpu_positive_576_002,nwpu_positive_576,train,4,baseball_diamond,209,291,296,370,6873,933,520,rgb,,96,2.333,False,0.746
nwpu_positive_576_003,nwpu_positive_576,train,7,ground_track_field,84,113,292,355,50336,933,520,rgb,,266,0.842,False,0.711
nwpu_positive_577_000,nwpu_positive_577,train,4,baseball_diamond,402,174,455,219,2385,955,526,rgb,,58,3.862,False,0.709
nwpu_positive_577_001,nwpu_positive_577,train,4,baseball_diamond,475,177,518,215,1634,955,526,rgb,,47,4.766,False,0.74
nwpu_positive_577_002,nwpu_positive_577,train,4,baseball_diamond,388,236,460,297,4392,955,526,rgb,,79,2.835,False,0.704
nwpu_positive_577_003,nwpu_positive_577,train,4,baseball_diamond,478,226,549,291,4615,955,526,rgb,,78,2.872,False,0.759
nwpu_positive_578_000,nwpu_positive_578,train,4,baseball_diamond,585,184,665,256,5760,972,557,rgb,,88,2.545,False,0.744
nwpu_positive_578_001,nwpu_positive_578,train,4,baseball_diamond,207,246,360,364,18054,972,557,rgb,,168,1.333,False,0.64
nwpu_positive_578_002,nwpu_positive_578,train,4,baseball_diamond,746,223,837,298,6825,972,557,rgb,,100,2.24,False,0.682
nwpu_positive_578_003,nwpu_positive_578,train,4,baseball_diamond,197,48,277,107,4720,972,557,rgb,,88,2.545,False,0.61
nwpu_positive_578_004,nwpu_positive_578,train,5,tennis_court,379,340,439,407,4020,972,557,rgb,,74,3.027,False,0.734
nwpu_positive_578_005,nwpu_positive_578,train,5,tennis_court,419,351,476,422,4047,972,557,rgb,,78,2.872,False,0.665
nwpu_positive_579_000,nwpu_positive_579,train,4,baseball_diamond,174,157,256,223,5412,896,552,rgb,,90,2.489,False,0.668
nwpu_positive_579_001,nwpu_positive_579,train,4,baseball_diamond,435,92,543,184,9936,896,552,rgb,,119,1.882,False,0.702
nwpu_positive_579_002,nwpu_positive_579,train,4,baseball_diamond,241,313,318,380,5159,896,552,rgb,,85,2.635,False,0.714
nwpu_positive_579_003,nwpu_positive_579,train,4,baseball_diamond,502,315,574,380,4680,896,552,rgb,,79,2.835,False,0.75
nwpu_positive_579_004,nwpu_positive_579,train,6,basketball_court,28,322,75,388,3102,896,552,rgb,,73,3.068,False,0.582
nwpu_positive_579_005,nwpu_positive_579,train,6,basketball_court,67,323,113,387,2944,896,552,rgb,,70,3.2,False,0.601
nwpu_positive_579_006,nwpu_positive_579,train,7,ground_track_field,603,15,830,104,20203,896,552,rgb,,250,0.896,False,0.323
nwpu_positive_580_000,nwpu_positive_580,val,4,baseball_diamond,603,38,675,102,4608,942,543,rgb,,79,2.835,False,0.738
nwpu_positive_580_001,nwpu_positive_580,val,4,baseball_diamond,745,127,809,190,4032,942,543,rgb,,70,3.2,False,0.823
nwpu_positive_580_002,nwpu_positive_580,val,4,baseball_diamond,470,98,552,169,5822,942,543,rgb,,90,2.489,False,0.719
nwpu_positive_580_003,nwpu_positive_580,val,4,baseball_diamond,412,265,494,339,6068,942,543,rgb,,90,2.489,False,0.749
nwpu_positive_580_004,nwpu_positive_580,val,4,baseball_diamond,125,265,260,399,18090,942,543,rgb,,148,1.514,False,0.826
nwpu_positive_581_000,nwpu_positive_581,train,4,baseball_diamond,63,188,131,252,4352,819,460,rgb,,75,2.987,False,0.774
nwpu_positive_581_001,nwpu_positive_581,train,7,ground_track_field,57,27,294,133,25122,819,460,rgb,,261,0.858,False,0.369
nwpu_positive_582_000,nwpu_positive_582,train,4,baseball_diamond,263,69,345,133,5248,1078,558,rgb,,90,2.489,False,0.648
nwpu_positive_582_001,nwpu_positive_582,train,9,bridge,553,73,742,268,36855,1078,558,rgb,,215,1.042,False,0.797
nwpu_positive_582_002,nwpu_positive_582,train,4,baseball_diamond,898,314,996,395,7938,1078,558,rgb,,108,2.074,False,0.681
nwpu_positive_582_003,nwpu_positive_582,train,7,ground_track_field,95,202,320,446,54900,1078,558,rgb,,268,0.836,False,0.764
nwpu_positive_583_000,nwpu_positive_583,train,9,bridge,378,95,553,180,14875,857,547,rgb,,193,1.161,False,0.399
nwpu_positive_583_001,nwpu_positive_583,train,9,bridge,436,323,551,394,8165,857,547,rgb,,127,1.764,False,0.506
nwpu_positive_584_000,nwpu_positive_584,val,4,baseball_diamond,210,199,287,263,4928,882,537,rgb,,85,2.635,False,0.682
nwpu_positive_584_001,nwpu_positive_584,val,4,baseball_diamond,400,241,448,282,1968,882,537,rgb,,53,4.226,False,0.701
nwpu_positive_584_002,nwpu_positive_584,val,4,baseball_diamond,655,40,734,100,4740,882,537,rgb,,87,2.575,False,0.626
nwpu_positive_584_003,nwpu_positive_584,val,4,baseball_diamond,730,126,791,171,2745,882,537,rgb,,67,3.343,False,0.611
nwpu_positive_584_004,nwpu_positive_584,val,4,baseball_diamond,57,348,117,398,3000,882,537,rgb,,66,3.394,False,0.689
nwpu_positive_585_000,nwpu_positive_585,train,9,bridge,260,132,385,206,9250,796,542,rgb,,138,1.623,False,0.486
nwpu_positive_586_000,nwpu_positive_586,train,4,baseball_diamond,107,138,225,242,12272,813,517,rgb,,130,1.723,False,0.726
nwpu_positive_586_001,nwpu_positive_586,train,4,baseball_diamond,305,149,399,224,7050,813,517,rgb,,103,2.175,False,0.665
nwpu_positive_586_002,nwpu_positive_586,train,4,baseball_diamond,583,186,669,260,6364,813,517,rgb,,95,2.358,False,0.705
nwpu_positive_586_003,nwpu_positive_586,train,5,tennis_court,452,167,527,203,2700,813,517,rgb,,82,2.732,False,0.402
nwpu_positive_586_004,nwpu_positive_586,train,5,tennis_court,453,200,527,235,2590,813,517,rgb,,81,2.765,False,0.395
nwpu_positive_586_005,nwpu_positive_586,train,5,tennis_court,453,235,526,270,2555,813,517,rgb,,80,2.8,False,0.399
nwpu_positive_586_006,nwpu_positive_586,train,5,tennis_court,454,269,529,305,2700,813,517,rgb,,82,2.732,False,0.402
nwpu_positive_586_007,nwpu_positive_586,train,5,tennis_court,453,305,529,340,2660,813,517,rgb,,84,2.667,False,0.377
nwpu_positive_587_000,nwpu_positive_587,train,4,baseball_diamond,551,108,655,181,7592,886,553,rgb,,114,1.965,False,0.584
nwpu_positive_587_001,nwpu_positive_587,train,4,baseball_diamond,83,42,141,96,3132,886,553,rgb,,64,3.5,False,0.765
nwpu_positive_587_002,nwpu_positive_587,train,7,ground_track_field,283,200,613,530,108900,886,553,rgb,,363,0.617,False,0.826
nwpu_positive_588_000,nwpu_positive_588,train,7,ground_track_field,73,107,289,366,55944,867,517,rgb,,285,0.786,False,0.689
nwpu_positive_588_001,nwpu_positive_588,train,4,baseball_diamond,423,243,516,322,7347,867,517,rgb,,102,2.196,False,0.706
nwpu_positive_588_002,nwpu_positive_588,train,5,tennis_court,364,135,391,179,1188,867,517,rgb,,48,4.667,False,0.516
nwpu_positive_588_003,nwpu_positive_588,train,5,tennis_court,338,141,367,182,1189,867,517,rgb,,45,4.978,False,0.587
nwpu_positive_588_004,nwpu_positive_588,train,5,tennis_court,314,147,341,189,1134,867,517,rgb,,46,4.87,False,0.536
nwpu_positive_588_005,nwpu_positive_588,train,5,tennis_court,289,154,318,198,1276,867,517,rgb,,48,4.667,False,0.554
nwpu_positive_589_000,nwpu_positive_589,val,7,ground_track_field,363,172,740,325,57681,1042,551,rgb,,415,0.54,False,0.335
nwpu_positive_589_001,nwpu_positive_589,val,4,baseball_diamond,508,29,586,93,4992,1042,551,rgb,,86,2.605,False,0.675
nwpu_positive_589_002,nwpu_positive_589,val,4,baseball_diamond,676,13,774,87,7252,1042,551,rgb,,108,2.074,False,0.622
nwpu_positive_589_003,nwpu_positive_589,val,4,baseball_diamond,934,279,1012,350,5538,1042,551,rgb,,86,2.605,False,0.749
nwpu_positive_589_004,nwpu_positive_589,val,4,baseball_diamond,234,186,298,244,3712,1042,551,rgb,,70,3.2,False,0.758
nwpu_positive_589_005,nwpu_positive_589,val,4,baseball_diamond,112,368,218,461,9858,1042,551,rgb,,117,1.915,False,0.72
nwpu_positive_589_006,nwpu_positive_589,val,5,tennis_court,741,201,800,229,1652,1042,551,rgb,,65,3.446,False,0.391
nwpu_positive_589_007,nwpu_positive_589,val,5,tennis_court,748,224,804,251,1512,1042,551,rgb,,62,3.613,False,0.393
nwpu_positive_589_008,nwpu_positive_589,val,5,tennis_court,755,244,813,277,1914,1042,551,rgb,,64,3.5,False,0.467
nwpu_positive_589_009,nwpu_positive_589,val,5,tennis_court,763,271,822,301,1770,1042,551,rgb,,65,3.446,False,0.419
nwpu_positive_590_000,nwpu_positive_590,train,4,baseball_diamond,216,41,318,123,8364,812,533,rgb,,112,2.0,False,0.667
nwpu_positive_590_001,nwpu_positive_590,train,7,ground_track_field,300,94,487,422,61336,812,533,rgb,,361,0.62,False,0.471
nwpu_positive_591_000,nwpu_positive_591,train,7,ground_track_field,241,78,425,406,60352,874,443,rgb,,361,0.62,False,0.463
nwpu_positive_592_000,nwpu_positive_592,train,4,baseball_diamond,451,36,552,116,8080,831,540,rgb,,111,2.018,False,0.656
nwpu_positive_592_001,nwpu_positive_592,train,4,baseball_diamond,668,414,740,480,4752,831,540,rgb,,79,2.835,False,0.761
nwpu_positive_592_002,nwpu_positive_592,train,7,ground_track_field,239,91,468,380,66181,831,540,rgb,,318,0.704,False,0.654
nwpu_positive_593_000,nwpu_positive_593,val,4,baseball_diamond,806,275,927,391,14036,979,541,rgb,,133,1.684,False,0.793
nwpu_positive_593_001,nwpu_positive_593,val,5,tennis_court,432,180,512,268,7040,979,541,rgb,,97,2.309,False,0.748
nwpu_positive_593_002,nwpu_positive_593,val,5,tennis_court,386,207,465,296,7031,979,541,rgb,,98,2.286,False,0.732
nwpu_positive_593_003,nwpu_positive_593,val,6,basketball_court,506,286,616,395,11990,979,541,rgb,,121,1.851,False,0.819
nwpu_positive_593_004,nwpu_positive_593,val,6,basketball_court,445,319,554,436,12753,979,541,rgb,,129,1.736,False,0.766
nwpu_positive_594_000,nwpu_positive_594,train,7,ground_track_field,344,129,516,423,50568,874,535,rgb,,323,0.693,False,0.485
nwpu_positive_594_001,nwpu_positive_594,train,4,baseball_diamond,210,84,293,158,6142,874,535,rgb,,91,2.462,False,0.742
nwpu_positive_594_002,nwpu_positive_594,train,4,baseball_diamond,78,253,174,347,9024,874,535,rgb,,106,2.113,False,0.803
nwpu_positive_595_000,nwpu_positive_595,train,4,baseball_diamond,725,21,798,77,4088,951,555,rgb,,80,2.8,False,0.639
nwpu_positive_595_001,nwpu_positive_595,train,4,baseball_diamond,528,83,597,136,3657,951,555,rgb,,76,2.947,False,0.633
nwpu_positive_595_002,nwpu_positive_595,train,4,baseball_diamond,365,202,467,291,9078,951,555,rgb,,112,2.0,False,0.724
nwpu_positive_595_003,nwpu_positive_595,train,4,baseball_diamond,446,371,522,443,5472,951,555,rgb,,84,2.667,False,0.776
nwpu_positive_595_004,nwpu_positive_595,train,4,baseball_diamond,96,240,171,315,5625,951,555,rgb,,82,2.732,False,0.837
nwpu_positive_595_005,nwpu_positive_595,train,4,baseball_diamond,328,406,397,475,4761,951,555,rgb,,76,2.947,False,0.824
nwpu_positive_596_000,nwpu_positive_596,train,6,basketball_court,252,174,316,262,5632,863,558,rgb,,97,2.309,False,0.599
nwpu_positive_596_001,nwpu_positive_596,train,5,tennis_court,462,166,511,252,4214,863,558,rgb,,95,2.358,False,0.467
nwpu_positive_596_002,nwpu_positive_596,train,5,tennis_court,516,166,570,250,4536,863,558,rgb,,92,2.435,False,0.536
nwpu_positive_596_003,nwpu_positive_596,train,5,tennis_court,569,166,626,251,4845,863,558,rgb,,94,2.383,False,0.548
nwpu_positive_596_004,nwpu_positive_596,train,5,tennis_court,624,165,683,251,5074,863,558,rgb,,95,2.358,False,0.562
nwpu_positive_597_000,nwpu_positive_597,train,7,ground_track_field,416,44,612,378,65464,756,503,rgb,,367,0.61,False,0.486
nwpu_positive_597_001,nwpu_positive_597,train,4,baseball_diamond,608,49,682,108,4366,756,503,rgb,,81,2.765,False,0.665
nwpu_positive_598_000,nwpu_positive_598,train,4,baseball_diamond,310,125,393,199,6142,781,536,rgb,,91,2.462,False,0.742
nwpu_positive_598_001,nwpu_positive_598,train,4,baseball_diamond,335,211,388,257,2438,781,536,rgb,,58,3.862,False,0.725
nwpu_positive_598_002,nwpu_positive_598,train,4,baseball_diamond,154,176,237,246,5810,781,536,rgb,,91,2.462,False,0.702
nwpu_positive_598_003,nwpu_positive_598,train,4,baseball_diamond,221,251,272,302,2601,781,536,rgb,,56,4.0,False,0.829
nwpu_positive_598_004,nwpu_positive_598,train,4,baseball_diamond,319,312,370,361,2499,781,536,rgb,,56,4.0,False,0.797
nwpu_positive_599_000,nwpu_positive_599,train,7,ground_track_field,229,77,425,447,72520,846,536,rgb,,407,0.55,False,0.438
nwpu_positive_599_001,nwpu_positive_599,train,4,baseball_diamond,485,89,595,186,10670,846,536,rgb,,121,1.851,False,0.729
nwpu_positive_600_000,nwpu_positive_600,train,7,ground_track_field,304,120,573,406,76934,818,539,rgb,,315,0.711,False,0.775
nwpu_positive_601_000,nwpu_positive_601,val,7,ground_track_field,211,104,425,383,59706,885,540,rgb,,307,0.73,False,0.633
nwpu_positive_603_000,nwpu_positive_603,train,4,baseball_diamond,222,77,286,131,3456,918,556,rgb,,70,3.2,False,0.705
nwpu_positive_603_001,nwpu_positive_603,train,4,baseball_diamond,455,175,531,237,4712,918,556,rgb,,84,2.667,False,0.668
nwpu_positive_603_002,nwpu_positive_603,train,4,baseball_diamond,557,135,663,225,9540,918,556,rgb,,117,1.915,False,0.697
nwpu_positive_603_003,nwpu_positive_603,train,4,baseball_diamond,580,250,656,314,4864,918,556,rgb,,84,2.667,False,0.689
nwpu_positive_603_004,nwpu_positive_603,train,4,baseball_diamond,476,267,549,334,4891,918,556,rgb,,80,2.8,False,0.764
nwpu_positive_603_005,nwpu_positive_603,train,4,baseball_diamond,233,209,314,276,5427,918,556,rgb,,89,2.517,False,0.685
nwpu_positive_603_006,nwpu_positive_603,train,4,baseball_diamond,240,314,364,423,13516,918,556,rgb,,136,1.647,False,0.731
nwpu_positive_603_007,nwpu_positive_603,train,4,baseball_diamond,627,376,683,432,3136,918,556,rgb,,62,3.613,False,0.816
nwpu_positive_604_000,nwpu_positive_604,train,6,basketball_court,292,201,386,240,3666,775,568,rgb,,103,2.175,False,0.346
nwpu_positive_604_001,nwpu_positive_604,train,6,basketball_court,290,236,387,275,3783,775,568,rgb,,107,2.093,False,0.33
nwpu_positive_604_002,nwpu_positive_604,train,9,bridge,296,16,352,86,3920,775,568,rgb,,77,2.909,False,0.661
nwpu_positive_604_003,nwpu_positive_604,train,9,bridge,653,36,680,111,2025,775,568,rgb,,82,2.732,False,0.301
nwpu_positive_605_000,nwpu_positive_605,train,7,ground_track_field,408,66,746,278,71656,876,536,rgb,,372,0.602,False,0.518
nwpu_positive_605_001,nwpu_positive_605,train,4,baseball_diamond,274,210,394,304,11280,876,536,rgb,,132,1.697,False,0.647
nwpu_positive_605_002,nwpu_positive_605,train,4,baseball_diamond,78,310,167,391,7209,876,536,rgb,,98,2.286,False,0.751
nwpu_positive_607_000,nwpu_positive_607,val,5,tennis_court,313,150,348,208,2030,946,556,rgb,,64,3.5,False,0.496
nwpu_positive_607_001,nwpu_positive_607,val,5,tennis_court,351,154,388,209,2035,946,556,rgb,,61,3.672,False,0.547
nwpu_positive_607_002,nwpu_positive_607,val,5,tennis_court,390,155,426,210,1980,946,556,rgb,,61,3.672,False,0.532
nwpu_positive_607_003,nwpu_positive_607,val,5,tennis_court,296,228,333,288,2220,946,556,rgb,,66,3.394,False,0.51
nwpu_positive_607_004,nwpu_positive_607,val,5,tennis_court,337,231,371,290,2006,946,556,rgb,,65,3.446,False,0.475
nwpu_positive_607_005,nwpu_positive_607,val,5,tennis_court,376,233,411,292,2065,946,556,rgb,,65,3.446,False,0.489
nwpu_positive_607_006,nwpu_positive_607,val,5,tennis_court,570,258,605,323,2275,946,556,rgb,,72,3.111,False,0.439
nwpu_positive_607_007,nwpu_positive_607,val,5,tennis_court,604,261,642,324,2394,946,556,rgb,,69,3.246,False,0.503
nwpu_positive_607_008,nwpu_positive_607,val,6,basketball_court,648,275,692,335,2640,946,556,rgb,,66,3.394,False,0.606
nwpu_positive_609_000,nwpu_positive_609,train,7,ground_track_field,114,126,627,366,123120,1078,555,rgb,,555,0.404,False,0.4
nwpu_positive_609_001,nwpu_positive_609,train,6,basketball_court,841,147,932,188,3731,1078,555,rgb,,100,2.24,False,0.373
nwpu_positive_609_002,nwpu_positive_609,train,6,basketball_court,852,186,948,230,4224,1078,555,rgb,,106,2.113,False,0.376
nwpu_positive_609_003,nwpu_positive_609,train,5,tennis_court,878,238,959,275,2997,1078,555,rgb,,89,2.517,False,0.378
nwpu_positive_609_004,nwpu_positive_609,train,5,tennis_court,890,284,973,321,3071,1078,555,rgb,,91,2.462,False,0.371
nwpu_positive_610_000,nwpu_positive_610,val,5,tennis_court,395,126,485,205,7110,809,531,rgb,,99,2.263,False,0.725
nwpu_positive_610_001,nwpu_positive_610,val,6,basketball_court,298,191,415,289,11466,809,531,rgb,,129,1.736,False,0.689
nwpu_positive_611_000,nwpu_positive_611,train,7,ground_track_field,198,13,663,308,137175,888,555,rgb,,512,0.438,False,0.523
nwpu_positive_611_001,nwpu_positive_611,train,4,baseball_diamond,680,226,787,325,10593,888,555,rgb,,118,1.898,False,0.761
nwpu_positive_611_002,nwpu_positive_611,train,4,baseball_diamond,70,150,231,274,19964,888,555,rgb,,177,1.266,False,0.637
nwpu_positive_611_003,nwpu_positive_611,train,6,basketball_court,665,422,759,489,6298,888,555,rgb,,103,2.175,False,0.594
nwpu_positive_611_004,nwpu_positive_611,train,6,basketball_court,754,436,854,509,7300,888,555,rgb,,110,2.036,False,0.603
nwpu_positive_614_000,nwpu_positive_614,train,4,baseball_diamond,624,78,713,149,6319,880,524,rgb,,98,2.286,False,0.658
nwpu_positive_614_001,nwpu_positive_614,train,4,baseball_diamond,802,111,864,157,2852,880,524,rgb,,68,3.294,False,0.617
nwpu_positive_614_002,nwpu_positive_614,train,4,baseball_diamond,320,75,381,124,2989,880,524,rgb,,67,3.343,False,0.666
nwpu_positive_614_003,nwpu_positive_614,train,7,ground_track_field,220,134,393,410,47748,880,524,rgb,,304,0.737,False,0.517
nwpu_positive_615_000,nwpu_positive_615,val,4,baseball_diamond,691,143,811,248,12600,948,540,rgb,,132,1.697,False,0.723
nwpu_positive_615_001,nwpu_positive_615,val,5,tennis_court,315,266,363,343,3696,948,540,rgb,,85,2.635,False,0.512
nwpu_positive_615_002,nwpu_positive_615,val,5,tennis_court,267,263,317,340,3850,948,540,rgb,,85,2.635,False,0.533
nwpu_positive_615_003,nwpu_positive_615,val,5,tennis_court,221,261,266,340,3555,948,540,rgb,,87,2.575,False,0.47
nwpu_positive_615_004,nwpu_positive_615,val,6,basketball_court,163,256,226,342,5418,948,540,rgb,,95,2.358,False,0.6
nwpu_positive_616_000,nwpu_positive_616,train,4,baseball_diamond,555,145,653,214,6762,946,533,rgb,,108,2.074,False,0.58
nwpu_positive_616_001,nwpu_positive_616,train,7,ground_track_field,187,179,509,343,52808,946,533,rgb,,354,0.633,False,0.421
nwpu_positive_617_000,nwpu_positive_617,train,4,baseball_diamond,313,44,400,111,5829,926,532,rgb,,96,2.333,False,0.632
nwpu_positive_617_001,nwpu_positive_617,train,7,ground_track_field,303,130,481,391,46458,926,532,rgb,,287,0.78,False,0.564
nwpu_positive_618_000,nwpu_positive_618,train,5,tennis_court,170,313,209,381,2652,939,564,rgb,,75,2.987,False,0.471
nwpu_positive_618_001,nwpu_positive_618,train,5,tennis_court,212,314,252,382,2720,939,564,rgb,,75,2.987,False,0.484
nwpu_positive_618_002,nwpu_positive_618,train,5,tennis_court,137,447,179,523,3192,939,564,rgb,,84,2.667,False,0.452
nwpu_positive_618_003,nwpu_positive_618,train,5,tennis_court,181,449,226,524,3375,939,564,rgb,,82,2.732,False,0.502
nwpu_positive_618_004,nwpu_positive_618,train,6,basketball_court,498,169,576,211,3276,939,564,rgb,,86,2.605,False,0.443
nwpu_positive_618_005,nwpu_positive_618,train,6,basketball_court,521,70,571,131,3050,939,564,rgb,,67,3.343,False,0.679
nwpu_positive_618_006,nwpu_positive_618,train,6,basketball_court,611,23,683,61,2736,939,564,rgb,,79,2.835,False,0.438
nwpu_positive_618_007,nwpu_positive_618,train,6,basketball_court,608,59,681,100,2993,939,564,rgb,,80,2.8,False,0.468
nwpu_positive_618_008,nwpu_positive_618,train,4,baseball_diamond,364,164,446,234,5740,939,564,rgb,,90,2.489,False,0.709
nwpu_positive_619_000,nwpu_positive_619,train,4,baseball_diamond,158,130,355,297,32899,914,562,rgb,,217,1.032,False,0.699
nwpu_positive_619_001,nwpu_positive_619,train,5,tennis_court,424,159,485,247,5368,914,562,rgb,,97,2.309,False,0.571
nwpu_positive_619_002,nwpu_positive_619,train,5,tennis_court,477,173,546,263,6210,914,562,rgb,,99,2.263,False,0.634
nwpu_positive_619_003,nwpu_positive_619,train,6,basketball_court,537,194,617,292,7840,914,562,rgb,,108,2.074,False,0.672
nwpu_positive_619_004,nwpu_positive_619,train,6,basketball_court,604,207,685,309,8262,914,562,rgb,,112,2.0,False,0.659
nwpu_positive_620_000,nwpu_positive_620,val,7,ground_track_field,315,108,591,417,85284,901,554,rgb,,340,0.659,False,0.738
nwpu_positive_621_000,nwpu_positive_621,train,7,ground_track_field,259,83,501,371,69696,825,538,rgb,,317,0.707,False,0.694
nwpu_positive_622_000,nwpu_positive_622,train,7,ground_track_field,331,114,615,421,87188,870,547,rgb,,338,0.663,False,0.763
nwpu_positive_623_000,nwpu_positive_623,train,7,ground_track_field,500,65,776,388,89148,936,551,rgb,,355,0.631,False,0.707
nwpu_positive_623_001,nwpu_positive_623,train,4,baseball_diamond,135,25,212,89,4928,936,551,rgb,,85,2.635,False,0.682
nwpu_positive_623_002,nwpu_positive_623,train,4,baseball_diamond,343,27,442,112,8415,936,551,rgb,,109,2.055,False,0.708
nwpu_positive_623_003,nwpu_positive_623,train,4,baseball_diamond,236,93,330,171,7332,936,551,rgb,,103,2.175,False,0.691
nwpu_positive_623_004,nwpu_positive_623,train,4,baseball_diamond,324,273,454,380,13910,936,551,rgb,,143,1.566,False,0.68
nwpu_positive_624_000,nwpu_positive_624,train,8,harbor,81,106,162,203,7857,1074,452,rgb,,107,2.093,False,0.686
nwpu_positive_624_001,nwpu_positive_624,train,8,harbor,194,106,264,199,6510,1074,452,rgb,,102,2.196,False,0.626
nwpu_positive_624_002,nwpu_positive_624,train,8,harbor,304,100,371,184,5628,1074,452,rgb,,92,2.435,False,0.665
nwpu_positive_624_003,nwpu_positive_624,train,8,harbor,394,97,453,190,5487,1074,452,rgb,,102,2.196,False,0.527
nwpu_positive_624_004,nwpu_positive_624,train,8,harbor,488,104,546,192,5104,1074,452,rgb,,97,2.309,False,0.542
nwpu_positive_624_005,nwpu_positive_624,train,8,harbor,649,100,734,212,9520,1074,452,rgb,,123,1.821,False,0.629
nwpu_positive_624_006,nwpu_positive_624,train,8,harbor,795,110,874,214,8216,1074,452,rgb,,114,1.965,False,0.632
nwpu_positive_624_007,nwpu_positive_624,train,8,harbor,925,113,1006,220,8667,1074,452,rgb,,118,1.898,False,0.622
nwpu_positive_625_000,nwpu_positive_625,train,7,ground_track_field,538,56,741,405,70847,786,536,rgb,,384,0.583,False,0.48
nwpu_positive_625_001,nwpu_positive_625,train,4,baseball_diamond,125,219,240,323,11960,786,536,rgb,,127,1.764,False,0.742
nwpu_positive_626_000,nwpu_positive_626,train,9,bridge,450,126,654,208,16728,811,535,rgb,,224,1.0,False,0.333
nwpu_positive_627_000,nwpu_positive_627,val,7,ground_track_field,165,86,509,315,78776,863,538,rgb,,378,0.593,False,0.551
nwpu_positive_628_000,nwpu_positive_628,train,7,ground_track_field,26,79,212,391,58032,961,559,rgb,,343,0.653,False,0.493
nwpu_positive_628_001,nwpu_positive_628,train,5,tennis_court,78,4,108,50,1380,961,559,rgb,,51,4.392,False,0.531
nwpu_positive_628_002,nwpu_positive_628,train,5,tennis_court,51,2,82,49,1457,961,559,rgb,,52,4.308,False,0.539
nwpu_positive_628_003,nwpu_positive_628,train,5,tennis_court,23,3,55,49,1472,961,559,rgb,,51,4.392,False,0.566
nwpu_positive_628_004,nwpu_positive_628,train,9,bridge,446,242,784,458,73008,961,559,rgb,,372,0.602,False,0.528
nwpu_positive_629_000,nwpu_positive_629,train,7,ground_track_field,244,142,496,323,45612,848,540,rgb,,277,0.809,False,0.594
nwpu_positive_629_001,nwpu_positive_629,train,4,baseball_diamond,436,52,505,108,3864,848,540,rgb,,76,2.947,False,0.669
nwpu_positive_630_000,nwpu_positive_630,train,7,ground_track_field,300,51,495,287,46020,854,533,rgb,,260,0.862,False,0.681
nwpu_positive_630_001,nwpu_positive_630,train,4,baseball_diamond,365,319,458,405,7998,854,533,rgb,,102,2.196,False,0.769
nwpu_positive_631_000,nwpu_positive_631,train,4,baseball_diamond,559,120,665,202,8692,908,554,rgb,,117,1.915,False,0.635
nwpu_positive_631_001,nwpu_positive_631,train,4,baseball_diamond,697,144,787,222,7020,908,554,rgb,,99,2.263,False,0.716
nwpu_positive_631_002,nwpu_positive_631,train,4,baseball_diamond,494,283,607,381,11074,908,554,rgb,,124,1.806,False,0.72
nwpu_positive_631_003,nwpu_positive_631,train,4,baseball_diamond,85,269,212,383,14478,908,554,rgb,,140,1.6,False,0.739
nwpu_positive_631_004,nwpu_positive_631,train,6,basketball_court,419,171,479,244,4380,908,554,rgb,,80,2.8,False,0.684
nwpu_positive_631_005,nwpu_positive_631,train,5,tennis_court,322,167,405,205,3154,908,554,rgb,,91,2.462,False,0.381
nwpu_positive_631_006,nwpu_positive_631,train,5,tennis_court,318,205,404,242,3182,908,554,rgb,,95,2.358,False,0.353
nwpu_positive_631_007,nwpu_positive_631,train,5,tennis_court,207,167,294,201,2958,908,554,rgb,,96,2.333,False,0.321
nwpu_positive_631_008,nwpu_positive_631,train,5,tennis_court,201,203,288,239,3132,908,554,rgb,,96,2.333,False,0.34
nwpu_positive_632_000,nwpu_positive_632,train,7,ground_track_field,496,81,727,401,73920,946,527,rgb,,352,0.636,False,0.597
nwpu_positive_632_001,nwpu_positive_632,train,4,baseball_diamond,352,231,435,303,5976,946,527,rgb,,91,2.462,False,0.722
nwpu_positive_632_002,nwpu_positive_632,train,4,baseball_diamond,431,389,518,470,7047,946,527,rgb,,96,2.333,False,0.765
nwpu_positive_632_003,nwpu_positive_632,train,4,baseball_diamond,83,268,195,369,11312,946,527,rgb,,123,1.821,False,0.748
nwpu_positive_633_000,nwpu_positive_633,val,7,ground_track_field,236,73,380,375,43488,846,527,rgb,,332,0.675,False,0.395
nwpu_positive_633_001,nwpu_positive_633,val,4,baseball_diamond,405,305,497,394,8188,846,527,rgb,,101,2.218,False,0.803
nwpu_positive_633_002,nwpu_positive_633,val,4,baseball_diamond,254,378,320,442,4224,846,527,rgb,,73,3.068,False,0.793
nwpu_positive_634_000,nwpu_positive_634,train,4,baseball_diamond,647,67,760,171,11752,960,530,rgb,,124,1.806,False,0.764
nwpu_positive_634_001,nwpu_positive_634,train,7,ground_track_field,177,15,485,380,112420,960,530,rgb,,402,0.557,False,0.696
nwpu_positive_636_000,nwpu_positive_636,train,6,basketball_court,370,191,475,254,6615,683,573,rgb,,116,1.931,False,0.492
nwpu_positive_636_001,nwpu_positive_636,train,6,basketball_court,363,244,468,307,6615,683,573,rgb,,116,1.931,False,0.492
nwpu_positive_638_000,nwpu_positive_638,train,9,bridge,148,83,437,174,26299,805,543,rgb,,318,0.704,False,0.26
nwpu_positive_638_001,nwpu_positive_638,train,9,bridge,192,233,394,324,18382,805,543,rgb,,222,1.009,False,0.373
nwpu_positive_639_000,nwpu_positive_639,val,7,ground_track_field,295,35,550,293,65790,908,518,rgb,,284,0.789,False,0.816
nwpu_positive_639_001,nwpu_positive_639,val,4,baseball_diamond,455,319,556,416,9797,908,518,rgb,,111,2.018,False,0.795
nwpu_positive_641_000,nwpu_positive_641,train,4,baseball_diamond,547,39,618,94,3905,928,540,rgb,,78,2.872,False,0.642
nwpu_positive_641_001,nwpu_positive_641,train,4,baseball_diamond,640,272,776,385,15368,928,540,rgb,,150,1.493,False,0.683
nwpu_positive_641_002,nwpu_positive_641,train,7,ground_track_field,223,71,559,352,94416,928,540,rgb,,370,0.605,False,0.69
nwpu_positive_642_000,nwpu_positive_642,train,7,ground_track_field,290,31,575,308,78945,863,536,rgb,,314,0.713,False,0.801
nwpu_positive_643_000,nwpu_positive_643,train,5,tennis_court,277,161,322,244,3735,758,548,rgb,,91,2.462,False,0.451
nwpu_positive_643_001,nwpu_positive_643,train,5,tennis_court,325,164,374,247,4067,758,548,rgb,,91,2.462,False,0.491
nwpu_positive_643_002,nwpu_positive_643,train,5,tennis_court,377,167,426,250,4067,758,548,rgb,,91,2.462,False,0.491
nwpu_positive_643_003,nwpu_positive_643,train,6,basketball_court,443,165,508,264,6435,758,548,rgb,,109,2.055,False,0.542
nwpu_positive_644_000,nwpu_positive_644,train,4,baseball_diamond,719,122,799,196,5920,859,537,rgb,,88,2.545,False,0.764
nwpu_positive_644_001,nwpu_positive_644,train,4,baseball_diamond,723,275,826,372,9991,859,537,rgb,,113,1.982,False,0.782
nwpu_positive_644_002,nwpu_positive_644,train,7,ground_track_field,390,69,637,396,80769,859,537,rgb,,360,0.622,False,0.623
nwpu_positive_645_000,nwpu_positive_645,train,4,baseball_diamond,648,184,738,268,7560,825,512,rgb,,99,2.263,False,0.771
nwpu_positive_645_001,nwpu_positive_645,train,7,ground_track_field,390,93,615,386,65925,825,512,rgb,,322,0.696,False,0.636
nwpu_positive_646_000,nwpu_positive_646,train,4,baseball_diamond,716,23,844,112,11392,892,503,rgb,,141,1.589,False,0.573
nwpu_positive_646_001,nwpu_positive_646,train,6,basketball_court,399,115,448,186,3479,892,503,rgb,,78,2.872,False,0.572
nwpu_positive_646_002,nwpu_positive_646,train,6,basketball_court,348,115,401,189,3922,892,503,rgb,,81,2.765,False,0.598
nwpu_positive_646_003,nwpu_positive_646,train,4,baseball_diamond,289,361,397,457,10368,892,503,rgb,,119,1.882,False,0.732
nwpu_positive_647_000,nwpu_positive_647,train,7,ground_track_field,159,80,364,469,79745,928,551,rgb,,428,0.523,False,0.435
nwpu_positive_647_001,nwpu_positive_647,train,4,baseball_diamond,478,283,551,354,5183,928,551,rgb,,80,2.8,False,0.81
nwpu_positive_648_000,nwpu_positive_648,val,4,baseball_diamond,399,20,478,82,4898,757,508,rgb,,87,2.575,False,0.647
nwpu_positive_648_001,nwpu_positive_648,val,4,baseball_diamond,458,164,551,243,7347,757,508,rgb,,102,2.196,False,0.706
nwpu_positive_648_002,nwpu_positive_648,val,4,baseball_diamond,635,423,711,493,5320,757,508,rgb,,84,2.667,False,0.754
nwpu_positive_648_003,nwpu_positive_648,val,7,ground_track_field,256,84,429,381,51381,757,508,rgb,,327,0.685,False,0.481
nwpu_positive_649_000,nwpu_positive_649,train,6,basketball_court,383,151,457,244,6882,835,559,rgb,,102,2.196,False,0.661
nwpu_positive_649_001,nwpu_positive_649,train,6,basketball_court,454,148,530,241,7068,835,559,rgb,,102,2.196,False,0.679
nwpu_positive_650_000,nwpu_positive_650,train,6,basketball_court,480,141,547,234,6231,923,537,rgb,,102,2.196,False,0.599
nwpu_positive_650_001,nwpu_positive_650,train,6,basketball_court,541,137,611,231,6580,923,537,rgb,,103,2.175,False,0.62
