crop_id,image_uid,split,class_id,class_name,xmin,ymin,xmax,ymax,area_px,image_width,image_height,sensor,iou,iou_band,skipped_reason,object_window_px,upsample_factor,high_upsample,box_fill
nwpu_positive_002_000,nwpu_positive_002,train,1,airplane,555,123,634,181,4587,950,806,rgb,0.4441,0.4-0.5,,87,2.575,False,0.606
nwpu_positive_002_001,nwpu_positive_002,train,1,airplane,81,301,139,358,3322,950,806,rgb,0.6172,0.6-0.7,,64,3.5,False,0.811
nwpu_positive_002_002,nwpu_positive_002,train,1,airplane,215,321,278,398,4841,950,806,rgb,0.6785,0.6-0.7,,85,2.635,False,0.67
nwpu_positive_002_003,nwpu_positive_002,train,1,airplane,297,362,351,413,2710,950,806,rgb,0.4945,0.4-0.5,,59,3.797,False,0.779
nwpu_positive_002_004,nwpu_positive_002,train,1,airplane,464,506,544,634,10171,950,806,rgb,0.6021,0.6-0.7,,141,1.589,False,0.512
nwpu_positive_002_005,nwpu_positive_002,train,1,airplane,563,634,651,717,7275,950,806,rgb,0.4141,0.4-0.5,,97,2.309,False,0.773
nwpu_positive_002_006,nwpu_positive_002,train,1,airplane,650,723,728,806,6517,950,806,rgb,0.4112,0.4-0.5,,91,2.462,False,0.787
nwpu_positive_003_000,nwpu_positive_003,train,1,airplane,102,240,181,325,6727,889,803,rgb,0.6285,0.6-0.7,,93,2.409,False,0.778
nwpu_positive_003_001,nwpu_positive_003,train,1,airplane,606,126,698,244,10902,889,803,rgb,0.4442,0.4-0.5,,130,1.723,False,0.645
nwpu_positive_003_002,nwpu_positive_003,train,1,airplane,742,397,813,482,6128,889,803,rgb,0.5113,0.5-0.6,,94,2.383,False,0.693
nwpu_positive_003_003,nwpu_positive_003,train,1,airplane,313,682,431,769,10257,889,803,rgb,0.6085,0.6-0.7,,130,1.723,False,0.607
nwpu_positive_003_004,nwpu_positive_003,train,1,airplane,432,693,562,803,14210,889,803,rgb,0.5449,0.5-0.6,,142,1.577,False,0.705
nwpu_positive_004_000,nwpu_positive_004,train,1,airplane,230,108,262,178,2296,946,732,rgb,0.5564,0.5-0.6,,77,2.909,False,0.387
nwpu_positive_004_001,nwpu_positive_004,train,1,airplane,305,136,366,205,4201,946,732,rgb,0.4723,0.4-0.5,,76,2.947,False,0.727
nwpu_positive_004_002,nwpu_positive_004,train,1,airplane,411,97,506,173,7188,946,732,rgb,0.5007,0.5-0.6,,104,2.154,False,0.665
nwpu_positive_004_003,nwpu_positive_004,train,1,airplane,366,356,461,431,7178,946,732,rgb,0.5263,0.5-0.6,,105,2.133,False,0.651
nwpu_positive_004_004,nwpu_positive_004,train,1,airplane,470,329,532,440,6958,946,732,rgb,0.6047,0.6-0.7,,122,1.836,False,0.468
nwpu_positive_004_005,nwpu_positive_004,train,1,airplane,95,318,206,406,9650,946,732,rgb,0.5086,0.5-0.6,,121,1.851,False,0.659
nwpu_positive_004_006,nwpu_positive_004,train,1,airplane,108,442,181,531,6478,946,732,rgb,0.5033,0.5-0.6,,98,2.286,False,0.675
nwpu_positive_005_000,nwpu_positive_005,val,1,airplane,393,590,447,641,2754,966,753,rgb,0.6101,0.6-0.7,,59,3.797,False,0.791
nwpu_positive_005_001,nwpu_positive_005,val,1,airplane,588,138,663,188,3728,966,753,rgb,0.6102,0.6-0.7,,82,2.732,False,0.554
nwpu_positive_006_000,nwpu_positive_006,val,1,airplane,136,427,179,477,2161,982,784,rgb,0.6371,0.6-0.7,,56,4.0,False,0.689
nwpu_positive_006_001,nwpu_positive_006,val,1,airplane,290,419,328,477,2201,982,784,rgb,0.5264,0.5-0.6,,63,3.556,False,0.554
nwpu_positive_006_002,nwpu_positive_006,val,1,airplane,372,356,438,408,3478,982,784,rgb,0.4736,0.4-0.5,,73,3.068,False,0.653
nwpu_positive_006_003,nwpu_positive_006,val,1,airplane,441,333,548,471,14787,982,784,rgb,0.5572,0.5-0.6,,152,1.474,False,0.64
nwpu_positive_006_004,nwpu_positive_006,val,1,airplane,619,177,697,244,5227,982,784,rgb,0.6482,0.6-0.7,,86,2.605,False,0.707
nwpu_positive_006_005,nwpu_positive_006,val,1,airplane,674,66,751,193,9648,982,784,rgb,0.574,0.5-0.6,,139,1.612,False,0.499
nwpu_positive_006_006,nwpu_positive_006,val,1,airplane,333,533,417,629,8056,982,784,rgb,0.4174,0.4-0.5,,105,2.133,False,0.731
nwpu_positive_006_007,nwpu_positive_006,val,1,airplane,469,684,554,778,8066,982,784,rgb,0.5779,0.5-0.6,,104,2.154,False,0.746
nwpu_positive_007_000,nwpu_positive_007,train,1,airplane,301,569,363,630,3786,985,769,rgb,0.5127,0.5-0.6,,69,3.246,False,0.795
nwpu_positive_007_001,nwpu_positive_007,train,1,airplane,359,473,424,571,6443,985,769,rgb,0.6017,0.6-0.7,,109,2.055,False,0.542
nwpu_positive_007_002,nwpu_positive_007,train,1,airplane,337,327,436,424,9678,985,769,rgb,0.5043,0.5-0.6,,109,2.055,False,0.815
nwpu_positive_007_003,nwpu_positive_007,train,1,airplane,573,170,652,275,8284,985,769,rgb,0.5358,0.5-0.6,,116,1.931,False,0.616
nwpu_positive_008_000,nwpu_positive_008,train,1,airplane,221,373,303,423,4054,980,765,rgb,0.4204,0.4-0.5,,90,2.489,False,0.501
nwpu_positive_008_001,nwpu_positive_008,train,1,airplane,221,413,294,481,4918,980,765,rgb,0.575,0.5-0.6,,80,2.8,False,0.768
nwpu_positive_008_002,nwpu_positive_008,train,1,airplane,315,487,382,573,5835,980,765,rgb,0.4349,0.4-0.5,,95,2.358,False,0.646
nwpu_positive_008_003,nwpu_positive_008,train,1,airplane,278,642,374,690,4609,980,765,rgb,0.4639,0.4-0.5,,106,2.113,False,0.41
nwpu_positive_009_000,nwpu_positive_009,val,1,airplane,167,210,250,248,3189,980,767,rgb,0.4163,0.4-0.5,,91,2.462,False,0.385
nwpu_positive_009_001,nwpu_positive_009,val,1,airplane,426,149,454,184,990,980,767,rgb,0.5928,0.5-0.6,,39,5.744,False,0.651
nwpu_positive_009_002,nwpu_positive_009,val,1,airplane,648,79,682,138,2039,980,767,rgb,0.474,0.4-0.5,,65,3.446,False,0.483
nwpu_positive_009_003,nwpu_positive_009,val,1,airplane,735,204,776,279,3089,980,767,rgb,0.4907,0.4-0.5,,82,2.732,False,0.459
nwpu_positive_009_004,nwpu_positive_009,val,1,airplane,620,492,676,566,4109,980,767,rgb,0.5808,0.5-0.6,,82,2.732,False,0.611
nwpu_positive_009_005,nwpu_positive_009,val,1,airplane,541,510,608,578,4518,980,767,rgb,0.6406,0.6-0.7,,74,3.027,False,0.825
nwpu_positive_010_000,nwpu_positive_010,val,1,airplane,205,56,259,97,2182,979,752,rgb,0.5706,0.5-0.6,,59,3.797,False,0.627
nwpu_positive_010_001,nwpu_positive_010,val,1,airplane,147,255,182,306,1790,979,752,rgb,0.664,0.6-0.7,,56,4.0,False,0.571
nwpu_positive_010_002,nwpu_positive_010,val,1,airplane,452,623,499,686,2928,979,752,rgb,0.6305,0.6-0.7,,70,3.2,False,0.597
nwpu_positive_010_003,nwpu_positive_010,val,1,airplane,656,466,735,580,9018,979,752,rgb,0.6774,0.6-0.7,,126,1.778,False,0.568
nwpu_positive_010_004,nwpu_positive_010,val,1,airplane,853,70,931,121,3951,979,752,rgb,0.4835,0.4-0.5,,86,2.605,False,0.534
nwpu_positive_010_005,nwpu_positive_010,val,1,airplane,211,351,262,416,3318,979,752,rgb,0.6562,0.6-0.7,,71,3.155,False,0.658
nwpu_positive_011_000,nwpu_positive_011,train,1,airplane,188,242,321,328,11374,969,742,rgb,0.5109,0.5-0.6,,146,1.534,False,0.534
nwpu_positive_011_001,nwpu_positive_011,train,1,airplane,288,220,417,286,8578,969,742,rgb,0.452,0.4-0.5,,142,1.577,False,0.425
nwpu_positive_011_002,nwpu_positive_011,train,1,airplane,397,172,466,211,2686,969,742,rgb,0.5139,0.5-0.6,,76,2.947,False,0.465
nwpu_positive_011_003,nwpu_positive_011,train,1,airplane,627,145,761,217,9712,969,742,rgb,0.5392,0.5-0.6,,148,1.514,False,0.443
nwpu_positive_011_004,nwpu_positive_011,train,1,airplane,670,204,759,336,11710,969,742,rgb,0.5549,0.5-0.6,,145,1.545,False,0.557
nwpu_positive_011_005,nwpu_positive_011,train,1,airplane,683,310,809,403,11787,969,742,rgb,0.4051,0.4-0.5,,139,1.612,False,0.61
nwpu_positive_011_006,nwpu_positive_011,train,1,airplane,750,442,809,526,4994,969,742,rgb,0.6308,0.6-0.7,,92,2.435,False,0.59
nwpu_positive_011_007,nwpu_positive_011,train,1,airplane,736,505,806,610,7375,969,742,rgb,0.6582,0.6-0.7,,116,1.931,False,0.548
nwpu_positive_011_008,nwpu_positive_011,train,1,airplane,669,591,728,644,3131,969,742,rgb,0.6408,0.6-0.7,,65,3.446,False,0.741
nwpu_positive_012_000,nwpu_positive_012,train,1,airplane,535,174,581,225,2362,940,806,rgb,0.4987,0.4-0.5,,56,4.0,False,0.753
nwpu_positive_012_001,nwpu_positive_012,train,1,airplane,326,677,384,715,2174,940,806,rgb,0.4108,0.4-0.5,,64,3.5,False,0.531
nwpu_positive_013_000,nwpu_positive_013,train,1,airplane,39,2,186,76,10882,888,552,rgb,0.4949,0.4-0.5,,162,1.383,False,0.415
nwpu_positive_013_001,nwpu_positive_013,train,1,airplane,61,125,159,219,9162,888,552,rgb,0.6025,0.6-0.7,,107,2.093,False,0.8
nwpu_positive_013_002,nwpu_positive_013,train,1,airplane,73,250,150,348,7469,888,552,rgb,0.5175,0.5-0.6,,108,2.074,False,0.64
nwpu_positive_013_003,nwpu_positive_013,train,1,airplane,54,300,148,387,8149,888,552,rgb,0.4009,0.4-0.5,,103,2.175,False,0.768
nwpu_positive_013_004,nwpu_positive_013,train,1,airplane,80,458,164,532,6183,888,552,rgb,0.6005,0.6-0.7,,92,2.435,False,0.73
nwpu_positive_013_005,nwpu_positive_013,train,1,airplane,301,81,373,158,5524,888,552,rgb,0.6319,0.6-0.7,,84,2.667,False,0.783
nwpu_positive_013_006,nwpu_positive_013,train,1,airplane,304,200,377,303,7468,888,552,rgb,0.601,0.6-0.7,,112,2.0,False,0.595
nwpu_positive_013_007,nwpu_positive_013,train,1,airplane,287,336,413,461,15736,888,552,rgb,0.504,0.5-0.6,,138,1.623,False,0.826
nwpu_positive_013_008,nwpu_positive_013,train,1,airplane,263,423,381,541,13927,888,552,rgb,0.6813,0.6-0.7,,130,1.723,False,0.824
nwpu_positive_013_009,nwpu_positive_013,train,1,airplane,467,220,563,352,12597,888,552,rgb,0.5441,0.5-0.6,,145,1.545,False,0.599
nwpu_positive_013_010,nwpu_positive_013,train,1,airplane,561,66,644,174,8925,888,552,rgb,0.6361,0.6-0.7,,119,1.882,False,0.63
nwpu_positive_013_011,nwpu_positive_013,train,1,airplane,559,336,696,443,14513,888,552,rgb,0.6086,0.6-0.7,,150,1.493,False,0.645
nwpu_positive_013_012,nwpu_positive_013,train,1,airplane,591,441,656,552,7199,888,552,rgb,0.5516,0.5-0.6,,122,1.836,False,0.484
nwpu_positive_014_000,nwpu_positive_014,train,1,airplane,47,272,122,322,3722,1063,590,rgb,0.6281,0.6-0.7,,83,2.699,False,0.54
nwpu_positive_014_001,nwpu_positive_014,train,1,airplane,303,335,388,434,8555,1063,590,rgb,0.4071,0.4-0.5,,110,2.036,False,0.707
nwpu_positive_014_002,nwpu_positive_014,train,1,airplane,337,241,453,351,12821,1063,590,rgb,0.505,0.5-0.6,,128,1.75,False,0.783
nwpu_positive_014_003,nwpu_positive_014,train,1,airplane,444,159,524,260,8011,1063,590,rgb,0.5972,0.5-0.6,,111,2.018,False,0.65
nwpu_positive_014_004,nwpu_positive_014,train,1,airplane,533,93,596,186,5865,1063,590,rgb,0.5083,0.5-0.6,,102,2.196,False,0.564
nwpu_positive_014_005,nwpu_positive_014,train,1,airplane,600,38,672,144,7560,1063,590,rgb,0.4369,0.4-0.5,,116,1.931,False,0.562
nwpu_positive_014_006,nwpu_positive_014,train,1,airplane,729,48,804,145,7314,1063,590,rgb,0.6104,0.6-0.7,,107,2.093,False,0.639
nwpu_positive_014_007,nwpu_positive_014,train,1,airplane,632,293,736,346,5477,1063,590,rgb,0.527,0.5-0.6,,114,1.965,False,0.421
nwpu_positive_014_008,nwpu_positive_014,train,1,airplane,921,138,1000,222,6639,1063,590,rgb,0.4938,0.4-0.5,,93,2.409,False,0.768
nwpu_positive_014_009,nwpu_positive_014,train,1,airplane,859,336,996,472,18694,1063,590,rgb,0.4227,0.4-0.5,,151,1.483,False,0.82
nwpu_positive_015_000,nwpu_positive_015,val,1,airplane,39,276,176,382,14465,927,641,rgb,0.5954,0.5-0.6,,150,1.493,False,0.643
nwpu_positive_015_001,nwpu_positive_015,val,1,airplane,119,269,235,386,13487,927,641,rgb,0.561,0.5-0.6,,129,1.736,False,0.81
nwpu_positive_015_002,nwpu_positive_015,val,1,airplane,388,462,509,568,12821,927,641,rgb,0.6887,0.6-0.7,,133,1.684,False,0.725
nwpu_positive_015_003,nwpu_positive_015,val,1,airplane,525,43,665,117,10226,927,641,rgb,0.5355,0.5-0.6,,153,1.464,False,0.437
nwpu_positive_015_004,nwpu_positive_015,val,1,airplane,630,0,766,97,13248,927,641,rgb,0.4596,0.4-0.5,,150,1.493,False,0.589
nwpu_positive_015_005,nwpu_positive_015,val,1,airplane,736,339,857,453,13729,927,641,rgb,0.5537,0.5-0.6,,133,1.684,False,0.776
nwpu_positive_015_006,nwpu_positive_015,val,1,airplane,712,7,837,112,13135,927,641,rgb,0.5566,0.5-0.6,,137,1.635,False,0.7
nwpu_positive_017_000,nwpu_positive_017,train,1,airplane,68,493,154,599,9126,1020,630,rgb,0.6382,0.6-0.7,,116,1.931,False,0.678
nwpu_positive_017_001,nwpu_positive_017,train,1,airplane,204,387,306,429,4192,1020,630,rgb,0.417,0.4-0.5,,111,2.018,False,0.34
nwpu_positive_017_002,nwpu_positive_017,train,1,airplane,287,473,342,540,3638,1020,630,rgb,0.4773,0.4-0.5,,73,3.068,False,0.683
nwpu_positive_017_003,nwpu_positive_017,train,1,airplane,250,542,380,614,9392,1020,630,rgb,0.6408,0.6-0.7,,143,1.566,False,0.459
nwpu_positive_017_004,nwpu_positive_017,train,1,airplane,186,87,263,176,6783,1020,630,rgb,0.5675,0.5-0.6,,98,2.286,False,0.706
nwpu_positive_017_005,nwpu_positive_017,train,1,airplane,481,41,548,103,4122,1020,630,rgb,0.4184,0.4-0.5,,73,3.068,False,0.773
nwpu_positive_017_006,nwpu_positive_017,train,1,airplane,524,93,624,198,10389,1020,630,rgb,0.6439,0.6-0.7,,115,1.948,False,0.786
nwpu_positive_017_007,nwpu_positive_017,train,1,airplane,441,229,542,287,5881,1020,630,rgb,0.6171,0.6-0.7,,112,2.0,False,0.469
nwpu_positive_017_008,nwpu_positive_017,train,1,airplane,755,371,828,424,3826,1020,630,rgb,0.4126,0.4-0.5,,79,2.835,False,0.613
nwpu_positive_017_009,nwpu_positive_017,train,1,airplane,854,277,949,364,8209,1020,630,rgb,0.4471,0.4-0.5,,104,2.154,False,0.759
nwpu_positive_017_010,nwpu_positive_017,train,3,storage_tank,375,375,455,434,4701,1020,630,rgb,0.5599,0.5-0.6,,88,2.545,False,0.607
nwpu_positive_017_011,nwpu_positive_017,train,3,storage_tank,403,420,441,477,2164,1020,630,rgb,0.5139,0.5-0.6,,63,3.556,False,0.545
nwpu_positive_017_012,nwpu_positive_017,train,3,storage_tank,415,491,484,520,2058,1020,630,rgb,0.6191,0.6-0.7,,76,2.947,False,0.356
nwpu_positive_017_013,nwpu_positive_017,train,3,storage_tank,464,353,550,397,3799,1020,630,rgb,0.6417,0.6-0.7,,94,2.383,False,0.43
nwpu_positive_017_014,nwpu_positive_017,train,3,storage_tank,499,417,554,452,1960,1020,630,rgb,0.5902,0.5-0.6,,61,3.672,False,0.527
nwpu_positive_017_015,nwpu_positive_017,train,3,storage_tank,541,311,600,371,3565,1020,630,rgb,0.4867,0.4-0.5,,66,3.394,False,0.818
nwpu_positive_017_016,nwpu_positive_017,train,3,storage_tank,544,379,608,449,4494,1020,630,rgb,0.6552,0.6-0.7,,78,2.872,False,0.739
nwpu_positive_017_017,nwpu_positive_017,train,3,storage_tank,623,289,666,329,1675,1020,630,rgb,0.6575,0.6-0.7,,47,4.766,False,0.758
nwpu_positive_017_018,nwpu_positive_017,train,3,storage_tank,632,337,697,374,2386,1020,630,rgb,0.6282,0.6-0.7,,71,3.155,False,0.473
nwpu_positive_017_019,nwpu_positive_017,train,3,storage_tank,668,393,741,441,3545,1020,630,rgb,0.4201,0.4-0.5,,81,2.765,False,0.54
nwpu_positive_018_000,nwpu_positive_018,train,1,airplane,49,323,132,411,7378,533,637,rgb,0.5964,0.5-0.6,,97,2.309,False,0.784
nwpu_positive_018_001,nwpu_positive_018,train,1,airplane,46,432,176,544,14523,533,637,rgb,0.5608,0.5-0.6,,143,1.566,False,0.71
nwpu_positive_018_002,nwpu_positive_018,train,1,airplane,79,543,160,637,7681,533,637,rgb,0.5148,0.5-0.6,,104,2.154,False,0.71
nwpu_positive_018_003,nwpu_positive_018,train,1,airplane,218,212,311,319,9946,533,637,rgb,0.609,0.6-0.7,,118,1.898,False,0.714
nwpu_positive_018_004,nwpu_positive_018,train,1,airplane,374,0,483,84,9138,533,637,rgb,0.477,0.4-0.5,,120,1.867,False,0.635
nwpu_positive_021_000,nwpu_positive_021,train,1,airplane,107,71,184,183,8569,1356,939,rgb,0.6179,0.6-0.7,,123,1.821,False,0.566
nwpu_positive_021_001,nwpu_positive_021,train,1,airplane,225,54,341,157,11901,1356,939,rgb,0.607,0.6-0.7,,127,1.764,False,0.738
nwpu_positive_021_002,nwpu_positive_021,train,1,airplane,316,27,437,130,12402,1356,939,rgb,0.606,0.6-0.7,,132,1.697,False,0.712
nwpu_positive_021_003,nwpu_positive_021,train,1,airplane,460,65,579,134,8091,1356,939,rgb,0.4209,0.4-0.5,,131,1.71,False,0.471
nwpu_positive_021_004,nwpu_positive_021,train,1,airplane,556,105,691,200,12805,1356,939,rgb,0.5095,0.5-0.6,,148,1.514,False,0.585
nwpu_positive_021_005,nwpu_positive_021,train,1,airplane,643,55,737,159,9743,1356,939,rgb,0.5287,0.5-0.6,,114,1.965,False,0.75
nwpu_positive_021_006,nwpu_positive_021,train,1,airplane,767,114,894,175,7703,1356,939,rgb,0.4889,0.4-0.5,,140,1.6,False,0.393
nwpu_positive_021_007,nwpu_positive_021,train,1,airplane,882,82,1017,188,14310,1356,939,rgb,0.5857,0.5-0.6,,149,1.503,False,0.645
nwpu_positive_021_008,nwpu_positive_021,train,1,airplane,1006,60,1122,184,14361,1356,939,rgb,0.602,0.6-0.7,,137,1.635,False,0.765
nwpu_positive_021_009,nwpu_positive_021,train,1,airplane,1141,89,1286,181,13168,1356,939,rgb,0.6654,0.6-0.7,,159,1.409,False,0.521
nwpu_positive_021_010,nwpu_positive_021,train,1,airplane,45,259,154,366,11647,1356,939,rgb,0.4066,0.4-0.5,,120,1.867,False,0.809
nwpu_positive_021_011,nwpu_positive_021,train,1,airplane,113,505,228,626,13907,1356,939,rgb,0.4358,0.4-0.5,,133,1.684,False,0.786
nwpu_positive_021_012,nwpu_positive_021,train,1,airplane,106,617,224,725,12670,1356,939,rgb,0.6883,0.6-0.7,,129,1.736,False,0.761
nwpu_positive_021_013,nwpu_positive_021,train,1,airplane,135,728,203,819,6151,1356,939,rgb,0.6511,0.6-0.7,,100,2.24,False,0.615
nwpu_positive_021_014,nwpu_positive_021,train,3,storage_tank,768,470,828,544,4406,1356,939,rgb,0.582,0.5-0.6,,81,2.765,False,0.672
nwpu_positive_021_015,nwpu_positive_021,train,3,storage_tank,814,521,888,566,3294,1356,939,rgb,0.6844,0.6-0.7,,81,2.765,False,0.502
nwpu_positive_021_016,nwpu_positive_021,train,3,storage_tank,716,519,786,559,2816,1356,939,rgb,0.5413,0.5-0.6,,77,2.909,False,0.475
nwpu_positive_021_017,nwpu_positive_021,train,3,storage_tank,763,569,808,618,2192,1356,939,rgb,0.4331,0.4-0.5,,53,4.226,False,0.781
nwpu_positive_021_018,nwpu_positive_021,train,3,storage_tank,638,547,697,581,2009,1356,939,rgb,0.4451,0.4-0.5,,65,3.446,False,0.475
nwpu_positive_021_019,nwpu_positive_021,train,3,storage_tank,671,592,737,634,2843,1356,939,rgb,0.6484,0.6-0.7,,73,3.068,False,0.534
nwpu_positive_021_020,nwpu_positive_021,train,3,storage_tank,609,571,665,629,3249,1356,939,rgb,0.6088,0.6-0.7,,63,3.556,False,0.819
nwpu_positive_021_021,nwpu_positive_021,train,3,storage_tank,642,618,681,676,2251,1356,939,rgb,0.5046,0.5-0.6,,64,3.5,False,0.55
nwpu_positive_021_022,nwpu_positive_021,train,3,storage_tank,562,597,609,640,2039,1356,939,rgb,0.5018,0.5-0.6,,52,4.308,False,0.754
nwpu_positive_021_023,nwpu_positive_021,train,3,storage_tank,591,652,643,701,2520,1356,939,rgb,0.4541,0.4-0.5,,57,3.93,False,0.776
nwpu_positive_021_024,nwpu_positive_021,train,3,storage_tank,487,479,522,514,1210,1356,939,rgb,0.5841,0.5-0.6,,38,5.895,False,0.838
nwpu_positive_021_025,nwpu_positive_021,train,3,storage_tank,461,449,496,494,1551,1356,939,rgb,0.525,0.5-0.6,,49,4.571,False,0.646
nwpu_positive_022_000,nwpu_positive_022,val,1,airplane,33,112,106,199,6324,1176,510,rgb,0.4829,0.4-0.5,,96,2.333,False,0.686
nwpu_positive_022_001,nwpu_positive_022,val,1,airplane,159,109,204,203,4231,1176,510,rgb,0.4288,0.4-0.5,,103,2.175,False,0.399
nwpu_positive_022_002,nwpu_positive_022,val,1,airplane,238,110,311,220,7993,1176,510,rgb,0.6549,0.6-0.7,,120,1.867,False,0.555
nwpu_positive_022_003,nwpu_positive_022,val,1,airplane,330,127,392,183,3505,1176,510,rgb,0.4951,0.4-0.5,,68,3.294,False,0.758
nwpu_positive_022_004,nwpu_positive_022,val,1,airplane,526,119,594,208,6052,1176,510,rgb,0.5698,0.5-0.6,,98,2.286,False,0.63
nwpu_positive_022_005,nwpu_positive_022,val,1,airplane,756,115,851,195,7540,1176,510,rgb,0.6183,0.6-0.7,,104,2.154,False,0.697
nwpu_positive_022_006,nwpu_positive_022,val,1,airplane,1020,103,1101,172,5583,1176,510,rgb,0.5516,0.5-0.6,,89,2.517,False,0.705
nwpu_positive_022_007,nwpu_positive_022,val,1,airplane,1000,0,1103,59,6131,1176,510,rgb,0.5689,0.5-0.6,,114,1.965,False,0.472
nwpu_positive_022_008,nwpu_positive_022,val,1,airplane,38,296,105,399,7027,1176,510,rgb,0.6499,0.6-0.7,,114,1.965,False,0.541
nwpu_positive_022_009,nwpu_positive_022,val,1,airplane,238,291,298,349,3442,1176,510,rgb,0.4224,0.4-0.5,,65,3.446,False,0.815
nwpu_positive_022_010,nwpu_positive_022,val,1,airplane,339,276,390,357,4048,1176,510,rgb,0.6523,0.6-0.7,,89,2.517,False,0.511
nwpu_positive_022_011,nwpu_positive_022,val,1,airplane,522,245,603,345,8029,1176,510,rgb,0.5357,0.5-0.6,,110,2.036,False,0.664
nwpu_positive_022_012,nwpu_positive_022,val,1,airplane,627,249,697,324,5268,1176,510,rgb,0.6199,0.6-0.7,,82,2.732,False,0.783
nwpu_positive_022_013,nwpu_positive_022,val,1,airplane,736,327,814,372,3515,1176,510,rgb,0.4177,0.4-0.5,,86,2.605,False,0.475
nwpu_positive_022_014,nwpu_positive_022,val,1,airplane,875,345,944,418,4941,1176,510,rgb,0.4662,0.4-0.5,,80,2.8,False,0.772
nwpu_positive_022_015,nwpu_positive_022,val,1,airplane,983,259,1051,346,5858,1176,510,rgb,0.6067,0.6-0.7,,96,2.333,False,0.636
nwpu_positive_022_016,nwpu_positive_022,val,1,airplane,1074,254,1126,320,3390,1176,510,rgb,0.6154,0.6-0.7,,73,3.068,False,0.636
nwpu_positive_023_000,nwpu_positive_023,train,1,airplane,43,726,89,783,2641,948,796,rgb,0.5649,0.5-0.6,,63,3.556,False,0.665
nwpu_positive_023_001,nwpu_positive_023,train,1,airplane,357,494,407,544,2476,948,796,rgb,0.6375,0.6-0.7,,55,4.073,False,0.819
nwpu_positive_023_002,nwpu_positive_023,train,1,airplane,532,351,574,420,2868,948,796,rgb,0.4794,0.4-0.5,,76,2.947,False,0.497
nwpu_positive_023_003,nwpu_positive_023,train,1,airplane,577,331,632,399,3719,948,796,rgb,0.4962,0.4-0.5,,75,2.987,False,0.661
nwpu_positive_023_004,nwpu_positive_023,train,1,airplane,554,611,622,697,5844,948,796,rgb,0.5304,0.5-0.6,,94,2.383,False,0.661
nwpu_positive_024_000,nwpu_positive_024,train,1,airplane,39,129,82,206,3306,1200,425,rgb,0.5187,0.5-0.6,,86,2.605,False,0.447
nwpu_positive_024_001,nwpu_positive_024,train,1,airplane,103,127,144,192,2715,1200,425,rgb,0.538,0.5-0.6,,72,3.111,False,0.524
nwpu_positive_024_002,nwpu_positive_024,train,1,airplane,140,113,212,176,4560,1200,425,rgb,0.4251,0.4-0.5,,80,2.8,False,0.713
nwpu_positive_024_003,nwpu_positive_024,train,1,airplane,244,124,311,205,5467,1200,425,rgb,0.4688,0.4-0.5,,90,2.489,False,0.675
nwpu_positive_024_004,nwpu_positive_024,train,1,airplane,310,128,368,195,3933,1200,425,rgb,0.4626,0.4-0.5,,74,3.027,False,0.718
nwpu_positive_024_005,nwpu_positive_024,train,1,airplane,365,101,438,186,6187,1200,425,rgb,0.5899,0.5-0.6,,93,2.409,False,0.715
nwpu_positive_024_006,nwpu_positive_024,train,1,airplane,433,118,509,161,3179,1200,425,rgb,0.4451,0.4-0.5,,83,2.699,False,0.461
nwpu_positive_024_007,nwpu_positive_024,train,1,airplane,498,84,537,146,2428,1200,425,rgb,0.4204,0.4-0.5,,69,3.246,False,0.51
nwpu_positive_024_008,nwpu_positive_024,train,1,airplane,650,84,689,160,3004,1200,425,rgb,0.6813,0.6-0.7,,83,2.699,False,0.436
nwpu_positive_024_009,nwpu_positive_024,train,1,airplane,676,83,744,147,4337,1200,425,rgb,0.4907,0.4-0.5,,75,2.987,False,0.771
nwpu_positive_024_010,nwpu_positive_024,train,1,airplane,770,77,808,131,2022,1200,425,rgb,0.6272,0.6-0.7,,59,3.797,False,0.581
nwpu_positive_024_011,nwpu_positive_024,train,1,airplane,804,75,869,137,3973,1200,425,rgb,0.4798,0.4-0.5,,71,3.155,False,0.788
nwpu_positive_024_012,nwpu_positive_024,train,1,airplane,892,50,931,131,3190,1200,425,rgb,0.5202,0.5-0.6,,89,2.517,False,0.403
nwpu_positive_024_013,nwpu_positive_024,train,1,airplane,935,56,1001,126,4606,1200,425,rgb,0.6625,0.6-0.7,,77,2.909,False,0.777
nwpu_positive_024_014,nwpu_positive_024,train,1,airplane,996,46,1061,134,5807,1200,425,rgb,0.5766,0.5-0.6,,98,2.286,False,0.605
nwpu_positive_024_015,nwpu_positive_024,train,1,airplane,1073,76,1134,128,3162,1200,425,rgb,0.6783,0.6-0.7,,67,3.343,False,0.704
nwpu_positive_024_016,nwpu_positive_024,train,1,airplane,60,281,134,334,3876,1200,425,rgb,0.5055,0.5-0.6,,81,2.765,False,0.591
nwpu_positive_024_017,nwpu_positive_024,train,1,airplane,272,266,371,342,7555,1200,425,rgb,0.6302,0.6-0.7,,109,2.055,False,0.636
nwpu_positive_024_018,nwpu_positive_024,train,1,airplane,386,248,422,317,2508,1200,425,rgb,0.4212,0.4-0.5,,76,2.947,False,0.434
nwpu_positive_024_019,nwpu_positive_024,train,1,airplane,601,247,672,287,2848,1200,425,rgb,0.5227,0.5-0.6,,79,2.835,False,0.456
nwpu_positive_024_020,nwpu_positive_024,train,1,airplane,744,231,840,286,5262,1200,425,rgb,0.5859,0.5-0.6,,106,2.113,False,0.468
nwpu_positive_024_021,nwpu_positive_024,train,1,airplane,905,222,966,308,5203,1200,425,rgb,0.4963,0.4-0.5,,95,2.358,False,0.577
nwpu_positive_024_022,nwpu_positive_024,train,1,airplane,944,208,1038,282,6957,1200,425,rgb,0.5601,0.5-0.6,,103,2.175,False,0.656
nwpu_positive_024_023,nwpu_positive_024,train,1,airplane,1051,225,1112,272,2884,1200,425,rgb,0.4112,0.4-0.5,,67,3.343,False,0.642
nwpu_positive_024_024,nwpu_positive_024,train,1,airplane,1102,201,1157,252,2814,1200,425,rgb,0.5056,0.5-0.6,,60,3.733,False,0.782
nwpu_positive_024_025,nwpu_positive_024,train,1,airplane,769,329,849,387,4677,1200,425,rgb,0.4436,0.4-0.5,,88,2.545,False,0.604
nwpu_positive_025_000,nwpu_positive_025,train,1,airplane,62,155,119,216,3538,1017,510,rgb,0.6784,0.6-0.7,,68,3.294,False,0.765
nwpu_positive_025_001,nwpu_positive_025,train,1,airplane,207,130,254,206,3640,1017,510,rgb,0.4783,0.4-0.5,,85,2.635,False,0.504
nwpu_positive_025_002,nwpu_positive_025,train,1,airplane,251,124,312,197,4467,1017,510,rgb,0.6933,0.6-0.7,,80,2.8,False,0.698
nwpu_positive_025_003,nwpu_positive_025,train,1,airplane,479,96,518,177,3139,1017,510,rgb,0.614,0.6-0.7,,89,2.517,False,0.396
nwpu_positive_025_004,nwpu_positive_025,train,1,airplane,515,96,608,179,7708,1017,510,rgb,0.6863,0.6-0.7,,102,2.196,False,0.741
nwpu_positive_025_005,nwpu_positive_025,train,1,airplane,609,108,666,170,3486,1017,510,rgb,0.6634,0.6-0.7,,67,3.343,False,0.777
nwpu_positive_025_006,nwpu_positive_025,train,1,airplane,647,62,747,150,8789,1017,510,rgb,0.6834,0.6-0.7,,110,2.036,False,0.726
nwpu_positive_025_007,nwpu_positive_025,train,1,airplane,785,67,867,180,9311,1017,510,rgb,0.5433,0.5-0.6,,124,1.806,False,0.606
nwpu_positive_025_008,nwpu_positive_025,train,1,airplane,895,71,1002,158,9329,1017,510,rgb,0.5988,0.5-0.6,,118,1.898,False,0.67
nwpu_positive_025_009,nwpu_positive_025,train,1,airplane,874,270,938,349,5046,1017,510,rgb,0.5232,0.5-0.6,,86,2.605,False,0.682
nwpu_positive_027_000,nwpu_positive_027,train,1,airplane,22,123,91,194,4943,1085,584,rgb,0.5705,0.5-0.6,,79,2.835,False,0.792
nwpu_positive_027_001,nwpu_positive_027,train,1,airplane,121,105,198,195,6983,1085,584,rgb,0.6128,0.6-0.7,,100,2.24,False,0.698
nwpu_positive_027_002,nwpu_positive_027,train,1,airplane,233,96,318,177,6860,1085,584,rgb,0.4285,0.4-0.5,,93,2.409,False,0.793
nwpu_positive_027_003,nwpu_positive_027,train,1,airplane,318,126,377,213,5220,1085,584,rgb,0.4026,0.4-0.5,,97,2.309,False,0.555
nwpu_positive_027_004,nwpu_positive_027,train,1,airplane,404,118,452,182,3026,1085,584,rgb,0.557,0.5-0.6,,71,3.155,False,0.6
nwpu_positive_027_005,nwpu_positive_027,train,1,airplane,562,108,662,178,6864,1085,584,rgb,0.5439,0.5-0.6,,109,2.055,False,0.578
nwpu_positive_027_006,nwpu_positive_027,train,1,airplane,786,110,841,187,4297,1085,584,rgb,0.5181,0.5-0.6,,86,2.605,False,0.581
nwpu_positive_027_007,nwpu_positive_027,train,1,airplane,932,86,1018,142,4821,1085,584,rgb,0.6071,0.6-0.7,,94,2.383,False,0.546
nwpu_positive_027_008,nwpu_positive_027,train,1,airplane,991,27,1065,94,4953,1085,584,rgb,0.5311,0.5-0.6,,81,2.765,False,0.755
nwpu_positive_027_009,nwpu_positive_027,train,1,airplane,84,488,166,534,3817,1085,584,rgb,0.6608,0.6-0.7,,90,2.489,False,0.471
nwpu_positive_027_010,nwpu_positive_027,train,1,airplane,149,448,207,538,5205,1085,584,rgb,0.4315,0.4-0.5,,99,2.263,False,0.531
nwpu_positive_027_011,nwpu_positive_027,train,1,airplane,264,446,338,571,9318,1085,584,rgb,0.5369,0.5-0.6,,137,1.635,False,0.496
nwpu_positive_027_012,nwpu_positive_027,train,1,airplane,364,462,430,535,4910,1085,584,rgb,0.6294,0.6-0.7,,81,2.765,False,0.748
nwpu_positive_027_013,nwpu_positive_027,train,1,airplane,473,476,588,550,8474,1085,584,rgb,0.4062,0.4-0.5,,126,1.778,False,0.534
nwpu_positive_027_014,nwpu_positive_027,train,1,airplane,618,450,678,522,4262,1085,584,rgb,0.5384,0.5-0.6,,79,2.835,False,0.683
nwpu_positive_027_015,nwpu_positive_027,train,1,airplane,686,435,795,542,11682,1085,584,rgb,0.6912,0.6-0.7,,120,1.867,False,0.811
nwpu_positive_027_016,nwpu_positive_027,train,1,airplane,797,429,871,532,7579,1085,584,rgb,0.6914,0.6-0.7,,113,1.982,False,0.594
nwpu_positive_027_017,nwpu_positive_027,train,1,airplane,891,438,1002,556,13063,1085,584,rgb,0.5809,0.5-0.6,,129,1.736,False,0.785
nwpu_positive_027_018,nwpu_positive_027,train,1,airplane,1023,406,1085,481,4699,1085,584,rgb,0.4151,0.4-0.5,,83,2.699,False,0.682
nwpu_positive_027_019,nwpu_positive_027,train,1,airplane,465,187,564,283,9482,1085,584,rgb,0.4743,0.4-0.5,,108,2.074,False,0.813
nwpu_positive_027_020,nwpu_positive_027,train,1,airplane,466,335,564,388,5214,1085,584,rgb,0.4473,0.4-0.5,,108,2.074,False,0.447
nwpu_positive_029_000,nwpu_positive_029,train,1,airplane,63,210,158,272,5884,740,656,rgb,0.611,0.6-0.7,,104,2.154,False,0.544
nwpu_positive_029_001,nwpu_positive_029,train,1,airplane,192,186,275,251,5360,740,656,rgb,0.6413,0.6-0.7,,92,2.435,False,0.633
nwpu_positive_029_002,nwpu_positive_029,train,1,airplane,319,183,364,269,3831,740,656,rgb,0.5501,0.5-0.6,,94,2.383,False,0.434
nwpu_positive_029_003,nwpu_positive_029,train,1,airplane,343,197,424,249,4181,740,656,rgb,0.5105,0.5-0.6,,90,2.489,False,0.516
nwpu_positive_029_004,nwpu_positive_029,train,1,airplane,451,196,489,231,1324,740,656,rgb,0.4002,0.4-0.5,,42,5.333,False,0.751
nwpu_positive_029_005,nwpu_positive_029,train,1,airplane,634,178,718,249,5983,740,656,rgb,0.4024,0.4-0.5,,93,2.409,False,0.692
nwpu_positive_029_006,nwpu_positive_029,train,1,airplane,14,418,89,527,8160,740,656,rgb,0.5332,0.5-0.6,,120,1.867,False,0.567
nwpu_positive_029_007,nwpu_positive_029,train,1,airplane,128,397,233,521,13077,740,656,rgb,0.6551,0.6-0.7,,137,1.635,False,0.697
nwpu_positive_029_008,nwpu_positive_029,train,1,airplane,243,401,321,488,6868,740,656,rgb,0.4066,0.4-0.5,,97,2.309,False,0.73
nwpu_positive_029_009,nwpu_positive_029,train,1,airplane,358,395,450,490,8755,740,656,rgb,0.4903,0.4-0.5,,105,2.133,False,0.794
nwpu_positive_029_010,nwpu_positive_029,train,1,airplane,585,448,636,523,3817,740,656,rgb,0.5685,0.5-0.6,,82,2.732,False,0.568
nwpu_positive_030_000,nwpu_positive_030,train,1,airplane,111,163,156,241,3470,1030,610,rgb,0.5251,0.5-0.6,,85,2.635,False,0.48
nwpu_positive_030_001,nwpu_positive_030,train,1,airplane,195,158,236,225,2767,1030,610,rgb,0.5154,0.5-0.6,,74,3.027,False,0.505
nwpu_positive_030_002,nwpu_positive_030,train,1,airplane,274,165,332,228,3615,1030,610,rgb,0.4473,0.4-0.5,,69,3.246,False,0.759
nwpu_positive_030_003,nwpu_positive_030,train,1,airplane,404,193,459,237,2374,1030,610,rgb,0.6831,0.6-0.7,,60,3.733,False,0.659
nwpu_positive_030_004,nwpu_positive_030,train,1,airplane,558,187,644,240,4521,1030,610,rgb,0.6197,0.6-0.7,,94,2.383,False,0.512
nwpu_positive_030_005,nwpu_positive_030,train,1,airplane,648,182,701,246,3402,1030,610,rgb,0.624,0.6-0.7,,71,3.155,False,0.675
nwpu_positive_030_006,nwpu_positive_030,train,1,airplane,745,184,824,220,2821,1030,610,rgb,0.4675,0.4-0.5,,86,2.605,False,0.381
nwpu_positive_030_007,nwpu_positive_030,train,1,airplane,78,351,125,405,2521,1030,610,rgb,0.6428,0.6-0.7,,59,3.797,False,0.724
nwpu_positive_030_008,nwpu_positive_030,train,1,airplane,232,342,288,423,4562,1030,610,rgb,0.5682,0.5-0.6,,89,2.517,False,0.576
nwpu_positive_030_009,nwpu_positive_030,train,1,airplane,580,350,636,432,4559,1030,610,rgb,0.4082,0.4-0.5,,90,2.489,False,0.563
nwpu_positive_030_010,nwpu_positive_030,train,1,airplane,657,336,696,421,3401,1030,610,rgb,0.6012,0.6-0.7,,94,2.383,False,0.385
nwpu_positive_030_011,nwpu_positive_030,train,1,airplane,740,344,794,405,3249,1030,610,rgb,0.647,0.6-0.7,,66,3.394,False,0.746
nwpu_positive_030_012,nwpu_positive_030,train,1,airplane,927,334,966,420,3412,1030,610,rgb,0.5321,0.5-0.6,,95,2.358,False,0.378
nwpu_positive_031_000,nwpu_positive_031,train,1,airplane,141,61,244,159,10037,920,653,rgb,0.6045,0.6-0.7,,112,2.0,False,0.8
nwpu_positive_031_001,nwpu_positive_031,train,1,airplane,273,54,382,169,12449,920,653,rgb,0.4274,0.4-0.5,,126,1.778,False,0.784
nwpu_positive_031_002,nwpu_positive_031,train,1,airplane,82,440,162,495,4375,920,653,rgb,0.4581,0.4-0.5,,88,2.545,False,0.565
nwpu_positive_031_003,nwpu_positive_031,train,1,airplane,138,425,237,482,5554,920,653,rgb,0.591,0.5-0.6,,108,2.074,False,0.476
nwpu_positive_031_004,nwpu_positive_031,train,1,airplane,250,406,310,470,3791,920,653,rgb,0.6009,0.6-0.7,,70,3.2,False,0.774
nwpu_positive_031_005,nwpu_positive_031,train,1,airplane,328,408,421,483,6986,920,653,rgb,0.5098,0.5-0.6,,102,2.196,False,0.672
nwpu_positive_031_006,nwpu_positive_031,train,1,airplane,442,406,562,515,13063,920,653,rgb,0.5852,0.5-0.6,,131,1.71,False,0.761
nwpu_positive_031_007,nwpu_positive_031,train,1,airplane,689,434,802,520,9605,920,653,rgb,0.6249,0.6-0.7,,124,1.806,False,0.625
nwpu_positive_031_008,nwpu_positive_031,train,1,airplane,806,406,873,500,6315,920,653,rgb,0.5351,0.5-0.6,,103,2.175,False,0.595
nwpu_positive_032_000,nwpu_positive_032,train,1,airplane,0,259,93,359,9339,1157,575,rgb,0.5498,0.5-0.6,,111,2.018,False,0.758
nwpu_positive_032_001,nwpu_positive_032,train,1,airplane,79,224,171,298,6801,1157,575,rgb,0.4955,0.4-0.5,,101,2.218,False,0.667
nwpu_positive_032_002,nwpu_positive_032,train,1,airplane,191,291,286,353,5855,1157,575,rgb,0.503,0.5-0.6,,104,2.154,False,0.541
nwpu_positive_032_003,nwpu_positive_032,train,1,airplane,298,217,400,269,5243,1157,575,rgb,0.5263,0.5-0.6,,112,2.0,False,0.418
nwpu_positive_032_004,nwpu_positive_032,train,1,airplane,448,235,501,323,4641,1157,575,rgb,0.4548,0.4-0.5,,97,2.309,False,0.493
nwpu_positive_032_005,nwpu_positive_032,train,1,airplane,487,229,593,302,7670,1157,575,rgb,0.6258,0.6-0.7,,116,1.931,False,0.57
nwpu_positive_032_006,nwpu_positive_032,train,1,airplane,602,293,695,371,7196,1157,575,rgb,0.599,0.5-0.6,,102,2.196,False,0.692
nwpu_positive_032_007,nwpu_positive_032,train,1,airplane,649,236,745,307,6910,1157,575,rgb,0.5155,0.5-0.6,,106,2.113,False,0.615
nwpu_positive_032_008,nwpu_positive_032,train,1,airplane,809,257,911,356,10063,1157,575,rgb,0.4158,0.4-0.5,,113,1.982,False,0.788
nwpu_positive_032_009,nwpu_positive_032,train,1,airplane,865,247,964,325,7733,1157,575,rgb,0.4321,0.4-0.5,,109,2.055,False,0.651
nwpu_positive_032_010,nwpu_positive_032,train,1,airplane,971,303,1083,395,10411,1157,575,rgb,0.4207,0.4-0.5,,123,1.821,False,0.688
nwpu_positive_032_011,nwpu_positive_032,train,1,airplane,1059,238,1124,306,4442,1157,575,rgb,0.4992,0.4-0.5,,75,2.987,False,0.79
nwpu_positive_033_000,nwpu_positive_033,train,1,airplane,119,51,192,168,8570,657,652,rgb,0.545,0.5-0.6,,128,1.75,False,0.523
nwpu_positive_033_001,nwpu_positive_033,train,1,airplane,105,177,205,243,6632,657,652,rgb,0.6212,0.6-0.7,,110,2.036,False,0.548
nwpu_positive_033_002,nwpu_positive_033,train,1,airplane,67,285,191,360,9221,657,652,rgb,0.6034,0.6-0.7,,136,1.647,False,0.499
nwpu_positive_033_003,nwpu_positive_033,train,1,airplane,367,33,431,122,5683,657,652,rgb,0.6918,0.6-0.7,,98,2.286,False,0.592
nwpu_positive_033_004,nwpu_positive_033,train,1,airplane,291,313,415,414,12593,657,652,rgb,0.6689,0.6-0.7,,137,1.635,False,0.671
nwpu_positive_033_005,nwpu_positive_033,train,1,airplane,312,444,415,532,8999,657,652,rgb,0.4283,0.4-0.5,,113,1.982,False,0.705
nwpu_positive_033_006,nwpu_positive_033,train,1,airplane,350,527,410,624,5823,657,652,rgb,0.5513,0.5-0.6,,107,2.093,False,0.509
nwpu_positive_034_000,nwpu_positive_034,train,1,airplane,36,261,95,341,4755,876,781,rgb,0.4203,0.4-0.5,,88,2.545,False,0.614
nwpu_positive_034_001,nwpu_positive_034,train,1,airplane,209,223,258,287,3146,876,781,rgb,0.5344,0.5-0.6,,70,3.2,False,0.642
nwpu_positive_034_002,nwpu_positive_034,train,1,airplane,267,181,304,266,3193,876,781,rgb,0.5147,0.5-0.6,,94,2.383,False,0.361
nwpu_positive_034_003,nwpu_positive_034,train,1,airplane,365,84,407,145,2564,876,781,rgb,0.603,0.6-0.7,,67,3.343,False,0.571
nwpu_positive_034_004,nwpu_positive_034,train,1,airplane,547,262,604,327,3638,876,781,rgb,0.6895,0.6-0.7,,71,3.155,False,0.722
nwpu_positive_034_005,nwpu_positive_034,train,1,airplane,455,286,516,358,4388,876,781,rgb,0.5841,0.5-0.6,,79,2.835,False,0.703
nwpu_positive_034_006,nwpu_positive_034,train,1,airplane,167,473,240,597,9111,876,781,rgb,0.6837,0.6-0.7,,136,1.647,False,0.493
nwpu_positive_034_007,nwpu_positive_034,train,1,airplane,105,607,143,675,2629,876,781,rgb,0.6593,0.6-0.7,,75,2.987,False,0.467
nwpu_positive_035_000,nwpu_positive_035,val,1,airplane,97,46,177,117,5653,1079,647,rgb,0.6801,0.6-0.7,,88,2.545,False,0.73
nwpu_positive_035_001,nwpu_positive_035,val,1,airplane,52,221,165,290,7851,1079,647,rgb,0.6525,0.6-0.7,,125,1.792,False,0.502
nwpu_positive_035_002,nwpu_positive_035,val,1,airplane,27,308,134,369,6586,1079,647,rgb,0.4049,0.4-0.5,,118,1.898,False,0.473
nwpu_positive_035_003,nwpu_positive_035,val,1,airplane,224,48,303,130,6479,1079,647,rgb,0.4412,0.4-0.5,,90,2.489,False,0.8
nwpu_positive_035_004,nwpu_positive_035,val,1,airplane,262,146,337,228,6132,1079,647,rgb,0.4328,0.4-0.5,,90,2.489,False,0.757
nwpu_positive_035_005,nwpu_positive_035,val,1,airplane,229,224,356,306,10552,1079,647,rgb,0.6722,0.6-0.7,,140,1.6,False,0.538
nwpu_positive_035_006,nwpu_positive_035,val,1,airplane,256,288,320,391,6621,1079,647,rgb,0.5417,0.5-0.6,,114,1.965,False,0.509
nwpu_positive_035_007,nwpu_positive_035,val,1,airplane,250,439,368,510,8356,1079,647,rgb,0.4155,0.4-0.5,,130,1.723,False,0.494
nwpu_positive_035_008,nwpu_positive_035,val,1,airplane,264,500,342,602,7930,1079,647,rgb,0.6002,0.6-0.7,,112,2.0,False,0.632
nwpu_positive_035_009,nwpu_positive_035,val,1,airplane,484,377,569,486,9281,1079,647,rgb,0.6438,0.6-0.7,,120,1.867,False,0.645
nwpu_positive_035_010,nwpu_positive_035,val,1,airplane,455,497,546,582,7707,1079,647,rgb,0.5123,0.5-0.6,,100,2.24,False,0.771
nwpu_positive_035_011,nwpu_positive_035,val,1,airplane,719,14,781,136,7556,1079,647,rgb,0.6392,0.6-0.7,,134,1.672,False,0.421
nwpu_positive_035_012,nwpu_positive_035,val,1,airplane,689,109,782,214,9741,1079,647,rgb,0.5348,0.5-0.6,,115,1.948,False,0.737
nwpu_positive_035_013,nwpu_positive_035,val,1,airplane,704,292,763,402,6427,1079,647,rgb,0.4998,0.4-0.5,,120,1.867,False,0.446
nwpu_positive_035_014,nwpu_positive_035,val,1,airplane,725,399,841,488,10342,1079,647,rgb,0.4278,0.4-0.5,,128,1.75,False,0.631
nwpu_positive_035_015,nwpu_positive_035,val,1,airplane,947,132,1042,203,6761,1079,647,rgb,0.5295,0.5-0.6,,104,2.154,False,0.625
nwpu_positive_035_016,nwpu_positive_035,val,1,airplane,945,216,1046,304,8845,1079,647,rgb,0.5658,0.5-0.6,,111,2.018,False,0.718
nwpu_positive_035_017,nwpu_positive_035,val,1,airplane,955,325,1022,384,4012,1079,647,rgb,0.5303,0.5-0.6,,75,2.987,False,0.713
nwpu_positive_035_018,nwpu_positive_035,val,1,airplane,946,503,1043,594,8875,1079,647,rgb,0.6286,0.6-0.7,,107,2.093,False,0.775
nwpu_positive_036_000,nwpu_positive_036,train,1,airplane,118,101,196,191,6979,533,597,rgb,0.5509,0.5-0.6,,99,2.263,False,0.712
nwpu_positive_036_001,nwpu_positive_036,train,1,airplane,86,225,203,281,6518,533,597,rgb,0.5871,0.5-0.6,,129,1.736,False,0.392
nwpu_positive_036_002,nwpu_positive_036,train,1,airplane,123,307,176,388,4306,533,597,rgb,0.6432,0.6-0.7,,89,2.517,False,0.544
nwpu_positive_036_003,nwpu_positive_036,train,1,airplane,45,400,171,483,10473,533,597,rgb,0.4855,0.4-0.5,,138,1.623,False,0.55
nwpu_positive_036_004,nwpu_positive_036,train,1,airplane,385,184,445,233,2900,533,597,rgb,0.5526,0.5-0.6,,66,3.394,False,0.666
nwpu_positive_036_005,nwpu_positive_036,train,1,airplane,371,271,465,322,4876,533,597,rgb,0.5413,0.5-0.6,,103,2.175,False,0.46
nwpu_positive_037_000,nwpu_positive_037,train,1,airplane,292,14,364,138,8832,1066,683,rgb,0.4738,0.4-0.5,,136,1.647,False,0.477
nwpu_positive_037_001,nwpu_positive_037,train,1,airplane,177,76,263,180,9006,1066,683,rgb,0.4895,0.4-0.5,,115,1.948,False,0.681
nwpu_positive_037_002,nwpu_positive_037,train,1,airplane,88,145,206,267,14485,1066,683,rgb,0.5841,0.5-0.6,,135,1.659,False,0.795
nwpu_positive_037_003,nwpu_positive_037,train,1,airplane,129,361,210,421,4849,1066,683,rgb,0.5128,0.5-0.6,,89,2.517,False,0.612
nwpu_positive_037_004,nwpu_positive_037,train,1,airplane,243,357,305,469,6952,1066,683,rgb,0.4182,0.4-0.5,,123,1.821,False,0.46
nwpu_positive_037_005,nwpu_positive_037,train,1,airplane,313,285,445,376,12051,1066,683,rgb,0.5358,0.5-0.6,,146,1.534,False,0.565
nwpu_positive_037_006,nwpu_positive_037,train,1,airplane,454,220,515,354,8157,1066,683,rgb,0.4136,0.4-0.5,,147,1.524,False,0.378
nwpu_positive_037_007,nwpu_positive_037,train,1,airplane,554,255,640,350,8144,1066,683,rgb,0.6931,0.6-0.7,,104,2.154,False,0.753
nwpu_positive_037_008,nwpu_positive_037,train,1,airplane,670,262,801,363,13123,1066,683,rgb,0.565,0.5-0.6,,143,1.566,False,0.642
nwpu_positive_037_009,nwpu_positive_037,train,1,airplane,165,558,257,667,9964,1066,683,rgb,0.4823,0.4-0.5,,119,1.882,False,0.704
nwpu_positive_037_010,nwpu_positive_037,train,1,airplane,332,495,403,597,7222,1066,683,rgb,0.5387,0.5-0.6,,112,2.0,False,0.576
nwpu_positive_037_011,nwpu_positive_037,train,1,airplane,442,500,527,647,12366,1066,683,rgb,0.6421,0.6-0.7,,162,1.383,False,0.471
nwpu_positive_037_012,nwpu_positive_037,train,1,airplane,545,519,676,665,19058,1066,683,rgb,0.6811,0.6-0.7,,161,1.391,False,0.735
nwpu_positive_037_013,nwpu_positive_037,train,1,airplane,690,495,797,648,16467,1066,683,rgb,0.6824,0.6-0.7,,168,1.333,False,0.583
nwpu_positive_037_014,nwpu_positive_037,train,1,airplane,815,492,927,577,9557,1066,683,rgb,0.673,0.6-0.7,,123,1.821,False,0.632
nwpu_positive_037_015,nwpu_positive_037,train,1,airplane,911,455,1023,567,12455,1066,683,rgb,0.6744,0.6-0.7,,123,1.821,False,0.823
nwpu_positive_038_000,nwpu_positive_038,val,1,airplane,50,58,133,195,11424,1039,649,rgb,0.4644,0.4-0.5,,151,1.483,False,0.501
nwpu_positive_038_001,nwpu_positive_038,val,1,airplane,97,253,171,315,4519,1039,649,rgb,0.4339,0.4-0.5,,81,2.765,False,0.689
nwpu_positive_038_002,nwpu_positive_038,val,1,airplane,101,421,177,545,9416,1039,649,rgb,0.5801,0.5-0.6,,137,1.635,False,0.502
nwpu_positive_038_003,nwpu_positive_038,val,1,airplane,270,44,342,177,9547,1039,649,rgb,0.5647,0.5-0.6,,146,1.534,False,0.448
nwpu_positive_038_004,nwpu_positive_038,val,1,airplane,298,168,428,269,13142,1039,649,rgb,0.6024,0.6-0.7,,143,1.566,False,0.643
nwpu_positive_038_005,nwpu_positive_038,val,1,airplane,350,266,443,339,6844,1039,649,rgb,0.5476,0.5-0.6,,102,2.196,False,0.658
nwpu_positive_038_006,nwpu_positive_038,val,1,airplane,325,341,427,449,11107,1039,649,rgb,0.6582,0.6-0.7,,119,1.882,False,0.784
nwpu_positive_038_007,nwpu_positive_038,val,1,airplane,345,515,454,636,13238,1039,649,rgb,0.5652,0.5-0.6,,133,1.684,False,0.748
nwpu_positive_038_008,nwpu_positive_038,val,1,airplane,639,97,748,193,10510,1039,649,rgb,0.4343,0.4-0.5,,120,1.867,False,0.73
nwpu_positive_038_009,nwpu_positive_038,val,1,airplane,629,147,740,265,13107,1039,649,rgb,0.5053,0.5-0.6,,130,1.723,False,0.776
nwpu_positive_038_010,nwpu_positive_038,val,1,airplane,626,343,781,453,17060,1039,649,rgb,0.5274,0.5-0.6,,170,1.318,False,0.59
nwpu_positive_038_011,nwpu_positive_038,val,1,airplane,752,35,828,134,7570,1039,649,rgb,0.4671,0.4-0.5,,108,2.074,False,0.649
nwpu_positive_038_012,nwpu_positive_038,val,1,airplane,832,216,974,333,16595,1039,649,rgb,0.6043,0.6-0.7,,156,1.436,False,0.682
nwpu_positive_038_013,nwpu_positive_038,val,1,airplane,840,395,947,462,7149,1039,649,rgb,0.4629,0.4-0.5,,118,1.898,False,0.513
nwpu_positive_039_000,nwpu_positive_039,train,1,airplane,42,123,176,183,7960,1080,659,rgb,0.6497,0.6-0.7,,147,1.524,False,0.368
nwpu_positive_039_001,nwpu_positive_039,train,1,airplane,0,491,117,539,5526,1080,659,rgb,0.563,0.5-0.6,,128,1.75,False,0.337
nwpu_positive_039_002,nwpu_positive_039,train,1,airplane,464,111,573,195,9088,1080,659,rgb,0.6972,0.6-0.7,,120,1.867,False,0.631
nwpu_positive_039_003,nwpu_positive_039,train,1,airplane,460,170,548,227,5036,1080,659,rgb,0.5633,0.5-0.6,,97,2.309,False,0.535
nwpu_positive_039_004,nwpu_positive_039,train,1,airplane,430,332,563,413,10839,1080,659,rgb,0.6105,0.6-0.7,,146,1.534,False,0.508
nwpu_positive_039_005,nwpu_positive_039,train,1,airplane,414,390,544,476,11178,1080,659,rgb,0.4868,0.4-0.5,,143,1.566,False,0.547
nwpu_positive_039_006,nwpu_positive_039,train,1,airplane,451,505,522,558,3865,1080,659,rgb,0.5293,0.5-0.6,,79,2.835,False,0.619
nwpu_positive_039_007,nwpu_positive_039,train,1,airplane,476,548,596,647,11938,1080,659,rgb,0.519,0.5-0.6,,133,1.684,False,0.675
nwpu_positive_039_008,nwpu_positive_039,train,1,airplane,953,16,1055,103,8831,1080,659,rgb,0.5638,0.5-0.6,,112,2.0,False,0.704
nwpu_positive_040_000,nwpu_positive_040,train,1,airplane,151,101,217,189,5825,1165,609,rgb,0.6395,0.6-0.7,,97,2.309,False,0.619
nwpu_positive_040_001,nwpu_positive_040,train,1,airplane,99,205,166,293,5919,1165,609,rgb,0.4145,0.4-0.5,,96,2.333,False,0.642
nwpu_positive_040_002,nwpu_positive_040,train,1,airplane,2,355,140,442,11985,1165,609,rgb,0.4159,0.4-0.5,,153,1.464,False,0.512
nwpu_positive_040_003,nwpu_positive_040,train,1,airplane,168,469,272,541,7558,1165,609,rgb,0.6106,0.6-0.7,,114,1.965,False,0.582
nwpu_positive_040_004,nwpu_positive_040,train,1,airplane,506,85,600,203,11148,1165,609,rgb,0.6422,0.6-0.7,,130,1.723,False,0.66
nwpu_positive_040_005,nwpu_positive_040,train,1,airplane,612,69,698,153,7246,1165,609,rgb,0.647,0.6-0.7,,94,2.383,False,0.82
nwpu_positive_040_006,nwpu_positive_040,train,1,airplane,738,42,848,146,11332,1165,609,rgb,0.6553,0.6-0.7,,121,1.851,False,0.774
nwpu_positive_040_007,nwpu_positive_040,train,1,airplane,978,84,1048,142,4040,1165,609,rgb,0.5566,0.5-0.6,,77,2.909,False,0.681
nwpu_positive_040_008,nwpu_positive_040,train,1,airplane,1008,157,1114,250,9890,1165,609,rgb,0.6142,0.6-0.7,,117,1.915,False,0.723
nwpu_positive_040_009,nwpu_positive_040,train,1,airplane,1033,268,1120,354,7507,1165,609,rgb,0.6125,0.6-0.7,,96,2.333,False,0.815
nwpu_positive_041_000,nwpu_positive_041,train,1,airplane,56,250,132,338,6648,1087,582,rgb,0.6104,0.6-0.7,,97,2.309,False,0.707
nwpu_positive_041_001,nwpu_positive_041,train,1,airplane,213,275,328,381,12164,1087,582,rgb,0.4297,0.4-0.5,,126,1.778,False,0.766
nwpu_positive_041_002,nwpu_positive_041,train,1,airplane,351,259,427,392,10059,1087,582,rgb,0.5063,0.5-0.6,,145,1.545,False,0.478
nwpu_positive_041_003,nwpu_positive_041,train,1,airplane,506,200,589,326,10413,1087,582,rgb,0.4969,0.4-0.5,,139,1.612,False,0.539
nwpu_positive_041_004,nwpu_positive_041,train,1,airplane,583,204,711,322,15155,1087,582,rgb,0.601,0.6-0.7,,141,1.589,False,0.762
nwpu_positive_041_005,nwpu_positive_041,train,1,airplane,782,201,875,275,6899,1087,582,rgb,0.5481,0.5-0.6,,103,2.175,False,0.65
nwpu_positive_041_006,nwpu_positive_041,train,1,airplane,934,191,995,282,5600,1087,582,rgb,0.6145,0.6-0.7,,101,2.218,False,0.549
nwpu_positive_042_000,nwpu_positive_042,train,1,airplane,294,115,378,190,6352,985,617,rgb,0.4372,0.4-0.5,,93,2.409,False,0.734
nwpu_positive_042_001,nwpu_positive_042,train,1,airplane,333,185,396,267,5156,985,617,rgb,0.5098,0.5-0.6,,90,2.489,False,0.637
nwpu_positive_042_002,nwpu_positive_042,train,1,airplane,334,300,407,343,3054,985,617,rgb,0.6811,0.6-0.7,,80,2.8,False,0.477
nwpu_positive_042_003,nwpu_positive_042,train,1,airplane,348,361,457,447,9390,985,617,rgb,0.4816,0.4-0.5,,120,1.867,False,0.652
nwpu_positive_042_004,nwpu_positive_042,train,1,airplane,366,472,423,548,4324,985,617,rgb,0.5856,0.5-0.6,,83,2.699,False,0.628
nwpu_positive_042_005,nwpu_positive_042,train,1,airplane,590,153,695,221,7100,985,617,rgb,0.6254,0.6-0.7,,115,1.948,False,0.537
nwpu_positive_042_006,nwpu_positive_042,train,1,airplane,638,238,716,316,6042,985,617,rgb,0.6,0.6-0.7,,86,2.605,False,0.817
nwpu_positive_043_000,nwpu_positive_043,train,1,airplane,98,15,173,105,6779,933,692,rgb,0.5772,0.5-0.6,,99,2.263,False,0.692
nwpu_positive_043_001,nwpu_positive_043,train,1,airplane,53,107,186,190,11055,933,692,rgb,0.466,0.4-0.5,,147,1.524,False,0.512
nwpu_positive_043_002,nwpu_positive_043,train,1,airplane,81,231,206,314,10407,933,692,rgb,0.496,0.4-0.5,,138,1.623,False,0.546
nwpu_positive_043_003,nwpu_positive_043,train,1,airplane,93,318,196,388,7318,933,692,rgb,0.6045,0.6-0.7,,114,1.965,False,0.563
nwpu_positive_043_004,nwpu_positive_043,train,1,airplane,97,414,223,473,7449,933,692,rgb,0.6277,0.6-0.7,,138,1.623,False,0.391
nwpu_positive_043_005,nwpu_positive_043,train,1,airplane,96,480,226,569,11704,933,692,rgb,0.63,0.6-0.7,,144,1.556,False,0.564
nwpu_positive_043_006,nwpu_positive_043,train,1,airplane,89,538,206,648,12826,933,692,rgb,0.4326,0.4-0.5,,128,1.75,False,0.783
nwpu_positive_043_007,nwpu_positive_043,train,1,airplane,297,39,406,113,7977,933,692,rgb,0.4583,0.4-0.5,,119,1.882,False,0.563
nwpu_positive_043_008,nwpu_positive_043,train,1,airplane,337,133,392,201,3703,933,692,rgb,0.482,0.4-0.5,,74,3.027,False,0.676
nwpu_positive_043_009,nwpu_positive_043,train,1,airplane,295,265,383,365,8725,933,692,rgb,0.681,0.6-0.7,,110,2.036,False,0.721
nwpu_positive_043_010,nwpu_positive_043,train,1,airplane,300,347,370,428,5688,933,692,rgb,0.4209,0.4-0.5,,89,2.517,False,0.718
nwpu_positive_043_011,nwpu_positive_043,train,1,airplane,268,493,374,558,6840,933,692,rgb,0.5022,0.5-0.6,,117,1.915,False,0.5
nwpu_positive_043_012,nwpu_positive_043,train,1,airplane,313,563,405,646,7562,933,692,rgb,0.5011,0.5-0.6,,101,2.218,False,0.741
nwpu_positive_043_013,nwpu_positive_043,train,1,airplane,559,15,663,104,9306,933,692,rgb,0.4882,0.4-0.5,,115,1.948,False,0.704
nwpu_positive_043_014,nwpu_positive_043,train,1,airplane,527,96,648,190,11379,933,692,rgb,0.4556,0.4-0.5,,134,1.672,False,0.634
nwpu_positive_043_015,nwpu_positive_043,train,1,airplane,552,269,645,335,6102,933,692,rgb,0.5983,0.5-0.6,,102,2.196,False,0.587
nwpu_positive_043_016,nwpu_positive_043,train,1,airplane,499,391,562,491,6307,933,692,rgb,0.5404,0.5-0.6,,110,2.036,False,0.521
nwpu_positive_043_017,nwpu_positive_043,train,1,airplane,548,490,663,572,9495,933,692,rgb,0.6317,0.6-0.7,,127,1.764,False,0.589
nwpu_positive_043_018,nwpu_positive_043,train,1,airplane,547,596,615,678,5604,933,692,rgb,0.4853,0.4-0.5,,90,2.489,False,0.692
nwpu_positive_043_019,nwpu_positive_043,train,1,airplane,707,132,803,178,4475,933,692,rgb,0.4408,0.4-0.5,,107,2.093,False,0.391
nwpu_positive_044_000,nwpu_positive_044,val,1,airplane,15,205,73,241,2065,999,627,rgb,0.5183,0.5-0.6,,63,3.556,False,0.52
nwpu_positive_044_001,nwpu_positive_044,val,1,airplane,47,110,148,167,5729,999,627,rgb,0.5613,0.5-0.6,,111,2.018,False,0.465
nwpu_positive_044_002,nwpu_positive_044,val,1,airplane,119,38,186,98,3985,999,627,rgb,0.6667,0.6-0.7,,74,3.027,False,0.728
nwpu_positive_044_003,nwpu_positive_044,val,1,airplane,206,52,268,114,3861,999,627,rgb,0.539,0.5-0.6,,69,3.246,False,0.811
nwpu_positive_044_004,nwpu_positive_044,val,1,airplane,284,33,372,111,6876,999,627,rgb,0.6852,0.6-0.7,,97,2.309,False,0.731
nwpu_positive_044_005,nwpu_positive_044,val,1,airplane,390,47,443,90,2278,999,627,rgb,0.5425,0.5-0.6,,59,3.797,False,0.654
nwpu_positive_044_006,nwpu_positive_044,val,1,airplane,41,262,122,380,9486,999,627,rgb,0.6207,0.6-0.7,,129,1.736,False,0.57
nwpu_positive_044_007,nwpu_positive_044,val,1,airplane,112,340,189,434,7196,999,627,rgb,0.6088,0.6-0.7,,104,2.154,False,0.665
nwpu_positive_044_008,nwpu_positive_044,val,1,airplane,198,234,271,290,4120,999,627,rgb,0.451,0.4-0.5,,80,2.8,False,0.644
nwpu_positive_044_009,nwpu_positive_044,val,1,airplane,325,178,400,250,5450,999,627,rgb,0.6049,0.6-0.7,,83,2.699,False,0.791
nwpu_positive_044_010,nwpu_positive_044,val,1,airplane,426,182,476,228,2326,999,627,rgb,0.4462,0.4-0.5,,55,4.073,False,0.769
nwpu_positive_044_011,nwpu_positive_044,val,1,airplane,502,159,579,228,5310,999,627,rgb,0.4642,0.4-0.5,,85,2.635,False,0.735
nwpu_positive_044_012,nwpu_positive_044,val,1,airplane,572,159,644,241,5960,999,627,rgb,0.6443,0.6-0.7,,90,2.489,False,0.736
nwpu_positive_044_013,nwpu_positive_044,val,1,airplane,655,142,741,221,6767,999,627,rgb,0.6418,0.6-0.7,,95,2.358,False,0.75
nwpu_positive_044_014,nwpu_positive_044,val,1,airplane,864,198,906,266,2851,999,627,rgb,0.6107,0.6-0.7,,75,2.987,False,0.507
nwpu_positive_044_015,nwpu_positive_044,val,1,airplane,359,375,429,481,7386,999,627,rgb,0.6142,0.6-0.7,,116,1.931,False,0.549
nwpu_positive_044_016,nwpu_positive_044,val,1,airplane,427,360,538,429,7645,999,627,rgb,0.5796,0.5-0.6,,121,1.851,False,0.522
nwpu_positive_044_017,nwpu_positive_044,val,1,airplane,549,367,642,467,9308,999,627,rgb,0.5859,0.5-0.6,,111,2.018,False,0.755
nwpu_positive_044_018,nwpu_positive_044,val,1,airplane,386,480,491,595,12012,999,627,rgb,0.4264,0.4-0.5,,126,1.778,False,0.757
nwpu_positive_044_019,nwpu_positive_044,val,1,airplane,464,510,537,575,4694,999,627,rgb,0.4509,0.4-0.5,,80,2.8,False,0.733
nwpu_positive_044_020,nwpu_positive_044,val,1,airplane,571,481,666,607,11894,999,627,rgb,0.6376,0.6-0.7,,139,1.612,False,0.616
nwpu_positive_044_021,nwpu_positive_044,val,1,airplane,674,361,735,437,4603,999,627,rgb,0.4221,0.4-0.5,,83,2.699,False,0.668
nwpu_positive_044_022,nwpu_positive_044,val,1,airplane,637,513,727,608,8526,999,627,rgb,0.4388,0.4-0.5,,104,2.154,False,0.788
nwpu_positive_044_023,nwpu_positive_044,val,1,airplane,746,456,852,595,14884,999,627,rgb,0.4774,0.4-0.5,,154,1.455,False,0.628
nwpu_positive_044_024,nwpu_positive_044,val,1,airplane,872,360,944,440,5688,999,627,rgb,0.6006,0.6-0.7,,88,2.545,False,0.734
nwpu_positive_045_000,nwpu_positive_045,train,1,airplane,279,87,412,171,11162,927,811,rgb,0.4913,0.4-0.5,,146,1.534,False,0.524
nwpu_positive_045_001,nwpu_positive_045,train,1,airplane,583,125,639,168,2430,927,811,rgb,0.6314,0.6-0.7,,62,3.613,False,0.632
nwpu_positive_045_002,nwpu_positive_045,train,1,airplane,640,495,708,569,5041,927,811,rgb,0.5728,0.5-0.6,,81,2.765,False,0.768
nwpu_positive_045_003,nwpu_positive_045,train,1,airplane,662,643,713,708,3270,927,811,rgb,0.6665,0.6-0.7,,71,3.155,False,0.649
nwpu_positive_046_000,nwpu_positive_046,train,1,airplane,42,232,122,295,5067,970,642,rgb,0.4129,0.4-0.5,,88,2.545,False,0.654
nwpu_positive_046_001,nwpu_positive_046,train,1,airplane,96,319,201,366,4923,970,642,rgb,0.4802,0.4-0.5,,115,1.948,False,0.372
nwpu_positive_046_002,nwpu_positive_046,train,1,airplane,455,354,565,448,10428,970,642,rgb,0.5882,0.5-0.6,,121,1.851,False,0.712
nwpu_positive_046_003,nwpu_positive_046,train,1,airplane,498,513,620,570,6994,970,642,rgb,0.5441,0.5-0.6,,135,1.659,False,0.384
nwpu_positive_046_004,nwpu_positive_046,train,1,airplane,612,210,716,267,5969,970,642,rgb,0.6498,0.6-0.7,,115,1.948,False,0.451
nwpu_positive_046_005,nwpu_positive_046,train,1,airplane,799,45,872,93,3544,970,642,rgb,0.638,0.6-0.7,,80,2.8,False,0.554
nwpu_positive_047_000,nwpu_positive_047,train,1,airplane,42,88,144,142,5492,1209,731,rgb,0.4887,0.4-0.5,,113,1.982,False,0.43
nwpu_positive_047_001,nwpu_positive_047,train,1,airplane,9,165,165,267,15929,1209,731,rgb,0.6369,0.6-0.7,,172,1.302,False,0.538
nwpu_positive_047_002,nwpu_positive_047,train,1,airplane,59,277,207,395,17570,1209,731,rgb,0.472,0.4-0.5,,163,1.374,False,0.661
nwpu_positive_047_003,nwpu_positive_047,train,1,airplane,37,418,121,485,5584,1209,731,rgb,0.5306,0.5-0.6,,93,2.409,False,0.646
nwpu_positive_047_004,nwpu_positive_047,train,1,airplane,39,495,108,546,3524,1209,731,rgb,0.5992,0.5-0.6,,76,2.947,False,0.61
nwpu_positive_047_005,nwpu_positive_047,train,1,airplane,13,558,127,609,5776,1209,731,rgb,0.4862,0.4-0.5,,125,1.792,False,0.37
nwpu_positive_047_006,nwpu_positive_047,train,1,airplane,344,32,443,74,4192,1209,731,rgb,0.5803,0.5-0.6,,109,2.055,False,0.353
nwpu_positive_047_007,nwpu_positive_047,train,1,airplane,352,115,414,182,4142,1209,731,rgb,0.5458,0.5-0.6,,73,3.068,False,0.777
nwpu_positive_047_008,nwpu_positive_047,train,1,airplane,334,180,401,262,5518,1209,731,rgb,0.5818,0.5-0.6,,91,2.462,False,0.666
nwpu_positive_047_009,nwpu_positive_047,train,1,airplane,307,344,375,426,5518,1209,731,rgb,0.5493,0.5-0.6,,90,2.489,False,0.681
nwpu_positive_047_010,nwpu_positive_047,train,1,airplane,298,421,384,481,5138,1209,731,rgb,0.6666,0.6-0.7,,95,2.358,False,0.569
nwpu_positive_047_011,nwpu_positive_047,train,1,airplane,281,509,410,578,8922,1209,731,rgb,0.4544,0.4-0.5,,142,1.577,False,0.442
nwpu_positive_047_012,nwpu_positive_047,train,1,airplane,228,558,304,649,6869,1209,731,rgb,0.6888,0.6-0.7,,100,2.24,False,0.687
nwpu_positive_047_013,nwpu_positive_047,train,1,airplane,337,580,413,691,8567,1209,731,rgb,0.5607,0.5-0.6,,123,1.821,False,0.566
nwpu_positive_047_014,nwpu_positive_047,train,1,airplane,736,90,808,137,3390,1209,731,rgb,0.6729,0.6-0.7,,80,2.8,False,0.53
nwpu_positive_047_015,nwpu_positive_047,train,1,airplane,725,169,799,209,2922,1209,731,rgb,0.5769,0.5-0.6,,81,2.765,False,0.445
nwpu_positive_047_016,nwpu_positive_047,train,1,airplane,705,239,795,310,6403,1209,731,rgb,0.5472,0.5-0.6,,98,2.286,False,0.667
nwpu_positive_047_017,nwpu_positive_047,train,1,airplane,684,318,783,378,5959,1209,731,rgb,0.5755,0.5-0.6,,109,2.055,False,0.502
nwpu_positive_047_018,nwpu_positive_047,train,1,airplane,711,388,788,473,6614,1209,731,rgb,0.6165,0.6-0.7,,94,2.383,False,0.748
nwpu_positive_047_019,nwpu_positive_047,train,1,airplane,679,537,774,578,3906,1209,731,rgb,0.5711,0.5-0.6,,105,2.133,False,0.354
nwpu_positive_047_020,nwpu_positive_047,train,1,airplane,672,636,770,693,5590,1209,731,rgb,0.6423,0.6-0.7,,108,2.074,False,0.479
nwpu_positive_047_021,nwpu_positive_047,train,1,airplane,783,611,846,686,4732,1209,731,rgb,0.6359,0.6-0.7,,83,2.699,False,0.687
nwpu_positive_047_022,nwpu_positive_047,train,1,airplane,1018,14,1079,89,4528,1209,731,rgb,0.537,0.5-0.6,,82,2.732,False,0.673
nwpu_positive_047_023,nwpu_positive_047,train,1,airplane,914,111,1040,157,5817,1209,731,rgb,0.5627,0.5-0.6,,139,1.612,False,0.301
nwpu_positive_047_024,nwpu_positive_047,train,1,airplane,989,152,1073,227,6247,1209,731,rgb,0.5892,0.5-0.6,,92,2.435,False,0.738
nwpu_positive_047_025,nwpu_positive_047,train,1,airplane,1012,264,1115,312,4998,1209,731,rgb,0.4909,0.4-0.5,,113,1.982,False,0.391
nwpu_positive_047_026,nwpu_positive_047,train,1,airplane,969,331,1053,417,7108,1209,731,rgb,0.5763,0.5-0.6,,94,2.383,False,0.804
nwpu_positive_047_027,nwpu_positive_047,train,1,airplane,1000,443,1073,500,4149,1209,731,rgb,0.5387,0.5-0.6,,80,2.8,False,0.648
nwpu_positive_047_028,nwpu_positive_047,train,1,airplane,1013,514,1111,575,6003,1209,731,rgb,0.643,0.6-0.7,,107,2.093,False,0.524
nwpu_positive_047_029,nwpu_positive_047,train,1,airplane,1035,598,1086,708,5643,1209,731,rgb,0.6203,0.6-0.7,,121,1.851,False,0.385
nwpu_positive_047_030,nwpu_positive_047,train,1,airplane,1129,229,1192,332,6404,1209,731,rgb,0.644,0.6-0.7,,113,1.982,False,0.502
nwpu_positive_048_000,nwpu_positive_048,val,1,airplane,76,61,227,171,16637,783,647,rgb,0.5233,0.5-0.6,,166,1.349,False,0.604
nwpu_positive_048_001,nwpu_positive_048,val,1,airplane,151,182,204,264,4393,783,647,rgb,0.4399,0.4-0.5,,90,2.489,False,0.542
nwpu_positive_048_002,nwpu_positive_048,val,1,airplane,0,221,103,374,15858,783,647,rgb,0.4629,0.4-0.5,,169,1.325,False,0.555
nwpu_positive_048_003,nwpu_positive_048,val,1,airplane,284,48,393,95,5070,783,647,rgb,0.5987,0.5-0.6,,119,1.882,False,0.358
nwpu_positive_048_004,nwpu_positive_048,val,1,airplane,330,130,405,173,3276,783,647,rgb,0.6369,0.6-0.7,,83,2.699,False,0.476
nwpu_positive_048_005,nwpu_positive_048,val,1,airplane,351,292,441,359,5952,783,647,rgb,0.6535,0.6-0.7,,98,2.286,False,0.62
nwpu_positive_048_006,nwpu_positive_048,val,1,airplane,187,482,285,556,7153,783,647,rgb,0.5603,0.5-0.6,,107,2.093,False,0.625
nwpu_positive_048_007,nwpu_positive_048,val,1,airplane,599,535,691,586,4682,783,647,rgb,0.4846,0.4-0.5,,101,2.218,False,0.459
nwpu_positive_050_000,nwpu_positive_050,train,1,airplane,76,287,127,325,1917,1105,680,rgb,0.4886,0.4-0.5,,56,4.0,False,0.611
nwpu_positive_050_001,nwpu_positive_050,train,1,airplane,160,297,231,355,4088,1105,680,rgb,0.5978,0.5-0.6,,77,2.909,False,0.689
nwpu_positive_050_002,nwpu_positive_050,train,1,airplane,210,279,286,358,6041,1105,680,rgb,0.4781,0.4-0.5,,88,2.545,False,0.78
nwpu_positive_050_003,nwpu_positive_050,train,1,airplane,309,290,371,383,5768,1105,680,rgb,0.4539,0.4-0.5,,102,2.196,False,0.554
nwpu_positive_050_004,nwpu_positive_050,train,1,airplane,467,264,508,326,2486,1105,680,rgb,0.6397,0.6-0.7,,67,3.343,False,0.554
nwpu_positive_050_005,nwpu_positive_050,train,1,airplane,509,183,571,259,4670,1105,680,rgb,0.6462,0.6-0.7,,83,2.699,False,0.678
nwpu_positive_050_006,nwpu_positive_050,train,1,airplane,614,79,678,139,3806,1105,680,rgb,0.6585,0.6-0.7,,70,3.2,False,0.777
nwpu_positive_050_007,nwpu_positive_050,train,1,airplane,651,12,702,85,3648,1105,680,rgb,0.6016,0.6-0.7,,80,2.8,False,0.57
nwpu_positive_050_008,nwpu_positive_050,train,1,airplane,43,532,114,592,4278,1105,680,rgb,0.5422,0.5-0.6,,78,2.872,False,0.703
nwpu_positive_050_009,nwpu_positive_050,train,1,airplane,211,550,261,625,3775,1105,680,rgb,0.6611,0.6-0.7,,82,2.732,False,0.561
nwpu_positive_050_010,nwpu_positive_050,train,1,airplane,334,580,401,626,3095,1105,680,rgb,0.418,0.4-0.5,,74,3.027,False,0.565
nwpu_positive_050_011,nwpu_positive_050,train,1,airplane,678,298,779,337,3964,1105,680,rgb,0.5372,0.5-0.6,,111,2.018,False,0.322
nwpu_positive_050_012,nwpu_positive_050,train,1,airplane,749,214,826,278,4943,1105,680,rgb,0.4729,0.4-0.5,,85,2.635,False,0.684
nwpu_positive_050_013,nwpu_positive_050,train,1,airplane,1014,414,1077,501,5467,1105,680,rgb,0.4692,0.4-0.5,,95,2.358,False,0.606
nwpu_positive_051_000,nwpu_positive_051,train,1,airplane,36,86,125,134,4326,1052,639,rgb,0.6095,0.6-0.7,,97,2.309,False,0.46
nwpu_positive_051_001,nwpu_positive_051,train,1,airplane,70,274,196,357,10423,1052,639,rgb,0.4487,0.4-0.5,,138,1.623,False,0.547
nwpu_positive_051_002,nwpu_positive_051,train,1,airplane,173,293,226,345,2730,1052,639,rgb,0.4766,0.4-0.5,,58,3.862,False,0.812
nwpu_positive_051_003,nwpu_positive_051,train,1,airplane,284,278,352,400,8270,1052,639,rgb,0.4226,0.4-0.5,,134,1.672,False,0.461
nwpu_positive_051_004,nwpu_positive_051,train,1,airplane,337,235,430,288,4908,1052,639,rgb,0.4086,0.4-0.5,,102,2.196,False,0.472
nwpu_positive_051_005,nwpu_positive_051,train,1,airplane,395,117,467,220,7314,1052,639,rgb,0.422,0.4-0.5,,113,1.982,False,0.573
nwpu_positive_051_006,nwpu_positive_051,train,1,airplane,535,34,621,171,11692,1052,639,rgb,0.5767,0.5-0.6,,151,1.483,False,0.513
nwpu_positive_051_007,nwpu_positive_051,train,1,airplane,632,80,686,151,3809,1052,639,rgb,0.6299,0.6-0.7,,78,2.872,False,0.626
nwpu_positive_051_008,nwpu_positive_051,train,1,airplane,700,125,751,164,2019,1052,639,rgb,0.4817,0.4-0.5,,57,3.93,False,0.622
nwpu_positive_051_009,nwpu_positive_051,train,1,airplane,787,81,883,154,6979,1052,639,rgb,0.459,0.4-0.5,,106,2.113,False,0.621
nwpu_positive_051_010,nwpu_positive_051,train,1,airplane,881,97,940,148,3026,1052,639,rgb,0.5452,0.5-0.6,,65,3.446,False,0.716
nwpu_positive_051_011,nwpu_positive_051,train,1,airplane,945,70,1003,173,6028,1052,639,rgb,0.4068,0.4-0.5,,114,1.965,False,0.464
nwpu_positive_051_012,nwpu_positive_051,train,1,airplane,85,502,146,627,7682,1052,639,rgb,0.4491,0.4-0.5,,138,1.623,False,0.403
nwpu_positive_051_013,nwpu_positive_051,train,1,airplane,156,444,240,577,11199,1052,639,rgb,0.5893,0.5-0.6,,146,1.534,False,0.525
nwpu_positive_051_014,nwpu_positive_051,train,1,airplane,269,493,342,581,6440,1052,639,rgb,0.6574,0.6-0.7,,97,2.309,False,0.684
nwpu_positive_051_015,nwpu_positive_051,train,1,airplane,372,568,414,603,1485,1052,639,rgb,0.6749,0.6-0.7,,47,4.766,False,0.672
nwpu_positive_051_016,nwpu_positive_051,train,1,airplane,707,321,757,395,3713,1052,639,rgb,0.5213,0.5-0.6,,81,2.765,False,0.566
nwpu_positive_051_017,nwpu_positive_051,train,1,airplane,769,337,839,379,2916,1052,639,rgb,0.4228,0.4-0.5,,77,2.909,False,0.492
nwpu_positive_051_018,nwpu_positive_051,train,1,airplane,837,316,885,393,3738,1052,639,rgb,0.5363,0.5-0.6,,85,2.635,False,0.517
nwpu_positive_051_019,nwpu_positive_051,train,1,airplane,893,313,935,380,2771,1052,639,rgb,0.6589,0.6-0.7,,73,3.068,False,0.52
nwpu_positive_051_020,nwpu_positive_051,train,1,airplane,701,512,743,567,2362,1052,639,rgb,0.5311,0.5-0.6,,61,3.672,False,0.635
nwpu_positive_051_021,nwpu_positive_051,train,1,airplane,809,538,866,571,1894,1052,639,rgb,0.6727,0.6-0.7,,63,3.556,False,0.477
nwpu_positive_052_000,nwpu_positive_052,train,1,airplane,45,85,182,176,12383,773,559,rgb,0.6368,0.6-0.7,,151,1.483,False,0.543
nwpu_positive_052_001,nwpu_positive_052,train,1,airplane,58,251,138,315,5093,773,559,rgb,0.4095,0.4-0.5,,88,2.545,False,0.658
nwpu_positive_052_002,nwpu_positive_052,train,1,airplane,73,368,170,442,7229,773,559,rgb,0.6032,0.6-0.7,,107,2.093,False,0.631
nwpu_positive_052_003,nwpu_positive_052,train,1,airplane,366,204,436,297,6531,773,559,rgb,0.6304,0.6-0.7,,102,2.196,False,0.628
nwpu_positive_052_004,nwpu_positive_052,train,1,airplane,391,473,471,525,4142,773,559,rgb,0.5115,0.5-0.6,,88,2.545,False,0.535
nwpu_positive_052_005,nwpu_positive_052,train,1,airplane,620,61,685,128,4314,773,559,rgb,0.6659,0.6-0.7,,73,3.068,False,0.81
nwpu_positive_052_006,nwpu_positive_052,train,1,airplane,586,181,699,252,8134,773,559,rgb,0.5333,0.5-0.6,,125,1.792,False,0.521
nwpu_positive_052_007,nwpu_positive_052,train,1,airplane,628,312,713,379,5656,773,559,rgb,0.6372,0.6-0.7,,93,2.409,False,0.654
nwpu_positive_052_008,nwpu_positive_052,train,1,airplane,621,414,721,464,5007,773,559,rgb,0.6757,0.6-0.7,,110,2.036,False,0.414
nwpu_positive_054_000,nwpu_positive_054,train,1,airplane,179,91,226,179,4161,684,563,rgb,0.4662,0.4-0.5,,97,2.309,False,0.442
nwpu_positive_054_001,nwpu_positive_054,train,1,airplane,144,331,231,374,3781,684,563,rgb,0.5678,0.5-0.6,,95,2.358,False,0.419
nwpu_positive_054_002,nwpu_positive_054,train,1,airplane,387,90,464,151,4718,684,563,rgb,0.5344,0.5-0.6,,85,2.635,False,0.653
nwpu_positive_054_003,nwpu_positive_054,train,1,airplane,350,404,437,449,3930,684,563,rgb,0.417,0.4-0.5,,96,2.333,False,0.426
nwpu_positive_054_004,nwpu_positive_054,train,1,airplane,499,235,580,324,7258,684,563,rgb,0.682,0.6-0.7,,98,2.286,False,0.756
nwpu_positive_055_000,nwpu_positive_055,train,1,airplane,678,237,773,326,8457,929,819,rgb,0.4673,0.4-0.5,,104,2.154,False,0.782
nwpu_positive_055_001,nwpu_positive_055,train,1,airplane,411,425,494,487,5113,929,819,rgb,0.4689,0.4-0.5,,91,2.462,False,0.617
nwpu_positive_056_000,nwpu_positive_056,train,1,airplane,278,488,327,513,1200,952,818,rgb,0.6604,0.6-0.7,,53,4.226,False,0.427
nwpu_positive_056_001,nwpu_positive_056,train,1,airplane,137,728,176,785,2204,952,818,rgb,0.6051,0.6-0.7,,62,3.613,False,0.573
nwpu_positive_056_002,nwpu_positive_056,train,1,airplane,258,724,342,790,5511,952,818,rgb,0.6683,0.6-0.7,,92,2.435,False,0.651
nwpu_positive_056_003,nwpu_positive_056,train,1,airplane,194,657,302,719,6682,952,818,rgb,0.5764,0.5-0.6,,119,1.882,False,0.472
nwpu_positive_056_004,nwpu_positive_056,train,1,airplane,256,614,316,689,4565,952,818,rgb,0.6789,0.6-0.7,,83,2.699,False,0.663
nwpu_positive_056_005,nwpu_positive_056,train,1,airplane,296,582,382,659,6599,952,818,rgb,0.6859,0.6-0.7,,95,2.358,False,0.731
nwpu_positive_056_006,nwpu_positive_056,train,1,airplane,475,610,576,689,7996,952,818,rgb,0.625,0.6-0.7,,111,2.018,False,0.649
nwpu_positive_056_007,nwpu_positive_056,train,1,airplane,607,668,675,745,5224,952,818,rgb,0.4152,0.4-0.5,,84,2.667,False,0.74
nwpu_positive_056_008,nwpu_positive_056,train,1,airplane,596,732,686,808,6884,952,818,rgb,0.6892,0.6-0.7,,100,2.24,False,0.688
nwpu_positive_057_000,nwpu_positive_057,train,1,airplane,72,318,114,382,2688,952,827,rgb,0.6484,0.6-0.7,,71,3.155,False,0.533
nwpu_positive_057_001,nwpu_positive_057,train,1,airplane,568,560,638,621,4355,952,827,rgb,0.5312,0.5-0.6,,78,2.872,False,0.716
nwpu_positive_057_002,nwpu_positive_057,train,1,airplane,629,447,671,514,2779,952,827,rgb,0.5252,0.5-0.6,,73,3.068,False,0.522
nwpu_positive_057_003,nwpu_positive_057,train,1,airplane,849,221,902,289,3606,952,827,rgb,0.4778,0.4-0.5,,75,2.987,False,0.641
nwpu_positive_057_004,nwpu_positive_057,train,1,airplane,839,323,912,388,4749,952,827,rgb,0.5537,0.5-0.6,,81,2.765,False,0.724
nwpu_positive_058_000,nwpu_positive_058,val,1,airplane,109,344,200,384,3560,906,821,rgb,0.4297,0.4-0.5,,100,2.24,False,0.356
nwpu_positive_058_001,nwpu_positive_058,val,1,airplane,246,329,299,410,4350,906,821,rgb,0.5612,0.5-0.6,,89,2.517,False,0.549
nwpu_positive_058_002,nwpu_positive_058,val,1,airplane,65,454,163,523,6821,906,821,rgb,0.6362,0.6-0.7,,108,2.074,False,0.585
nwpu_positive_058_003,nwpu_positive_058,val,1,airplane,165,478,239,571,6876,906,821,rgb,0.6588,0.6-0.7,,102,2.196,False,0.661
nwpu_positive_058_004,nwpu_positive_058,val,1,airplane,39,570,105,630,3927,906,821,rgb,0.4086,0.4-0.5,,73,3.068,False,0.737
nwpu_positive_058_005,nwpu_positive_058,val,1,airplane,343,523,425,609,7048,906,821,rgb,0.5083,0.5-0.6,,94,2.383,False,0.798
nwpu_positive_058_006,nwpu_positive_058,val,1,airplane,336,616,411,728,8321,906,821,rgb,0.5106,0.5-0.6,,123,1.821,False,0.55
nwpu_positive_058_007,nwpu_positive_058,val,1,airplane,448,642,504,711,3867,906,821,rgb,0.4934,0.4-0.5,,76,2.947,False,0.67
nwpu_positive_058_008,nwpu_positive_058,val,1,airplane,526,645,556,735,2669,906,821,rgb,0.4792,0.4-0.5,,99,2.263,False,0.272
nwpu_positive_058_009,nwpu_positive_058,val,1,airplane,604,427,661,477,2874,906,821,rgb,0.529,0.5-0.6,,63,3.556,False,0.724
nwpu_positive_058_010,nwpu_positive_058,val,1,airplane,648,418,704,487,3814,906,821,rgb,0.4946,0.4-0.5,,76,2.947,False,0.66
nwpu_positive_058_011,nwpu_positive_058,val,1,airplane,819,534,889,612,5396,906,821,rgb,0.4199,0.4-0.5,,85,2.635,False,0.747
nwpu_positive_059_000,nwpu_positive_059,train,1,airplane,66,315,125,414,5842,904,771,rgb,0.422,0.4-0.5,,108,2.074,False,0.501
nwpu_positive_059_001,nwpu_positive_059,train,1,airplane,433,308,479,349,1826,904,771,rgb,0.6756,0.6-0.7,,50,4.48,False,0.731
nwpu_positive_059_002,nwpu_positive_059,train,1,airplane,549,122,593,202,3537,904,771,rgb,0.6175,0.6-0.7,,88,2.545,False,0.457
nwpu_positive_059_003,nwpu_positive_059,train,1,airplane,523,219,556,269,1678,904,771,rgb,0.48,0.4-0.5,,55,4.073,False,0.555
nwpu_positive_059_004,nwpu_positive_059,train,1,airplane,566,247,615,276,1399,904,771,rgb,0.5783,0.5-0.6,,53,4.226,False,0.498
nwpu_positive_059_005,nwpu_positive_059,train,1,airplane,767,453,848,528,6099,904,771,rgb,0.6076,0.6-0.7,,89,2.517,False,0.77
nwpu_positive_059_006,nwpu_positive_059,train,1,airplane,783,550,857,650,7444,904,771,rgb,0.4873,0.4-0.5,,110,2.036,False,0.615
nwpu_positive_059_007,nwpu_positive_059,train,1,airplane,750,637,852,697,6164,904,771,rgb,0.5878,0.5-0.6,,112,2.0,False,0.491
nwpu_positive_060_000,nwpu_positive_060,val,1,airplane,85,627,194,721,10332,943,823,rgb,0.6614,0.6-0.7,,120,1.867,False,0.718
nwpu_positive_060_001,nwpu_positive_060,val,1,airplane,507,74,599,122,4444,943,823,rgb,0.5566,0.5-0.6,,101,2.218,False,0.436
nwpu_positive_061_000,nwpu_positive_061,train,1,airplane,756,196,818,233,2308,966,769,rgb,0.4007,0.4-0.5,,68,3.294,False,0.499
nwpu_positive_061_001,nwpu_positive_061,train,1,airplane,680,290,803,377,10617,966,769,rgb,0.6251,0.6-0.7,,135,1.659,False,0.583
nwpu_positive_061_002,nwpu_positive_061,train,1,airplane,663,381,728,453,4648,966,769,rgb,0.647,0.6-0.7,,79,2.835,False,0.745
nwpu_positive_061_003,nwpu_positive_061,train,1,airplane,567,596,638,686,6375,966,769,rgb,0.4228,0.4-0.5,,99,2.263,False,0.65
nwpu_positive_062_000,nwpu_positive_062,train,1,airplane,380,514,468,587,6414,939,805,rgb,0.4256,0.4-0.5,,97,2.309,False,0.682
nwpu_positive_062_001,nwpu_positive_062,train,1,airplane,832,402,928,553,14454,939,805,rgb,0.5077,0.5-0.6,,166,1.349,False,0.525
nwpu_positive_063_000,nwpu_positive_063,train,1,airplane,218,340,326,464,13341,968,723,rgb,0.6782,0.6-0.7,,137,1.635,False,0.711
nwpu_positive_063_001,nwpu_positive_063,train,1,airplane,81,549,188,642,9816,968,723,rgb,0.6169,0.6-0.7,,117,1.915,False,0.717
nwpu_positive_063_002,nwpu_positive_063,train,1,airplane,527,475,598,539,4564,968,723,rgb,0.4188,0.4-0.5,,79,2.835,False,0.731
nwpu_positive_063_003,nwpu_positive_063,train,1,airplane,724,126,751,175,1299,968,723,rgb,0.4741,0.4-0.5,,54,4.148,False,0.445
nwpu_positive_063_004,nwpu_positive_063,train,1,airplane,789,525,860,658,9440,968,723,rgb,0.4896,0.4-0.5,,147,1.524,False,0.437
nwpu_positive_064_000,nwpu_positive_064,train,1,airplane,181,463,240,505,2486,973,767,rgb,0.4418,0.4-0.5,,65,3.446,False,0.588
nwpu_positive_064_001,nwpu_positive_064,train,1,airplane,385,90,432,134,2064,973,767,rgb,0.5271,0.5-0.6,,52,4.308,False,0.763
nwpu_positive_065_000,nwpu_positive_065,train,1,airplane,359,194,414,279,4679,977,758,rgb,0.6083,0.6-0.7,,94,2.383,False,0.53
nwpu_positive_065_001,nwpu_positive_065,train,1,airplane,433,251,464,301,1576,977,758,rgb,0.6129,0.6-0.7,,55,4.073,False,0.521
nwpu_positive_065_002,nwpu_positive_065,train,1,airplane,239,544,289,577,1675,977,758,rgb,0.6605,0.6-0.7,,55,4.073,False,0.554
nwpu_positive_065_003,nwpu_positive_065,train,1,airplane,189,578,254,642,4198,977,758,rgb,0.4301,0.4-0.5,,72,3.111,False,0.81
nwpu_positive_065_004,nwpu_positive_065,train,1,airplane,143,640,190,714,3480,977,758,rgb,0.64,0.6-0.7,,81,2.765,False,0.53
nwpu_positive_066_000,nwpu_positive_066,train,1,airplane,245,395,354,549,16849,973,760,rgb,0.5325,0.5-0.6,,170,1.318,False,0.583
nwpu_positive_066_001,nwpu_positive_066,train,1,airplane,375,438,467,546,9991,973,760,rgb,0.5777,0.5-0.6,,119,1.882,False,0.706
nwpu_positive_066_002,nwpu_positive_066,train,1,airplane,483,355,586,442,8979,973,760,rgb,0.5441,0.5-0.6,,114,1.965,False,0.691
nwpu_positive_066_003,nwpu_positive_066,train,1,airplane,668,528,793,645,14617,973,760,rgb,0.5959,0.5-0.6,,138,1.623,False,0.768
nwpu_positive_067_000,nwpu_positive_067,train,1,airplane,184,678,281,765,8475,981,765,rgb,0.6085,0.6-0.7,,107,2.093,False,0.74
nwpu_positive_067_001,nwpu_positive_067,train,3,storage_tank,473,100,531,135,2035,981,765,rgb,0.5923,0.5-0.6,,64,3.5,False,0.497
nwpu_positive_067_002,nwpu_positive_067,train,3,storage_tank,508,156,573,189,2148,981,765,rgb,0.5354,0.5-0.6,,72,3.111,False,0.414
nwpu_positive_067_003,nwpu_positive_067,train,3,storage_tank,545,76,598,127,2651,981,765,rgb,0.6949,0.6-0.7,,57,3.93,False,0.816
nwpu_positive_067_004,nwpu_positive_067,train,3,storage_tank,568,105,621,174,3593,981,765,rgb,0.5243,0.5-0.6,,75,2.987,False,0.639
nwpu_positive_067_005,nwpu_positive_067,train,3,storage_tank,602,67,643,106,1616,981,765,rgb,0.5487,0.5-0.6,,45,4.978,False,0.798
nwpu_positive_067_006,nwpu_positive_067,train,3,storage_tank,640,104,685,160,2563,981,765,rgb,0.4353,0.4-0.5,,62,3.613,False,0.667
nwpu_positive_067_007,nwpu_positive_067,train,3,storage_tank,660,42,716,75,1838,981,765,rgb,0.5738,0.5-0.6,,62,3.613,False,0.478
nwpu_positive_067_008,nwpu_positive_067,train,3,storage_tank,685,88,738,135,2472,981,765,rgb,0.6549,0.6-0.7,,58,3.862,False,0.735
nwpu_positive_068_000,nwpu_positive_068,train,1,airplane,211,360,269,417,3268,986,773,rgb,0.6742,0.6-0.7,,64,3.5,False,0.798
nwpu_positive_068_001,nwpu_positive_068,train,1,airplane,361,284,414,315,1634,986,773,rgb,0.6536,0.6-0.7,,59,3.797,False,0.469
nwpu_positive_068_002,nwpu_positive_068,train,1,airplane,511,185,581,232,3322,986,773,rgb,0.4663,0.4-0.5,,77,2.909,False,0.56
nwpu_positive_068_003,nwpu_positive_068,train,1,airplane,462,482,494,518,1133,986,773,rgb,0.6323,0.6-0.7,,39,5.744,False,0.745
nwpu_positive_068_004,nwpu_positive_068,train,1,airplane,539,693,595,735,2382,986,773,rgb,0.6417,0.6-0.7,,62,3.613,False,0.62
nwpu_positive_068_005,nwpu_positive_068,train,1,airplane,761,241,804,288,2011,986,773,rgb,0.6204,0.6-0.7,,52,4.308,False,0.744
nwpu_positive_068_006,nwpu_positive_068,train,1,airplane,782,302,824,351,2081,986,773,rgb,0.545,0.5-0.6,,54,4.148,False,0.713
nwpu_positive_070_000,nwpu_positive_070,train,1,airplane,366,37,401,73,1232,977,772,rgb,0.514,0.5-0.6,,39,5.744,False,0.81
nwpu_positive_070_001,nwpu_positive_070,train,1,airplane,68,139,106,181,1573,977,772,rgb,0.5098,0.5-0.6,,46,4.87,False,0.744
nwpu_positive_070_002,nwpu_positive_070,train,1,airplane,107,184,183,248,4876,977,772,rgb,0.6279,0.6-0.7,,84,2.667,False,0.691
nwpu_positive_070_003,nwpu_positive_070,train,1,airplane,150,249,213,293,2741,977,772,rgb,0.623,0.6-0.7,,69,3.246,False,0.576
nwpu_positive_070_004,nwpu_positive_070,train,1,airplane,212,357,286,411,4034,977,772,rgb,0.5449,0.5-0.6,,81,2.765,False,0.615
nwpu_positive_070_005,nwpu_positive_070,train,1,airplane,352,561,441,640,7004,977,772,rgb,0.4697,0.4-0.5,,97,2.309,False,0.744
nwpu_positive_070_006,nwpu_positive_070,train,1,airplane,456,655,500,711,2470,977,772,rgb,0.4144,0.4-0.5,,62,3.613,False,0.643
nwpu_positive_071_000,nwpu_positive_071,train,1,airplane,25,77,95,133,3950,978,748,rgb,0.6426,0.6-0.7,,77,2.909,False,0.666
nwpu_positive_071_001,nwpu_positive_071,train,1,airplane,73,139,149,219,6017,978,748,rgb,0.6207,0.6-0.7,,88,2.545,False,0.777
nwpu_positive_071_002,nwpu_positive_071,train,1,airplane,173,238,221,300,3021,978,748,rgb,0.6938,0.6-0.7,,69,3.246,False,0.634
nwpu_positive_071_003,nwpu_positive_071,train,1,airplane,230,281,288,367,4950,978,748,rgb,0.4434,0.4-0.5,,94,2.383,False,0.56
nwpu_positive_071_004,nwpu_positive_071,train,1,airplane,380,236,409,260,670,978,748,rgb,0.5059,0.5-0.6,,31,7.226,True,0.697
nwpu_positive_071_005,nwpu_positive_071,train,1,airplane,423,303,465,325,962,978,748,rgb,0.4822,0.4-0.5,,47,4.766,False,0.435
nwpu_positive_071_006,nwpu_positive_071,train,1,airplane,424,538,453,599,1792,978,748,rgb,0.4973,0.4-0.5,,67,3.343,False,0.399
nwpu_positive_071_007,nwpu_positive_071,train,1,airplane,479,516,534,550,1901,978,748,rgb,0.6268,0.6-0.7,,61,3.672,False,0.511
nwpu_positive_071_008,nwpu_positive_071,train,1,airplane,553,415,618,492,4938,978,748,rgb,0.6027,0.6-0.7,,85,2.635,False,0.683
nwpu_positive_071_009,nwpu_positive_071,train,1,airplane,619,644,693,721,5692,978,748,rgb,0.4756,0.4-0.5,,85,2.635,False,0.788
nwpu_positive_071_010,nwpu_positive_071,train,1,airplane,687,579,761,667,6480,978,748,rgb,0.5417,0.5-0.6,,97,2.309,False,0.689
nwpu_positive_072_000,nwpu_positive_072,train,1,airplane,431,175,475,244,2982,974,763,rgb,0.5296,0.5-0.6,,76,2.947,False,0.516
nwpu_positive_072_001,nwpu_positive_072,train,1,airplane,401,402,449,457,2673,974,763,rgb,0.6053,0.6-0.7,,61,3.672,False,0.718
nwpu_positive_072_002,nwpu_positive_072,train,1,airplane,563,463,596,547,2783,974,763,rgb,0.582,0.5-0.6,,92,2.435,False,0.329
nwpu_positive_073_000,nwpu_positive_073,train,1,airplane,150,365,221,447,5840,979,751,rgb,0.5676,0.5-0.6,,90,2.489,False,0.721
nwpu_positive_074_000,nwpu_positive_074,train,1,airplane,339,284,401,351,4212,975,773,rgb,0.4001,0.4-0.5,,75,2.987,False,0.749
nwpu_positive_074_001,nwpu_positive_074,train,1,airplane,643,415,679,482,2412,975,773,rgb,0.6142,0.6-0.7,,74,3.027,False,0.441
nwpu_positive_074_002,nwpu_positive_074,train,1,airplane,602,628,660,672,2572,975,773,rgb,0.5766,0.5-0.6,,65,3.446,False,0.609
nwpu_positive_075_000,nwpu_positive_075,val,1,airplane,165,330,257,414,7621,971,746,rgb,0.4279,0.4-0.5,,101,2.218,False,0.747
nwpu_positive_075_001,nwpu_positive_075,val,1,airplane,492,425,549,471,2638,971,746,rgb,0.4579,0.4-0.5,,63,3.556,False,0.665
nwpu_positive_075_002,nwpu_positive_075,val,1,airplane,742,451,816,534,6179,971,746,rgb,0.4197,0.4-0.5,,92,2.435,False,0.73
nwpu_positive_075_003,nwpu_positive_075,val,1,airplane,795,512,872,568,4354,971,746,rgb,0.6029,0.6-0.7,,85,2.635,False,0.603
nwpu_positive_077_000,nwpu_positive_077,train,1,airplane,378,520,411,561,1363,971,749,rgb,0.4332,0.4-0.5,,46,4.87,False,0.644
nwpu_positive_077_001,nwpu_positive_077,train,1,airplane,397,389,468,448,4253,971,749,rgb,0.6716,0.6-0.7,,78,2.872,False,0.699
nwpu_positive_077_002,nwpu_positive_077,train,1,airplane,688,75,716,111,995,971,749,rgb,0.5776,0.5-0.6,,39,5.744,False,0.654
nwpu_positive_077_003,nwpu_positive_077,train,1,airplane,691,317,722,361,1383,971,749,rgb,0.5737,0.5-0.6,,48,4.667,False,0.6
nwpu_positive_077_004,nwpu_positive_077,train,1,airplane,746,277,775,337,1754,971,749,rgb,0.5437,0.5-0.6,,66,3.394,False,0.403
nwpu_positive_077_005,nwpu_positive_077,train,1,airplane,802,263,855,315,2742,971,749,rgb,0.4899,0.4-0.5,,58,3.862,False,0.815
nwpu_positive_078_000,nwpu_positive_078,train,1,airplane,324,88,403,166,6160,969,741,rgb,0.4173,0.4-0.5,,87,2.575,False,0.814
nwpu_positive_078_001,nwpu_positive_078,train,1,airplane,408,53,467,110,3313,969,741,rgb,0.539,0.5-0.6,,64,3.5,False,0.809
nwpu_positive_078_002,nwpu_positive_078,train,1,airplane,316,472,353,540,2531,969,741,rgb,0.5277,0.5-0.6,,74,3.027,False,0.462
nwpu_positive_078_003,nwpu_positive_078,train,1,airplane,418,548,470,620,3722,969,741,rgb,0.6435,0.6-0.7,,79,2.835,False,0.596
nwpu_positive_079_000,nwpu_positive_079,train,1,airplane,181,95,232,153,2979,881,661,rgb,0.537,0.5-0.6,,64,3.5,False,0.727
nwpu_positive_079_001,nwpu_positive_079,train,1,airplane,493,469,587,579,10267,881,661,rgb,0.5979,0.5-0.6,,120,1.867,False,0.713
nwpu_positive_080_000,nwpu_positive_080,train,1,airplane,228,126,310,176,4138,1003,594,rgb,0.6324,0.6-0.7,,90,2.489,False,0.511
nwpu_positive_080_001,nwpu_positive_080,train,1,airplane,464,290,546,395,8607,1003,594,rgb,0.6392,0.6-0.7,,116,1.931,False,0.64
nwpu_positive_080_002,nwpu_positive_080,train,1,airplane,504,358,586,449,7461,1003,594,rgb,0.6087,0.6-0.7,,100,2.24,False,0.746
nwpu_positive_081_000,nwpu_positive_081,val,4,baseball_diamond,833,195,925,284,8240,1075,704,rgb,0.6485,0.6-0.7,,102,2.196,False,0.792
nwpu_positive_081_001,nwpu_positive_081,val,4,baseball_diamond,812,480,902,548,6118,1075,704,rgb,0.6764,0.6-0.7,,99,2.263,False,0.624
nwpu_positive_081_002,nwpu_positive_081,val,4,baseball_diamond,279,386,329,494,5354,1075,704,rgb,0.4282,0.4-0.5,,118,1.898,False,0.385
nwpu_positive_081_003,nwpu_positive_081,val,5,tennis_court,634,45,676,97,2171,1075,704,rgb,0.6065,0.6-0.7,,58,3.862,False,0.645
nwpu_positive_081_004,nwpu_positive_081,val,5,tennis_court,639,120,685,163,1977,1075,704,rgb,0.6107,0.6-0.7,,51,4.392,False,0.76
nwpu_positive_081_005,nwpu_positive_081,val,5,tennis_court,647,152,687,209,2311,1075,704,rgb,0.5035,0.5-0.6,,63,3.556,False,0.582
nwpu_positive_081_006,nwpu_positive_081,val,5,tennis_court,660,210,682,279,1527,1075,704,rgb,0.5591,0.5-0.6,,77,2.909,False,0.258
nwpu_positive_081_007,nwpu_positive_081,val,5,tennis_court,644,273,687,346,3197,1075,704,rgb,0.5508,0.5-0.6,,81,2.765,False,0.487
nwpu_positive_081_008,nwpu_positive_081,val,5,tennis_court,654,350,690,408,2094,1075,704,rgb,0.5355,0.5-0.6,,64,3.5,False,0.511
nwpu_positive_082_000,nwpu_positive_082,train,4,baseball_diamond,844,93,908,186,5996,1054,693,rgb,0.414,0.4-0.5,,103,2.175,False,0.565
nwpu_positive_082_001,nwpu_positive_082,train,4,baseball_diamond,809,510,918,598,9496,1054,693,rgb,0.5473,0.5-0.6,,120,1.867,False,0.659
nwpu_positive_083_000,nwpu_positive_083,train,4,baseball_diamond,446,177,533,302,10760,1051,705,rgb,0.6162,0.6-0.7,,137,1.635,False,0.573
nwpu_positive_083_001,nwpu_positive_083,train,4,baseball_diamond,697,190,751,273,4539,1051,705,rgb,0.5136,0.5-0.6,,92,2.435,False,0.536
nwpu_positive_083_002,nwpu_positive_083,train,4,baseball_diamond,535,410,599,502,5909,1051,705,rgb,0.6298,0.6-0.7,,101,2.218,False,0.579
nwpu_positive_083_003,nwpu_positive_083,train,4,baseball_diamond,253,445,358,572,13425,1051,705,rgb,0.5003,0.5-0.6,,140,1.6,False,0.685
nwpu_positive_084_000,nwpu_positive_084,train,4,baseball_diamond,525,205,667,343,19570,1073,704,rgb,0.4201,0.4-0.5,,156,1.436,False,0.804
nwpu_positive_084_001,nwpu_positive_084,train,5,tennis_court,511,385,582,489,7454,1073,704,rgb,0.6443,0.6-0.7,,115,1.948,False,0.564
nwpu_positive_084_002,nwpu_positive_084,train,6,basketball_court,421,449,570,524,11234,1073,704,rgb,0.6133,0.6-0.7,,164,1.366,False,0.418
nwpu_positive_085_000,nwpu_positive_085,train,4,baseball_diamond,343,207,438,263,5251,1070,700,rgb,0.6017,0.6-0.7,,104,2.154,False,0.486
nwpu_positive_085_001,nwpu_positive_085,train,4,baseball_diamond,500,203,566,332,8509,1070,700,rgb,0.4461,0.4-0.5,,142,1.577,False,0.422
nwpu_positive_085_002,nwpu_positive_085,train,5,tennis_court,456,492,496,556,2508,1070,700,rgb,0.6802,0.6-0.7,,70,3.2,False,0.512
nwpu_positive_085_003,nwpu_positive_085,train,5,tennis_court,500,508,533,560,1702,1070,700,rgb,0.5076,0.5-0.6,,57,3.93,False,0.524
nwpu_positive_085_004,nwpu_positive_085,train,6,basketball_court,426,489,455,577,2571,1070,700,rgb,0.6231,0.6-0.7,,97,2.309,False,0.273
nwpu_positive_087_000,nwpu_positive_087,train,4,baseball_diamond,485,181,580,253,6789,955,587,rgb,0.428,0.4-0.5,,105,2.133,False,0.616
nwpu_positive_087_001,nwpu_positive_087,train,4,baseball_diamond,574,263,629,340,4255,955,587,rgb,0.529,0.5-0.6,,85,2.635,False,0.589
nwpu_positive_087_002,nwpu_positive_087,train,4,baseball_diamond,690,344,780,398,4937,955,587,rgb,0.5503,0.5-0.6,,100,2.24,False,0.494
nwpu_positive_087_003,nwpu_positive_087,train,4,baseball_diamond,496,409,626,514,13650,955,587,rgb,0.4276,0.4-0.5,,143,1.566,False,0.668
nwpu_positive_088_000,nwpu_positive_088,train,4,baseball_diamond,504,21,551,71,2303,1156,607,rgb,0.6066,0.6-0.7,,54,4.148,False,0.79
nwpu_positive_088_001,nwpu_positive_088,train,4,baseball_diamond,609,120,676,167,3189,1156,607,rgb,0.5231,0.5-0.6,,74,3.027,False,0.582
nwpu_positive_088_002,nwpu_positive_088,train,4,baseball_diamond,532,495,646,590,10862,1156,607,rgb,0.5029,0.5-0.6,,126,1.778,False,0.684
nwpu_positive_089_000,nwpu_positive_089,train,4,baseball_diamond,480,270,544,354,5393,1082,706,rgb,0.56,0.5-0.6,,92,2.435,False,0.637
nwpu_positive_090_000,nwpu_positive_090,train,4,baseball_diamond,732,87,859,197,13984,1072,702,rgb,0.4777,0.4-0.5,,140,1.6,False,0.713
nwpu_positive_090_001,nwpu_positive_090,train,4,baseball_diamond,871,121,995,262,17478,1072,702,rgb,0.5528,0.5-0.6,,154,1.455,False,0.737
nwpu_positive_091_000,nwpu_positive_091,train,4,baseball_diamond,526,195,606,328,10631,1029,698,rgb,0.6056,0.6-0.7,,146,1.534,False,0.499
nwpu_positive_092_000,nwpu_positive_092,train,4,baseball_diamond,334,81,427,170,8224,1074,706,rgb,0.6128,0.6-0.7,,102,2.196,False,0.791
nwpu_positive_092_001,nwpu_positive_092,train,4,baseball_diamond,274,112,357,217,8692,1074,706,rgb,0.4596,0.4-0.5,,116,1.931,False,0.646
nwpu_positive_092_002,nwpu_positive_092,train,4,baseball_diamond,514,364,593,461,7665,1074,706,rgb,0.4703,0.4-0.5,,107,2.093,False,0.669
nwpu_positive_092_003,nwpu_positive_092,train,4,baseball_diamond,349,431,470,535,12701,1074,706,rgb,0.5265,0.5-0.6,,133,1.684,False,0.718
nwpu_positive_092_004,nwpu_positive_092,train,4,baseball_diamond,597,410,730,554,19162,1074,706,rgb,0.411,0.4-0.5,,158,1.418,False,0.768
nwpu_positive_092_005,nwpu_positive_092,train,4,baseball_diamond,447,525,613,627,16981,1074,706,rgb,0.4735,0.4-0.5,,183,1.224,False,0.507
nwpu_positive_093_000,nwpu_positive_093,train,4,baseball_diamond,358,133,419,168,2136,726,538,rgb,0.5972,0.5-0.6,,66,3.394,False,0.49
nwpu_positive_093_001,nwpu_positive_093,train,4,baseball_diamond,313,179,399,249,5987,726,538,rgb,0.6157,0.6-0.7,,94,2.383,False,0.678
nwpu_positive_093_002,nwpu_positive_093,train,4,baseball_diamond,336,295,403,374,5231,726,538,rgb,0.5057,0.5-0.6,,86,2.605,False,0.707
nwpu_positive_093_003,nwpu_positive_093,train,4,baseball_diamond,207,386,281,476,6653,726,538,rgb,0.6061,0.6-0.7,,99,2.263,False,0.679
nwpu_positive_093_004,nwpu_positive_093,train,4,baseball_diamond,174,486,249,535,3677,726,538,rgb,0.6052,0.6-0.7,,82,2.732,False,0.547
nwpu_positive_094_000,nwpu_positive_094,train,4,baseball_diamond,285,60,374,186,11208,1060,702,rgb,0.6237,0.6-0.7,,138,1.623,False,0.589
nwpu_positive_094_001,nwpu_positive_094,train,4,baseball_diamond,300,474,383,559,7070,1060,702,rgb,0.5341,0.5-0.6,,93,2.409,False,0.817
nwpu_positive_094_002,nwpu_positive_094,train,5,tennis_court,52,33,115,111,4886,1060,702,rgb,0.5966,0.5-0.6,,87,2.575,False,0.646
nwpu_positive_094_003,nwpu_positive_094,train,5,tennis_court,41,114,108,194,5443,1060,702,rgb,0.4845,0.4-0.5,,89,2.517,False,0.687
nwpu_positive_094_004,nwpu_positive_094,train,5,tennis_court,54,165,93,257,3542,1060,702,rgb,0.5422,0.5-0.6,,101,2.218,False,0.347
nwpu_positive_094_005,nwpu_positive_094,train,5,tennis_court,60,286,110,339,2732,1060,702,rgb,0.4632,0.4-0.5,,59,3.797,False,0.785
nwpu_positive_096_000,nwpu_positive_096,train,4,baseball_diamond,352,281,444,369,8074,1068,697,rgb,0.6507,0.6-0.7,,101,2.218,False,0.791
nwpu_positive_096_001,nwpu_positive_096,train,4,baseball_diamond,538,443,611,500,4172,1068,697,rgb,0.5844,0.5-0.6,,80,2.8,False,0.652
nwpu_positive_096_002,nwpu_positive_096,train,6,basketball_court,148,218,335,407,35342,1068,697,rgb,0.5156,0.5-0.6,,208,1.077,False,0.817
nwpu_positive_097_000,nwpu_positive_097,train,4,baseball_diamond,67,246,140,353,7850,1067,682,rgb,0.6032,0.6-0.7,,118,1.898,False,0.564
nwpu_positive_097_001,nwpu_positive_097,train,4,baseball_diamond,384,199,444,283,4991,1067,682,rgb,0.6841,0.6-0.7,,92,2.435,False,0.59
nwpu_positive_097_002,nwpu_positive_097,train,4,baseball_diamond,336,340,389,396,2920,1067,682,rgb,0.4621,0.4-0.5,,61,3.672,False,0.785
nwpu_positive_097_003,nwpu_positive_097,train,4,baseball_diamond,200,389,285,461,6148,1067,682,rgb,0.4663,0.4-0.5,,94,2.383,False,0.696
nwpu_positive_097_004,nwpu_positive_097,train,4,baseball_diamond,866,308,929,378,4384,1067,682,rgb,0.4232,0.4-0.5,,77,2.909,False,0.739
nwpu_positive_097_005,nwpu_positive_097,train,4,baseball_diamond,965,513,1029,567,3485,1067,682,rgb,0.4309,0.4-0.5,,70,3.2,False,0.711
nwpu_positive_098_000,nwpu_positive_098,train,4,baseball_diamond,214,202,290,290,6703,1060,704,rgb,0.5197,0.5-0.6,,96,2.333,False,0.727
nwpu_positive_098_001,nwpu_positive_098,train,4,baseball_diamond,613,80,671,194,6603,1060,704,rgb,0.584,0.5-0.6,,125,1.792,False,0.423
nwpu_positive_098_002,nwpu_positive_098,train,4,baseball_diamond,500,295,593,415,11192,1060,704,rgb,0.5636,0.5-0.6,,132,1.697,False,0.642
nwpu_positive_098_003,nwpu_positive_098,train,4,baseball_diamond,378,444,451,529,6204,1060,704,rgb,0.6992,0.6-0.7,,93,2.409,False,0.717
nwpu_positive_098_004,nwpu_positive_098,train,4,baseball_diamond,583,530,649,619,5916,1060,704,rgb,0.6321,0.6-0.7,,98,2.286,False,0.616
nwpu_positive_098_005,nwpu_positive_098,train,4,baseball_diamond,756,349,834,447,7667,1060,704,rgb,0.6213,0.6-0.7,,107,2.093,False,0.67
nwpu_positive_099_000,nwpu_positive_099,train,4,baseball_diamond,199,464,288,538,6604,1065,702,rgb,0.6803,0.6-0.7,,97,2.309,False,0.702
nwpu_positive_099_001,nwpu_positive_099,train,4,baseball_diamond,551,335,652,405,7113,1065,702,rgb,0.5315,0.5-0.6,,111,2.018,False,0.577
nwpu_positive_099_002,nwpu_positive_099,train,4,baseball_diamond,473,514,564,619,9510,1065,702,rgb,0.6393,0.6-0.7,,115,1.948,False,0.719
nwpu_positive_099_003,nwpu_positive_099,train,4,baseball_diamond,715,572,816,641,6989,1065,702,rgb,0.6763,0.6-0.7,,110,2.036,False,0.578
nwpu_positive_099_004,nwpu_positive_099,train,6,basketball_court,471,108,612,268,22551,1065,702,rgb,0.6409,0.6-0.7,,176,1.273,False,0.728
nwpu_positive_100_000,nwpu_positive_100,val,4,baseball_diamond,319,223,397,359,10615,1078,702,rgb,0.495,0.4-0.5,,149,1.503,False,0.478
nwpu_positive_102_000,nwpu_positive_102,train,4,baseball_diamond,455,173,549,293,11368,1069,709,rgb,0.6898,0.6-0.7,,133,1.684,False,0.643
nwpu_positive_102_001,nwpu_positive_102,train,4,baseball_diamond,516,383,595,515,10477,1069,709,rgb,0.5602,0.5-0.6,,145,1.545,False,0.498
nwpu_positive_102_002,nwpu_positive_102,train,4,baseball_diamond,705,438,792,514,6580,1069,709,rgb,0.606,0.6-0.7,,95,2.358,False,0.729
nwpu_positive_102_003,nwpu_positive_102,train,5,tennis_court,263,153,362,199,4560,1069,709,rgb,0.5221,0.5-0.6,,108,2.074,False,0.391
nwpu_positive_102_004,nwpu_positive_102,train,5,tennis_court,324,106,393,159,3669,1069,709,rgb,0.5481,0.5-0.6,,76,2.947,False,0.635
nwpu_positive_102_005,nwpu_positive_102,train,5,tennis_court,330,100,404,155,4028,1069,709,rgb,0.5992,0.5-0.6,,81,2.765,False,0.614
nwpu_positive_102_006,nwpu_positive_102,train,5,tennis_court,358,74,423,151,4986,1069,709,rgb,0.4171,0.4-0.5,,85,2.635,False,0.69
nwpu_positive_103_000,nwpu_positive_103,val,4,baseball_diamond,123,320,220,427,10345,878,473,rgb,0.5559,0.5-0.6,,118,1.898,False,0.743
nwpu_positive_103_001,nwpu_positive_103,val,4,baseball_diamond,356,239,496,335,13526,878,473,rgb,0.4536,0.4-0.5,,155,1.445,False,0.563
nwpu_positive_103_002,nwpu_positive_103,val,4,baseball_diamond,602,339,676,399,4451,878,473,rgb,0.6027,0.6-0.7,,82,2.732,False,0.662
nwpu_positive_104_000,nwpu_positive_104,train,4,baseball_diamond,55,53,115,120,4040,1068,712,rgb,0.475,0.4-0.5,,75,2.987,False,0.718
nwpu_positive_104_001,nwpu_positive_104,train,4,baseball_diamond,156,94,228,156,4431,1068,712,rgb,0.6124,0.6-0.7,,78,2.872,False,0.728
nwpu_positive_104_002,nwpu_positive_104,train,4,baseball_diamond,586,400,651,452,3300,1068,712,rgb,0.5931,0.5-0.6,,71,3.155,False,0.655
nwpu_positive_104_003,nwpu_positive_104,train,4,baseball_diamond,698,478,764,543,4232,1068,712,rgb,0.5456,0.5-0.6,,72,3.111,False,0.816
nwpu_positive_104_004,nwpu_positive_104,train,4,baseball_diamond,605,599,683,655,4341,1068,712,rgb,0.6514,0.6-0.7,,86,2.605,False,0.587
nwpu_positive_104_005,nwpu_positive_104,train,4,baseball_diamond,917,64,997,139,5983,1068,712,rgb,0.5486,0.5-0.6,,88,2.545,False,0.773
nwpu_positive_105_000,nwpu_positive_105,train,4,baseball_diamond,791,76,868,207,10084,1063,692,rgb,0.6502,0.6-0.7,,144,1.556,False,0.486
nwpu_positive_105_001,nwpu_positive_105,train,7,ground_track_field,573,213,784,524,65683,1063,692,rgb,0.4181,0.4-0.5,,341,0.657,False,0.565
nwpu_positive_106_000,nwpu_positive_106,train,4,baseball_diamond,306,213,378,339,9017,1019,699,rgb,0.518,0.5-0.6,,138,1.623,False,0.473
nwpu_positive_107_000,nwpu_positive_107,train,4,baseball_diamond,550,131,617,254,8297,1053,696,rgb,0.5911,0.5-0.6,,135,1.659,False,0.455
nwpu_positive_107_001,nwpu_positive_107,train,4,baseball_diamond,471,351,609,481,17900,1053,696,rgb,0.5112,0.5-0.6,,151,1.483,False,0.785
nwpu_positive_108_000,nwpu_positive_108,train,4,baseball_diamond,184,93,251,206,7474,1063,708,rgb,0.6148,0.6-0.7,,123,1.821,False,0.494
nwpu_positive_108_001,nwpu_positive_108,train,4,baseball_diamond,687,158,815,221,8055,1063,708,rgb,0.4171,0.4-0.5,,141,1.589,False,0.405
nwpu_positive_108_002,nwpu_positive_108,train,4,baseball_diamond,457,293,587,378,11021,1063,708,rgb,0.5331,0.5-0.6,,142,1.577,False,0.547
nwpu_positive_108_003,nwpu_positive_108,train,4,baseball_diamond,318,456,381,537,5119,1063,708,rgb,0.5794,0.5-0.6,,89,2.517,False,0.646
nwpu_positive_109_000,nwpu_positive_109,train,4,baseball_diamond,407,318,557,460,21248,1061,697,rgb,0.5226,0.5-0.6,,165,1.358,False,0.78
nwpu_positive_110_000,nwpu_positive_110,train,4,baseball_diamond,381,266,537,351,13383,1058,689,rgb,0.4014,0.4-0.5,,173,1.295,False,0.447
nwpu_positive_111_000,nwpu_positive_111,train,4,baseball_diamond,129,163,207,252,6915,1073,705,rgb,0.5214,0.5-0.6,,98,2.286,False,0.72
nwpu_positive_111_001,nwpu_positive_111,train,4,baseball_diamond,801,368,912,565,21872,1073,705,rgb,0.444,0.4-0.5,,217,1.032,False,0.464
nwpu_positive_112_000,nwpu_positive_112,val,4,baseball_diamond,504,66,565,110,2664,1058,695,rgb,0.6821,0.6-0.7,,67,3.343,False,0.594
nwpu_positive_112_001,nwpu_positive_112,val,4,baseball_diamond,385,120,462,192,5621,1058,695,rgb,0.4905,0.4-0.5,,85,2.635,False,0.778
nwpu_positive_112_002,nwpu_positive_112,val,4,baseball_diamond,481,155,565,229,6224,1058,695,rgb,0.5141,0.5-0.6,,93,2.409,False,0.72
nwpu_positive_112_003,nwpu_positive_112,val,4,baseball_diamond,520,249,598,330,6330,1058,695,rgb,0.5969,0.5-0.6,,89,2.517,False,0.799
nwpu_positive_112_004,nwpu_positive_112,val,4,baseball_diamond,374,277,468,343,6146,1058,695,rgb,0.5176,0.5-0.6,,104,2.154,False,0.568
nwpu_positive_112_005,nwpu_positive_112,val,4,baseball_diamond,478,349,537,393,2571,1058,695,rgb,0.6816,0.6-0.7,,65,3.446,False,0.609
nwpu_positive_112_006,nwpu_positive_112,val,4,baseball_diamond,664,65,754,142,6940,1058,695,rgb,0.4941,0.4-0.5,,99,2.263,False,0.708
nwpu_positive_112_007,nwpu_positive_112,val,4,baseball_diamond,736,103,816,239,10971,1058,695,rgb,0.6141,0.6-0.7,,150,1.493,False,0.488
nwpu_positive_114_000,nwpu_positive_114,val,4,baseball_diamond,127,191,243,263,8385,878,584,rgb,0.6656,0.6-0.7,,128,1.75,False,0.512
nwpu_positive_114_001,nwpu_positive_114,val,4,baseball_diamond,266,155,404,213,7936,878,584,rgb,0.5302,0.5-0.6,,152,1.474,False,0.344
nwpu_positive_114_002,nwpu_positive_114,val,4,baseball_diamond,371,195,460,284,7933,878,584,rgb,0.4078,0.4-0.5,,98,2.286,False,0.826
nwpu_positive_114_003,nwpu_positive_114,val,4,baseball_diamond,318,294,406,383,7838,878,584,rgb,0.4273,0.4-0.5,,98,2.286,False,0.816
nwpu_positive_114_004,nwpu_positive_114,val,4,baseball_diamond,172,321,245,429,7898,878,584,rgb,0.6184,0.6-0.7,,120,1.867,False,0.548
nwpu_positive_115_000,nwpu_positive_115,train,4,baseball_diamond,547,271,663,348,8853,1077,708,rgb,0.4515,0.4-0.5,,127,1.764,False,0.549
nwpu_positive_116_000,nwpu_positive_116,train,4,baseball_diamond,523,171,587,269,6213,1071,701,rgb,0.6231,0.6-0.7,,107,2.093,False,0.543
nwpu_positive_116_001,nwpu_positive_116,train,4,baseball_diamond,677,292,763,380,7500,1071,701,rgb,0.5229,0.5-0.6,,96,2.333,False,0.814
nwpu_positive_117_000,nwpu_positive_117,val,4,baseball_diamond,326,153,437,234,9065,982,606,rgb,0.6333,0.6-0.7,,123,1.821,False,0.599
nwpu_positive_117_001,nwpu_positive_117,val,4,baseball_diamond,480,192,534,244,2831,982,606,rgb,0.4482,0.4-0.5,,60,3.733,False,0.787
nwpu_positive_117_002,nwpu_positive_117,val,4,baseball_diamond,474,279,551,345,5076,982,606,rgb,0.5626,0.5-0.6,,84,2.667,False,0.719
nwpu_positive_117_003,nwpu_positive_117,val,4,baseball_diamond,348,296,405,341,2532,982,606,rgb,0.5112,0.5-0.6,,63,3.556,False,0.638
nwpu_positive_118_000,nwpu_positive_118,val,4,baseball_diamond,490,121,587,229,10448,1061,698,rgb,0.6658,0.6-0.7,,118,1.898,False,0.75
nwpu_positive_119_000,nwpu_positive_119,train,4,baseball_diamond,481,144,624,233,12798,1061,687,rgb,0.478,0.4-0.5,,157,1.427,False,0.519
nwpu_positive_119_001,nwpu_positive_119,train,4,baseball_diamond,316,237,388,379,10210,1061,687,rgb,0.6151,0.6-0.7,,157,1.427,False,0.414
nwpu_positive_119_002,nwpu_positive_119,train,5,tennis_court,714,254,769,359,5862,1061,687,rgb,0.6121,0.6-0.7,,116,1.931,False,0.436
nwpu_positive_119_003,nwpu_positive_119,train,5,tennis_court,768,262,832,366,6688,1061,687,rgb,0.4094,0.4-0.5,,114,1.965,False,0.515
nwpu_positive_119_004,nwpu_positive_119,train,6,basketball_court,318,56,431,103,5307,1061,687,rgb,0.5105,0.5-0.6,,125,1.792,False,0.34
nwpu_positive_121_000,nwpu_positive_121,train,4,baseball_diamond,371,141,475,292,15640,1062,707,rgb,0.441,0.4-0.5,,166,1.349,False,0.568
nwpu_positive_121_001,nwpu_positive_121,train,6,basketball_court,419,124,506,210,7350,1062,707,rgb,0.4487,0.4-0.5,,95,2.358,False,0.814
nwpu_positive_123_000,nwpu_positive_123,train,7,ground_track_field,106,70,264,386,50038,774,523,rgb,0.5909,0.5-0.6,,348,0.644,False,0.413
nwpu_positive_123_001,nwpu_positive_123,train,4,baseball_diamond,380,196,472,291,8739,774,523,rgb,0.4478,0.4-0.5,,105,2.133,False,0.793
nwpu_positive_125_000,nwpu_positive_125,train,4,baseball_diamond,233,169,371,316,20245,1058,702,rgb,0.4224,0.4-0.5,,161,1.391,False,0.781
nwpu_positive_125_001,nwpu_positive_125,train,4,baseball_diamond,493,325,586,444,11045,1058,702,rgb,0.5552,0.5-0.6,,130,1.723,False,0.654
nwpu_positive_126_000,nwpu_positive_126,train,4,baseball_diamond,453,144,544,270,11474,1029,689,rgb,0.4958,0.4-0.5,,139,1.612,False,0.594
nwpu_positive_128_000,nwpu_positive_128,train,4,baseball_diamond,319,245,379,379,7969,1069,706,rgb,0.4693,0.4-0.5,,148,1.514,False,0.364
nwpu_positive_129_000,nwpu_positive_129,train,4,baseball_diamond,538,104,653,187,9496,1061,705,rgb,0.4389,0.4-0.5,,127,1.764,False,0.589
nwpu_positive_129_001,nwpu_positive_129,train,4,baseball_diamond,794,190,873,299,8600,1061,705,rgb,0.549,0.5-0.6,,120,1.867,False,0.597
nwpu_positive_130_000,nwpu_positive_130,train,4,baseball_diamond,726,325,783,422,5534,1056,697,rgb,0.4547,0.4-0.5,,107,2.093,False,0.483
nwpu_positive_131_000,nwpu_positive_131,train,4,baseball_diamond,374,520,511,656,18606,1064,711,rgb,0.5415,0.5-0.6,,151,1.483,False,0.816
nwpu_positive_132_000,nwpu_positive_132,train,4,baseball_diamond,217,523,332,616,10607,1070,707,rgb,0.5071,0.5-0.6,,126,1.778,False,0.668
nwpu_positive_132_001,nwpu_positive_132,train,4,baseball_diamond,504,550,592,644,8234,1070,707,rgb,0.4475,0.4-0.5,,103,2.175,False,0.776
nwpu_positive_132_002,nwpu_positive_132,train,4,baseball_diamond,732,91,827,210,11321,1070,707,rgb,0.6049,0.6-0.7,,131,1.71,False,0.66
nwpu_positive_132_003,nwpu_positive_132,train,7,ground_track_field,192,253,488,437,54558,1070,707,rgb,0.6756,0.6-0.7,,326,0.687,False,0.513
nwpu_positive_133_000,nwpu_positive_133,train,6,basketball_court,231,237,446,326,18987,885,596,rgb,0.5536,0.5-0.6,,236,0.949,False,0.341
nwpu_positive_133_001,nwpu_positive_133,train,6,basketball_court,439,221,550,358,15183,885,596,rgb,0.6607,0.6-0.7,,150,1.493,False,0.675
nwpu_positive_133_002,nwpu_positive_133,train,10,vehicle,565,514,618,551,1963,885,596,rgb,0.6083,0.6-0.7,,58,3.862,False,0.584
nwpu_positive_133_003,nwpu_positive_133,train,10,vehicle,696,496,743,515,884,885,596,rgb,0.563,0.5-0.6,,52,4.308,False,0.327
nwpu_positive_134_000,nwpu_positive_134,train,6,basketball_court,31,180,112,277,7834,819,498,rgb,0.6528,0.6-0.7,,107,2.093,False,0.684
nwpu_positive_134_001,nwpu_positive_134,train,6,basketball_court,128,132,211,277,12042,819,498,rgb,0.5077,0.5-0.6,,160,1.4,False,0.47
nwpu_positive_136_000,nwpu_positive_136,train,6,basketball_court,430,189,658,246,13007,921,383,rgb,0.4598,0.4-0.5,,251,0.892,False,0.206
nwpu_positive_136_001,nwpu_positive_136,train,6,basketball_court,467,281,611,383,14764,921,383,rgb,0.4603,0.4-0.5,,159,1.409,False,0.584
nwpu_positive_137_000,nwpu_positive_137,train,6,basketball_court,0,211,149,391,26900,898,599,rgb,0.6861,0.6-0.7,,199,1.126,False,0.679
nwpu_positive_137_001,nwpu_positive_137,train,6,basketball_court,143,182,249,362,19228,898,599,rgb,0.6893,0.6-0.7,,198,1.131,False,0.49
nwpu_positive_138_000,nwpu_positive_138,train,6,basketball_court,261,96,437,379,49949,933,569,rgb,0.4988,0.4-0.5,,312,0.718,False,0.513
nwpu_positive_138_001,nwpu_positive_138,train,6,basketball_court,227,177,510,397,62445,933,569,rgb,0.4079,0.4-0.5,,312,0.718,False,0.641
nwpu_positive_140_000,nwpu_positive_140,train,5,tennis_court,300,77,397,118,4006,680,380,rgb,0.6273,0.6-0.7,,107,2.093,False,0.35
nwpu_positive_140_001,nwpu_positive_140,train,5,tennis_court,296,138,420,186,5874,680,380,rgb,0.6463,0.6-0.7,,136,1.647,False,0.318
nwpu_positive_140_002,nwpu_positive_140,train,6,basketball_court,101,108,173,216,7845,680,380,rgb,0.5303,0.5-0.6,,119,1.882,False,0.554
nwpu_positive_140_003,nwpu_positive_140,train,6,basketball_court,170,58,280,180,13369,680,380,rgb,0.5392,0.5-0.6,,134,1.672,False,0.745
nwpu_positive_141_000,nwpu_positive_141,train,6,basketball_court,561,224,654,358,12332,1013,590,rgb,0.6584,0.6-0.7,,147,1.524,False,0.571
nwpu_positive_142_000,nwpu_positive_142,val,6,basketball_court,117,235,289,351,19955,793,461,rgb,0.5162,0.5-0.6,,189,1.185,False,0.559
nwpu_positive_142_001,nwpu_positive_142,val,6,basketball_court,28,278,191,387,17909,793,461,rgb,0.5022,0.5-0.6,,180,1.244,False,0.553
nwpu_positive_142_002,nwpu_positive_142,val,5,tennis_court,148,147,194,251,4740,793,461,rgb,0.4013,0.4-0.5,,115,1.948,False,0.358
nwpu_positive_142_003,nwpu_positive_142,val,5,tennis_court,227,145,268,217,2943,793,461,rgb,0.5801,0.5-0.6,,80,2.8,False,0.46
nwpu_positive_143_000,nwpu_positive_143,train,6,basketball_court,268,396,363,437,3857,795,510,rgb,0.6456,0.6-0.7,,105,2.133,False,0.35
nwpu_positive_144_000,nwpu_positive_144,train,6,basketball_court,340,213,437,278,6292,708,498,rgb,0.6543,0.6-0.7,,107,2.093,False,0.55
nwpu_positive_145_000,nwpu_positive_145,val,6,basketball_court,577,199,722,262,9112,726,590,rgb,0.4486,0.4-0.5,,159,1.409,False,0.36
nwpu_positive_145_001,nwpu_positive_145,val,6,basketball_court,515,273,625,338,7169,726,590,rgb,0.4167,0.4-0.5,,121,1.851,False,0.49
nwpu_positive_145_002,nwpu_positive_145,val,5,tennis_court,488,306,546,434,7391,726,590,rgb,0.6166,0.6-0.7,,140,1.6,False,0.377
nwpu_positive_145_003,nwpu_positive_145,val,5,tennis_court,520,318,611,391,6695,726,590,rgb,0.4832,0.4-0.5,,100,2.24,False,0.669
nwpu_positive_145_004,nwpu_positive_145,val,5,tennis_court,432,433,507,541,8149,726,590,rgb,0.6055,0.6-0.7,,119,1.882,False,0.575
nwpu_positive_145_005,nwpu_positive_145,val,5,tennis_court,486,413,575,526,10107,726,590,rgb,0.6149,0.6-0.7,,125,1.792,False,0.647
nwpu_positive_146_000,nwpu_positive_146,train,6,basketball_court,218,398,298,547,11854,657,627,rgb,0.5527,0.5-0.6,,164,1.366,False,0.441
nwpu_positive_146_001,nwpu_positive_146,train,6,basketball_court,307,388,354,524,6370,657,627,rgb,0.4008,0.4-0.5,,149,1.503,False,0.287
nwpu_positive_146_002,nwpu_positive_146,train,5,tennis_court,106,252,194,286,3004,657,627,rgb,0.6373,0.6-0.7,,97,2.309,False,0.319
nwpu_positive_146_003,nwpu_positive_146,train,5,tennis_court,118,210,233,247,4230,657,627,rgb,0.5312,0.5-0.6,,127,1.764,False,0.262
nwpu_positive_146_004,nwpu_positive_146,train,5,tennis_court,93,184,208,214,3525,657,627,rgb,0.5792,0.5-0.6,,126,1.778,False,0.222
nwpu_positive_146_005,nwpu_positive_146,train,5,tennis_court,57,142,177,172,3723,657,627,rgb,0.6601,0.6-0.7,,133,1.684,False,0.21
nwpu_positive_146_006,nwpu_positive_146,train,5,tennis_court,60,108,170,138,3319,657,627,rgb,0.6696,0.6-0.7,,121,1.851,False,0.227
nwpu_positive_146_007,nwpu_positive_146,train,5,tennis_court,98,69,165,104,2338,657,627,rgb,0.5271,0.5-0.6,,73,3.068,False,0.439
nwpu_positive_146_008,nwpu_positive_146,train,4,baseball_diamond,376,0,529,86,13162,657,627,rgb,0.6803,0.6-0.7,,168,1.333,False,0.466
nwpu_positive_148_000,nwpu_positive_148,train,6,basketball_court,388,346,527,440,12963,981,613,rgb,0.6043,0.6-0.7,,152,1.474,False,0.561
nwpu_positive_148_001,nwpu_positive_148,train,5,tennis_court,201,349,308,453,11131,981,613,rgb,0.6129,0.6-0.7,,117,1.915,False,0.813
nwpu_positive_148_002,nwpu_positive_148,train,5,tennis_court,280,309,347,456,9812,981,613,rgb,0.5109,0.5-0.6,,162,1.383,False,0.374
nwpu_positive_149_000,nwpu_positive_149,train,6,basketball_court,142,133,258,250,13523,835,549,rgb,0.4004,0.4-0.5,,129,1.736,False,0.813
nwpu_positive_149_001,nwpu_positive_149,train,5,tennis_court,544,322,646,472,15270,835,549,rgb,0.5429,0.5-0.6,,165,1.358,False,0.561
nwpu_positive_149_002,nwpu_positive_149,train,5,tennis_court,617,286,717,442,15657,835,549,rgb,0.6801,0.6-0.7,,171,1.31,False,0.535
nwpu_positive_150_000,nwpu_positive_150,train,6,basketball_court,141,409,224,516,8787,853,546,rgb,0.6063,0.6-0.7,,118,1.898,False,0.631
nwpu_positive_150_001,nwpu_positive_150,train,6,basketball_court,193,400,305,492,10329,853,546,rgb,0.6333,0.6-0.7,,123,1.821,False,0.683
nwpu_positive_151_000,nwpu_positive_151,train,6,basketball_court,129,197,278,318,18125,945,528,rgb,0.6017,0.6-0.7,,164,1.366,False,0.674
nwpu_positive_151_001,nwpu_positive_151,train,6,basketball_court,202,266,300,397,12847,945,528,rgb,0.5223,0.5-0.6,,144,1.556,False,0.62
nwpu_positive_153_000,nwpu_positive_153,train,6,basketball_court,98,207,235,291,11568,690,522,rgb,0.4288,0.4-0.5,,151,1.483,False,0.507
nwpu_positive_153_001,nwpu_positive_153,train,6,basketball_court,188,251,259,327,5322,690,522,rgb,0.4886,0.4-0.5,,83,2.699,False,0.772
nwpu_positive_154_000,nwpu_positive_154,train,6,basketball_court,77,102,204,160,7286,659,502,rgb,0.4002,0.4-0.5,,139,1.612,False,0.377
nwpu_positive_154_001,nwpu_positive_154,train,6,basketball_court,165,122,264,182,5940,659,502,rgb,0.6174,0.6-0.7,,109,2.055,False,0.5
nwpu_positive_155_000,nwpu_positive_155,train,6,basketball_court,226,115,285,240,7438,890,567,rgb,0.433,0.4-0.5,,138,1.623,False,0.391
nwpu_positive_156_000,nwpu_positive_156,train,6,basketball_court,300,138,378,194,4425,663,454,rgb,0.4765,0.4-0.5,,86,2.605,False,0.598
nwpu_positive_156_001,nwpu_positive_156,train,6,basketball_court,284,199,377,262,5841,663,454,rgb,0.5131,0.5-0.6,,102,2.196,False,0.561
nwpu_positive_156_002,nwpu_positive_156,train,5,tennis_court,241,312,325,403,7740,663,454,rgb,0.4259,0.4-0.5,,100,2.24,False,0.774
nwpu_positive_156_003,nwpu_positive_156,train,5,tennis_court,313,258,393,367,8663,663,454,rgb,0.5208,0.5-0.6,,119,1.882,False,0.612
nwpu_positive_157_000,nwpu_positive_157,train,6,basketball_court,124,166,323,384,43345,894,429,rgb,0.4652,0.4-0.5,,240,0.933,False,0.753
nwpu_positive_159_000,nwpu_positive_159,train,6,basketball_court,577,334,673,414,7687,828,431,rgb,0.4753,0.4-0.5,,105,2.133,False,0.697
nwpu_positive_159_001,nwpu_positive_159,train,6,basketball_court,714,303,828,364,7072,828,431,rgb,0.4389,0.4-0.5,,126,1.778,False,0.445
nwpu_positive_160_000,nwpu_positive_160,val,6,basketball_court,345,393,470,507,14238,833,552,rgb,0.6974,0.6-0.7,,138,1.623,False,0.748
nwpu_positive_161_000,nwpu_positive_161,val,6,basketball_court,19,410,148,485,9666,759,594,rgb,0.5151,0.5-0.6,,142,1.577,False,0.479
nwpu_positive_162_000,nwpu_positive_162,val,6,basketball_court,347,219,434,283,5688,865,566,rgb,0.5053,0.5-0.6,,96,2.333,False,0.617
nwpu_positive_162_001,nwpu_positive_162,val,6,basketball_court,422,227,503,332,8383,865,566,rgb,0.5238,0.5-0.6,,115,1.948,False,0.634
nwpu_positive_163_000,nwpu_positive_163,val,6,basketball_court,262,137,416,201,9797,916,547,rgb,0.6136,0.6-0.7,,169,1.325,False,0.343
nwpu_positive_163_001,nwpu_positive_163,val,6,basketball_court,331,209,418,303,8199,916,547,rgb,0.6352,0.6-0.7,,104,2.154,False,0.758
nwpu_positive_164_000,nwpu_positive_164,train,6,basketball_court,225,115,304,216,7974,543,430,rgb,0.5961,0.5-0.6,,111,2.018,False,0.647
nwpu_positive_164_001,nwpu_positive_164,train,6,basketball_court,132,203,261,278,9617,543,430,rgb,0.5037,0.5-0.6,,141,1.589,False,0.484
nwpu_positive_165_000,nwpu_positive_165,train,9,bridge,113,303,282,548,41518,1038,588,rgb,0.4149,0.4-0.5,,269,0.833,False,0.574
nwpu_positive_165_001,nwpu_positive_165,train,9,bridge,438,172,618,353,32589,1038,588,rgb,0.6104,0.6-0.7,,199,1.126,False,0.823
nwpu_positive_165_002,nwpu_positive_165,train,9,bridge,801,55,948,230,25704,1038,588,rgb,0.4115,0.4-0.5,,193,1.161,False,0.69
nwpu_positive_166_000,nwpu_positive_166,train,9,bridge,144,274,291,390,17088,847,572,rgb,0.5438,0.5-0.6,,162,1.383,False,0.651
nwpu_positive_166_001,nwpu_positive_166,train,9,bridge,230,202,306,293,6919,847,572,rgb,0.602,0.6-0.7,,101,2.218,False,0.678
nwpu_positive_166_002,nwpu_positive_166,train,9,bridge,263,26,419,172,22884,847,572,rgb,0.6052,0.6-0.7,,172,1.302,False,0.774
nwpu_positive_167_000,nwpu_positive_167,val,9,bridge,251,190,455,279,18174,663,576,rgb,0.6309,0.6-0.7,,224,1.0,False,0.362
nwpu_positive_168_000,nwpu_positive_168,train,9,bridge,206,122,522,270,46986,781,555,rgb,0.5459,0.5-0.6,,348,0.644,False,0.388
nwpu_positive_169_000,nwpu_positive_169,train,9,bridge,385,178,487,365,19025,797,510,rgb,0.4659,0.4-0.5,,206,1.087,False,0.448
nwpu_positive_170_000,nwpu_positive_170,val,9,bridge,295,218,548,322,26364,830,494,rgb,0.4932,0.4-0.5,,278,0.806,False,0.341
nwpu_positive_171_000,nwpu_positive_171,val,9,bridge,381,129,611,440,71269,971,609,rgb,0.4553,0.4-0.5,,342,0.655,False,0.609
nwpu_positive_172_000,nwpu_positive_172,train,9,bridge,116,266,299,486,40295,909,585,rgb,0.6564,0.6-0.7,,242,0.926,False,0.688
nwpu_positive_172_001,nwpu_positive_172,train,9,bridge,240,187,418,386,35339,909,585,rgb,0.5159,0.5-0.6,,219,1.023,False,0.737
nwpu_positive_172_002,nwpu_positive_172,train,9,bridge,709,150,905,193,8439,909,585,rgb,0.5205,0.5-0.6,,216,1.037,False,0.181
nwpu_positive_173_000,nwpu_positive_173,train,9,bridge,135,468,303,538,11797,716,586,rgb,0.4006,0.4-0.5,,186,1.204,False,0.341
nwpu_positive_173_001,nwpu_positive_173,train,9,bridge,123,304,304,357,9562,716,586,rgb,0.4862,0.4-0.5,,199,1.126,False,0.241
nwpu_positive_173_002,nwpu_positive_173,train,9,bridge,215,153,375,247,14942,716,586,rgb,0.5595,0.5-0.6,,176,1.273,False,0.482
nwpu_positive_173_003,nwpu_positive_173,train,9,bridge,201,101,362,184,13451,716,586,rgb,0.5299,0.5-0.6,,177,1.266,False,0.429
nwpu_positive_173_004,nwpu_positive_173,train,9,bridge,229,22,387,125,16353,716,586,rgb,0.5731,0.5-0.6,,174,1.287,False,0.54
nwpu_positive_174_000,nwpu_positive_174,train,9,bridge,262,160,447,292,24442,933,507,rgb,0.5582,0.5-0.6,,204,1.098,False,0.587
nwpu_positive_175_000,nwpu_positive_175,train,9,bridge,116,63,498,244,68983,840,537,rgb,0.4257,0.4-0.5,,420,0.533,False,0.391
nwpu_positive_176_000,nwpu_positive_176,train,9,bridge,262,123,340,366,18966,874,569,rgb,0.6071,0.6-0.7,,267,0.839,False,0.266
nwpu_positive_177_000,nwpu_positive_177,train,9,bridge,83,213,356,448,63970,966,593,rgb,0.6979,0.6-0.7,,301,0.744,False,0.706
nwpu_positive_177_001,nwpu_positive_177,train,9,bridge,404,269,763,467,71239,966,593,rgb,0.5662,0.5-0.6,,394,0.569,False,0.459
nwpu_positive_177_002,nwpu_positive_177,train,9,bridge,642,119,849,289,35305,966,593,rgb,0.4415,0.4-0.5,,228,0.982,False,0.679
nwpu_positive_178_000,nwpu_positive_178,train,9,bridge,265,182,453,314,24878,814,575,rgb,0.4643,0.4-0.5,,207,1.082,False,0.581
nwpu_positive_179_000,nwpu_positive_179,train,9,bridge,262,211,559,431,65348,852,571,rgb,0.6537,0.6-0.7,,326,0.687,False,0.615
nwpu_positive_180_000,nwpu_positive_180,val,9,bridge,154,222,286,399,23482,844,550,rgb,0.4712,0.4-0.5,,194,1.155,False,0.624
nwpu_positive_180_001,nwpu_positive_180,val,9,bridge,249,153,509,411,67238,844,550,rgb,0.6667,0.6-0.7,,286,0.783,False,0.822
nwpu_positive_182_000,nwpu_positive_182,train,9,bridge,95,105,252,362,40188,769,538,rgb,0.536,0.5-0.6,,283,0.792,False,0.502
nwpu_positive_183_000,nwpu_positive_183,train,9,bridge,196,60,653,320,119151,897,580,rgb,0.5255,0.5-0.6,,503,0.445,False,0.471
nwpu_positive_186_000,nwpu_positive_186,train,9,bridge,108,44,397,245,58442,962,571,rgb,0.4111,0.4-0.5,,319,0.702,False,0.574
nwpu_positive_186_001,nwpu_positive_186,train,9,bridge,381,277,499,419,16835,962,571,rgb,0.5777,0.5-0.6,,156,1.436,False,0.692
nwpu_positive_187_000,nwpu_positive_187,train,9,bridge,348,222,487,400,24838,853,593,rgb,0.5073,0.5-0.6,,196,1.143,False,0.647
nwpu_positive_188_000,nwpu_positive_188,val,9,bridge,381,253,515,504,33817,836,576,rgb,0.4417,0.4-0.5,,276,0.812,False,0.444
nwpu_positive_189_000,nwpu_positive_189,train,9,bridge,234,113,396,341,36954,780,560,rgb,0.6824,0.6-0.7,,251,0.892,False,0.587
nwpu_positive_189_001,nwpu_positive_189,train,9,bridge,223,216,455,479,60963,780,560,rgb,0.4651,0.4-0.5,,289,0.775,False,0.73
nwpu_positive_190_000,nwpu_positive_190,train,9,bridge,292,170,440,304,19759,733,512,rgb,0.6462,0.6-0.7,,162,1.383,False,0.753
nwpu_positive_191_000,nwpu_positive_191,train,9,bridge,217,0,374,224,35143,826,602,rgb,0.4117,0.4-0.5,,246,0.911,False,0.581
nwpu_positive_191_001,nwpu_positive_191,train,9,bridge,579,295,674,486,18107,826,602,rgb,0.4459,0.4-0.5,,210,1.067,False,0.411
nwpu_positive_192_000,nwpu_positive_192,train,9,bridge,0,237,209,448,44286,1135,604,rgb,0.6264,0.6-0.7,,233,0.961,False,0.816
nwpu_positive_192_001,nwpu_positive_192,train,9,bridge,539,239,682,407,24104,1135,604,rgb,0.5487,0.5-0.6,,185,1.211,False,0.704
nwpu_positive_192_002,nwpu_positive_192,train,9,bridge,865,140,1110,249,26688,1135,604,rgb,0.4508,0.4-0.5,,269,0.833,False,0.369
nwpu_positive_193_000,nwpu_positive_193,train,9,bridge,238,400,454,608,44887,825,608,rgb,0.5958,0.5-0.6,,237,0.945,False,0.799
nwpu_positive_193_001,nwpu_positive_193,train,9,bridge,328,54,461,161,14110,825,608,rgb,0.4169,0.4-0.5,,146,1.534,False,0.662
nwpu_positive_194_000,nwpu_positive_194,train,9,bridge,312,212,535,313,22669,847,619,rgb,0.5448,0.5-0.6,,246,0.911,False,0.375
nwpu_positive_196_000,nwpu_positive_196,train,9,bridge,23,238,143,363,14861,792,563,rgb,0.6577,0.6-0.7,,137,1.635,False,0.792
nwpu_positive_196_001,nwpu_positive_196,train,9,bridge,128,175,327,250,14777,792,563,rgb,0.6228,0.6-0.7,,218,1.028,False,0.311
nwpu_positive_196_002,nwpu_positive_196,train,9,bridge,140,96,264,250,19175,792,563,rgb,0.4183,0.4-0.5,,170,1.318,False,0.663
nwpu_positive_197_000,nwpu_positive_197,train,7,ground_track_field,169,200,364,398,38813,796,540,rgb,0.5718,0.5-0.6,,219,1.023,False,0.809
nwpu_positive_198_000,nwpu_positive_198,train,7,ground_track_field,458,125,580,265,17152,601,381,rgb,0.433,0.4-0.5,,154,1.455,False,0.723
nwpu_positive_199_000,nwpu_positive_199,train,7,ground_track_field,500,147,587,339,16830,711,545,rgb,0.5358,0.5-0.6,,211,1.062,False,0.378
nwpu_positive_200_000,nwpu_positive_200,train,4,baseball_diamond,466,310,550,391,6828,665,476,rgb,0.6678,0.6-0.7,,93,2.409,False,0.789
nwpu_positive_200_001,nwpu_positive_200,train,7,ground_track_field,413,81,644,226,33503,665,476,rgb,0.5779,0.5-0.6,,254,0.882,False,0.519
nwpu_positive_201_000,nwpu_positive_201,train,4,baseball_diamond,295,25,357,59,2101,1093,604,rgb,0.6457,0.6-0.7,,69,3.246,False,0.441
nwpu_positive_201_001,nwpu_positive_201,train,4,baseball_diamond,592,480,667,535,4106,1093,604,rgb,0.6177,0.6-0.7,,83,2.699,False,0.596
nwpu_positive_201_002,nwpu_positive_201,train,5,tennis_court,121,513,188,555,2814,1093,604,rgb,0.698,0.6-0.7,,74,3.027,False,0.514
nwpu_positive_201_003,nwpu_positive_201,train,5,tennis_court,159,480,199,540,2420,1093,604,rgb,0.6303,0.6-0.7,,66,3.394,False,0.556
nwpu_positive_201_004,nwpu_positive_201,train,5,tennis_court,185,476,221,523,1691,1093,604,rgb,0.6397,0.6-0.7,,52,4.308,False,0.625
nwpu_positive_201_005,nwpu_positive_201,train,7,ground_track_field,410,86,644,295,49119,1093,604,rgb,0.628,0.6-0.7,,258,0.868,False,0.738
nwpu_positive_202_000,nwpu_positive_202,train,5,tennis_court,234,334,320,392,5035,994,596,rgb,0.6631,0.6-0.7,,94,2.383,False,0.57
nwpu_positive_202_001,nwpu_positive_202,train,5,tennis_court,276,347,365,395,4262,994,596,rgb,0.4591,0.4-0.5,,98,2.286,False,0.444
nwpu_positive_202_002,nwpu_positive_202,train,5,tennis_court,318,370,379,432,3862,994,596,rgb,0.6636,0.6-0.7,,69,3.246,False,0.811
nwpu_positive_202_003,nwpu_positive_202,train,5,tennis_court,334,356,417,442,7059,994,596,rgb,0.4708,0.4-0.5,,94,2.383,False,0.799
nwpu_positive_202_004,nwpu_positive_202,train,5,tennis_court,395,424,473,508,6592,994,596,rgb,0.4355,0.4-0.5,,93,2.409,False,0.762
nwpu_positive_202_005,nwpu_positive_202,train,5,tennis_court,403,447,497,514,6230,994,596,rgb,0.4353,0.4-0.5,,103,2.175,False,0.587
nwpu_positive_202_006,nwpu_positive_202,train,7,ground_track_field,454,30,767,514,151844,994,596,rgb,0.5093,0.5-0.6,,533,0.42,False,0.534
nwpu_positive_204_000,nwpu_positive_204,train,4,baseball_diamond,157,45,222,128,5401,862,632,rgb,0.6372,0.6-0.7,,92,2.435,False,0.638
nwpu_positive_204_001,nwpu_positive_204,train,5,tennis_court,231,456,277,546,4202,862,632,rgb,0.551,0.5-0.6,,99,2.263,False,0.429
nwpu_positive_204_002,nwpu_positive_204,train,5,tennis_court,254,488,310,570,4613,862,632,rgb,0.5996,0.5-0.6,,90,2.489,False,0.57
nwpu_positive_204_003,nwpu_positive_204,train,7,ground_track_field,247,0,555,362,111445,862,632,rgb,0.5548,0.5-0.6,,398,0.563,False,0.704
nwpu_positive_205_000,nwpu_positive_205,train,7,ground_track_field,342,115,661,489,118977,927,606,rgb,0.6166,0.6-0.7,,411,0.545,False,0.704
nwpu_positive_205_001,nwpu_positive_205,train,5,tennis_court,501,470,566,544,4826,927,606,rgb,0.6357,0.6-0.7,,82,2.732,False,0.718
nwpu_positive_205_002,nwpu_positive_205,train,5,tennis_court,542,445,600,530,4868,927,606,rgb,0.6201,0.6-0.7,,93,2.409,False,0.563
nwpu_positive_205_003,nwpu_positive_205,train,5,tennis_court,566,413,660,485,6772,927,606,rgb,0.5746,0.5-0.6,,103,2.175,False,0.638
nwpu_positive_205_004,nwpu_positive_205,train,5,tennis_court,600,411,673,458,3398,927,606,rgb,0.5986,0.5-0.6,,81,2.765,False,0.518
nwpu_positive_205_005,nwpu_positive_205,train,5,tennis_court,620,360,687,447,5781,927,606,rgb,0.6201,0.6-0.7,,95,2.358,False,0.641
nwpu_positive_205_006,nwpu_positive_205,train,5,tennis_court,650,364,719,413,3384,927,606,rgb,0.6209,0.6-0.7,,77,2.909,False,0.571
nwpu_positive_205_007,nwpu_positive_205,train,5,tennis_court,658,345,752,426,7616,927,606,rgb,0.5564,0.5-0.6,,103,2.175,False,0.718
nwpu_positive_206_000,nwpu_positive_206,train,7,ground_track_field,106,215,628,390,91228,1032,574,rgb,0.4159,0.4-0.5,,574,0.39,False,0.277
nwpu_positive_208_000,nwpu_positive_208,val,7,ground_track_field,176,62,558,191,49392,954,542,rgb,0.5087,0.5-0.6,,420,0.533,False,0.28
nwpu_positive_208_001,nwpu_positive_208,val,5,tennis_court,419,342,478,398,3270,954,542,rgb,0.4262,0.4-0.5,,65,3.446,False,0.774
nwpu_positive_209_000,nwpu_positive_209,train,7,ground_track_field,291,20,627,362,114754,992,577,rgb,0.63,0.6-0.7,,376,0.596,False,0.812
nwpu_positive_209_001,nwpu_positive_209,train,5,tennis_court,552,349,617,395,3019,992,577,rgb,0.6976,0.6-0.7,,72,3.111,False,0.582
nwpu_positive_210_000,nwpu_positive_210,train,7,ground_track_field,255,163,555,486,96888,858,518,rgb,0.5738,0.5-0.6,,355,0.631,False,0.769
nwpu_positive_211_000,nwpu_positive_211,train,7,ground_track_field,251,142,497,325,44910,761,533,rgb,0.5294,0.5-0.6,,271,0.827,False,0.612
nwpu_positive_212_000,nwpu_positive_212,train,7,ground_track_field,259,230,523,411,47569,894,545,rgb,0.4338,0.4-0.5,,291,0.77,False,0.562
nwpu_positive_213_000,nwpu_positive_213,train,7,ground_track_field,656,108,769,507,45258,912,515,rgb,0.5295,0.5-0.6,,439,0.51,False,0.235
nwpu_positive_214_000,nwpu_positive_214,train,7,ground_track_field,233,96,448,389,62914,869,562,rgb,0.6643,0.6-0.7,,322,0.696,False,0.607
nwpu_positive_215_000,nwpu_positive_215,train,7,ground_track_field,207,115,406,459,68554,809,552,rgb,0.6738,0.6-0.7,,378,0.593,False,0.48
nwpu_positive_216_000,nwpu_positive_216,train,7,ground_track_field,24,54,301,264,57995,1192,617,rgb,0.6688,0.6-0.7,,305,0.734,False,0.623
nwpu_positive_216_001,nwpu_positive_216,train,5,tennis_court,948,430,991,504,3207,1192,617,rgb,0.5686,0.5-0.6,,82,2.732,False,0.477
nwpu_positive_216_002,nwpu_positive_216,train,5,tennis_court,989,438,1033,490,2262,1192,617,rgb,0.4332,0.4-0.5,,57,3.93,False,0.696
nwpu_positive_216_003,nwpu_positive_216,train,5,tennis_court,996,427,1074,493,5123,1192,617,rgb,0.5795,0.5-0.6,,85,2.635,False,0.709
nwpu_positive_216_004,nwpu_positive_216,train,5,tennis_court,1047,410,1094,488,3696,1192,617,rgb,0.5328,0.5-0.6,,87,2.575,False,0.488
nwpu_positive_216_005,nwpu_positive_216,train,5,tennis_court,1051,498,1118,596,6565,1192,617,rgb,0.5113,0.5-0.6,,108,2.074,False,0.563
nwpu_positive_216_006,nwpu_positive_216,train,5,tennis_court,1088,492,1128,561,2786,1192,617,rgb,0.6378,0.6-0.7,,76,2.947,False,0.482
nwpu_positive_216_007,nwpu_positive_216,train,4,baseball_diamond,628,263,754,304,5178,1192,617,rgb,0.5105,0.5-0.6,,139,1.612,False,0.268
nwpu_positive_216_008,nwpu_positive_216,train,6,basketball_court,1014,335,1092,364,2324,1192,617,rgb,0.65,0.6-0.7,,86,2.605,False,0.314
nwpu_positive_217_000,nwpu_positive_217,train,7,ground_track_field,385,195,548,490,48054,950,571,rgb,0.4303,0.4-0.5,,325,0.689,False,0.455
nwpu_positive_219_000,nwpu_positive_219,train,7,ground_track_field,198,92,569,319,84446,895,582,rgb,0.66,0.6-0.7,,408,0.549,False,0.507
nwpu_positive_220_000,nwpu_positive_220,val,7,ground_track_field,189,119,501,346,70850,921,598,rgb,0.4141,0.4-0.5,,344,0.651,False,0.599
nwpu_positive_221_000,nwpu_positive_221,train,7,ground_track_field,0,98,341,372,93313,847,501,rgb,0.4046,0.4-0.5,,375,0.597,False,0.664
nwpu_positive_222_000,nwpu_positive_222,train,7,ground_track_field,290,0,681,307,119840,887,603,rgb,0.5052,0.5-0.6,,429,0.522,False,0.651
nwpu_positive_222_001,nwpu_positive_222,train,5,tennis_court,383,480,438,570,4998,887,603,rgb,0.5804,0.5-0.6,,99,2.263,False,0.51
nwpu_positive_222_002,nwpu_positive_222,train,5,tennis_court,422,512,469,589,3577,887,603,rgb,0.4133,0.4-0.5,,84,2.667,False,0.507
nwpu_positive_222_003,nwpu_positive_222,train,5,tennis_court,499,484,528,562,2224,887,603,rgb,0.5408,0.5-0.6,,85,2.635,False,0.308
nwpu_positive_222_004,nwpu_positive_222,train,5,tennis_court,533,485,588,585,5476,887,603,rgb,0.5146,0.5-0.6,,110,2.036,False,0.453
nwpu_positive_224_000,nwpu_positive_224,train,7,ground_track_field,183,229,475,427,57618,889,535,rgb,0.6157,0.6-0.7,,321,0.698,False,0.559
nwpu_positive_225_000,nwpu_positive_225,train,7,ground_track_field,166,134,386,464,72566,868,533,rgb,0.6668,0.6-0.7,,363,0.617,False,0.551
nwpu_positive_227_000,nwpu_positive_227,train,7,ground_track_field,174,143,359,366,41398,878,555,rgb,0.6886,0.6-0.7,,246,0.911,False,0.684
nwpu_positive_228_000,nwpu_positive_228,train,7,ground_track_field,211,79,533,481,129536,766,481,rgb,0.6159,0.6-0.7,,442,0.507,False,0.663
nwpu_positive_228_001,nwpu_positive_228,train,5,tennis_court,138,212,187,265,2540,766,481,rgb,0.5086,0.5-0.6,,58,3.862,False,0.755
nwpu_positive_228_002,nwpu_positive_228,train,5,tennis_court,166,207,212,262,2540,766,481,rgb,0.5979,0.5-0.6,,60,3.733,False,0.705
nwpu_positive_229_000,nwpu_positive_229,train,7,ground_track_field,301,181,555,293,28276,732,507,rgb,0.4722,0.4-0.5,,279,0.803,False,0.363
nwpu_positive_230_000,nwpu_positive_230,train,7,ground_track_field,221,54,435,249,41673,754,573,rgb,0.4584,0.4-0.5,,235,0.953,False,0.755
nwpu_positive_231_000,nwpu_positive_231,train,7,ground_track_field,99,88,324,453,82022,778,516,rgb,0.5411,0.5-0.6,,402,0.557,False,0.508
nwpu_positive_231_001,nwpu_positive_231,train,6,basketball_court,397,103,438,146,1761,778,516,rgb,0.627,0.6-0.7,,48,4.667,False,0.765
nwpu_positive_231_002,nwpu_positive_231,train,5,tennis_court,426,411,469,451,1746,778,516,rgb,0.6204,0.6-0.7,,48,4.667,False,0.758
nwpu_positive_232_000,nwpu_positive_232,train,7,ground_track_field,156,56,596,445,170870,914,582,rgb,0.5436,0.5-0.6,,484,0.463,False,0.729
nwpu_positive_233_000,nwpu_positive_233,train,7,ground_track_field,166,87,471,331,74513,836,592,rgb,0.6588,0.6-0.7,,335,0.669,False,0.664
nwpu_positive_233_001,nwpu_positive_233,train,4,baseball_diamond,298,352,412,439,9798,836,592,rgb,0.6114,0.6-0.7,,125,1.792,False,0.627
nwpu_positive_233_002,nwpu_positive_233,train,4,baseball_diamond,520,429,618,470,4011,836,592,rgb,0.5166,0.5-0.6,,109,2.055,False,0.338
nwpu_positive_233_003,nwpu_positive_233,train,4,baseball_diamond,557,265,626,319,3711,836,592,rgb,0.554,0.5-0.6,,76,2.947,False,0.643
nwpu_positive_233_004,nwpu_positive_233,train,4,baseball_diamond,514,0,576,65,3964,836,592,rgb,0.6564,0.6-0.7,,71,3.155,False,0.786
nwpu_positive_234_000,nwpu_positive_234,val,7,ground_track_field,49,0,355,321,98236,853,583,rgb,0.6438,0.6-0.7,,353,0.635,False,0.788
nwpu_positive_234_001,nwpu_positive_234,val,4,baseball_diamond,243,243,324,333,7227,853,583,rgb,0.5216,0.5-0.6,,99,2.263,False,0.737
nwpu_positive_234_002,nwpu_positive_234,val,4,baseball_diamond,401,221,536,302,10958,853,583,rgb,0.4893,0.4-0.5,,149,1.503,False,0.494
nwpu_positive_234_003,nwpu_positive_234,val,4,baseball_diamond,385,84,471,142,5054,853,583,rgb,0.6011,0.6-0.7,,95,2.358,False,0.56
nwpu_positive_235_000,nwpu_positive_235,train,7,ground_track_field,215,128,464,437,77129,789,456,rgb,0.5922,0.5-0.6,,340,0.659,False,0.667
nwpu_positive_236_000,nwpu_positive_236,train,7,ground_track_field,189,42,610,168,53195,832,596,rgb,0.6187,0.6-0.7,,463,0.484,False,0.248
nwpu_positive_236_001,nwpu_positive_236,train,4,baseball_diamond,354,215,507,273,8805,832,596,rgb,0.4052,0.4-0.5,,168,1.333,False,0.312
nwpu_positive_236_002,nwpu_positive_236,train,4,baseball_diamond,243,454,382,535,11151,832,596,rgb,0.4551,0.4-0.5,,153,1.464,False,0.476
nwpu_positive_237_000,nwpu_positive_237,val,7,ground_track_field,39,79,481,517,193989,768,565,rgb,0.4022,0.4-0.5,,487,0.46,False,0.818
nwpu_positive_238_000,nwpu_positive_238,train,7,ground_track_field,150,197,567,437,100206,1063,598,rgb,0.5561,0.5-0.6,,459,0.488,False,0.476
nwpu_positive_238_001,nwpu_positive_238,train,5,tennis_court,574,374,625,419,2308,1063,598,rgb,0.6154,0.6-0.7,,57,3.93,False,0.71
nwpu_positive_238_002,nwpu_positive_238,train,5,tennis_court,600,408,639,455,1817,1063,598,rgb,0.5242,0.5-0.6,,52,4.308,False,0.672
nwpu_positive_238_003,nwpu_positive_238,train,5,tennis_court,644,403,682,471,2604,1063,598,rgb,0.5564,0.5-0.6,,76,2.947,False,0.451
nwpu_positive_238_004,nwpu_positive_238,train,5,tennis_court,650,447,719,496,3409,1063,598,rgb,0.613,0.6-0.7,,76,2.947,False,0.59
nwpu_positive_238_005,nwpu_positive_238,train,5,tennis_court,689,465,745,546,4577,1063,598,rgb,0.4635,0.4-0.5,,90,2.489,False,0.565
nwpu_positive_238_006,nwpu_positive_238,train,5,tennis_court,730,479,765,557,2698,1063,598,rgb,0.5079,0.5-0.6,,86,2.605,False,0.365
nwpu_positive_238_007,nwpu_positive_238,train,5,tennis_court,637,329,670,376,1584,1063,598,rgb,0.62,0.6-0.7,,52,4.308,False,0.586
nwpu_positive_238_008,nwpu_positive_238,train,5,tennis_court,663,325,707,390,2848,1063,598,rgb,0.5458,0.5-0.6,,72,3.111,False,0.549
nwpu_positive_238_009,nwpu_positive_238,train,5,tennis_court,676,337,720,404,2966,1063,598,rgb,0.5685,0.5-0.6,,73,3.068,False,0.557
nwpu_positive_238_010,nwpu_positive_238,train,5,tennis_court,710,351,774,421,4493,1063,598,rgb,0.5092,0.5-0.6,,77,2.909,False,0.758
nwpu_positive_238_011,nwpu_positive_238,train,5,tennis_court,738,371,788,444,3658,1063,598,rgb,0.633,0.6-0.7,,80,2.8,False,0.572
nwpu_positive_238_012,nwpu_positive_238,train,5,tennis_court,771,394,814,465,3086,1063,598,rgb,0.6908,0.6-0.7,,78,2.872,False,0.507
nwpu_positive_238_013,nwpu_positive_238,train,4,baseball_diamond,778,268,945,375,17873,1063,598,rgb,0.5065,0.5-0.6,,184,1.217,False,0.528
nwpu_positive_240_000,nwpu_positive_240,train,7,ground_track_field,60,217,258,462,48551,846,542,rgb,0.619,0.6-0.7,,270,0.83,False,0.666
nwpu_positive_241_000,nwpu_positive_241,val,7,ground_track_field,349,122,551,386,53112,949,550,rgb,0.4049,0.4-0.5,,290,0.772,False,0.632
nwpu_positive_243_000,nwpu_positive_243,train,7,ground_track_field,167,141,418,354,53411,787,521,rgb,0.4914,0.4-0.5,,276,0.812,False,0.701
nwpu_positive_244_000,nwpu_positive_244,train,7,ground_track_field,381,43,592,250,43766,809,443,rgb,0.5574,0.5-0.6,,232,0.966,False,0.813
nwpu_positive_245_000,nwpu_positive_245,train,7,ground_track_field,183,268,557,607,126841,1087,607,rgb,0.4354,0.4-0.5,,411,0.545,False,0.751
nwpu_positive_245_001,nwpu_positive_245,train,5,tennis_court,289,421,333,489,3004,1087,607,rgb,0.5447,0.5-0.6,,75,2.987,False,0.534
nwpu_positive_245_002,nwpu_positive_245,train,5,tennis_court,293,476,354,527,3132,1087,607,rgb,0.4247,0.4-0.5,,67,3.343,False,0.698
nwpu_positive_245_003,nwpu_positive_245,train,5,tennis_court,345,536,403,607,4095,1087,607,rgb,0.5573,0.5-0.6,,78,2.872,False,0.673
nwpu_positive_245_004,nwpu_positive_245,train,4,baseball_diamond,195,35,290,92,5384,1087,607,rgb,0.5977,0.5-0.6,,104,2.154,False,0.498
nwpu_positive_245_005,nwpu_positive_245,train,4,baseball_diamond,302,129,397,182,5026,1087,607,rgb,0.4236,0.4-0.5,,105,2.133,False,0.456
nwpu_positive_246_000,nwpu_positive_246,train,7,ground_track_field,302,0,594,373,108938,979,553,rgb,0.5411,0.5-0.6,,410,0.546,False,0.648
nwpu_positive_246_001,nwpu_positive_246,train,5,tennis_court,86,293,150,363,4481,979,553,rgb,0.5857,0.5-0.6,,77,2.909,False,0.756
nwpu_positive_246_002,nwpu_positive_246,train,5,tennis_court,128,298,174,357,2715,979,553,rgb,0.5816,0.5-0.6,,65,3.446,False,0.643
nwpu_positive_246_003,nwpu_positive_246,train,5,tennis_court,152,239,189,292,2003,979,553,rgb,0.4282,0.4-0.5,,58,3.862,False,0.596
nwpu_positive_246_004,nwpu_positive_246,train,5,tennis_court,189,249,243,314,3486,979,553,rgb,0.4247,0.4-0.5,,71,3.155,False,0.692
nwpu_positive_246_005,nwpu_positive_246,train,6,basketball_court,185,184,255,262,5503,979,553,rgb,0.5614,0.5-0.6,,86,2.605,False,0.744
nwpu_positive_246_006,nwpu_positive_246,train,6,basketball_court,163,132,265,208,7812,979,553,rgb,0.4238,0.4-0.5,,113,1.982,False,0.612
nwpu_positive_247_000,nwpu_positive_247,val,7,ground_track_field,506,263,825,587,103517,927,587,rgb,0.4381,0.4-0.5,,357,0.627,False,0.812
nwpu_positive_247_001,nwpu_positive_247,val,5,tennis_court,181,194,226,264,3185,927,587,rgb,0.432,0.4-0.5,,78,2.872,False,0.523
nwpu_positive_247_002,nwpu_positive_247,val,5,tennis_court,186,223,252,267,2878,927,587,rgb,0.6521,0.6-0.7,,72,3.111,False,0.555
nwpu_positive_247_003,nwpu_positive_247,val,5,tennis_court,200,233,241,285,2150,927,587,rgb,0.4732,0.4-0.5,,57,3.93,False,0.662
nwpu_positive_247_004,nwpu_positive_247,val,5,tennis_court,220,263,280,311,2908,927,587,rgb,0.5529,0.5-0.6,,66,3.394,False,0.668
nwpu_positive_247_005,nwpu_positive_247,val,4,baseball_diamond,316,36,422,107,7501,927,587,rgb,0.466,0.4-0.5,,116,1.931,False,0.557
nwpu_positive_247_006,nwpu_positive_247,val,4,baseball_diamond,213,409,335,467,7095,927,587,rgb,0.66,0.6-0.7,,134,1.672,False,0.395
nwpu_positive_247_007,nwpu_positive_247,val,4,baseball_diamond,792,299,885,364,6040,927,587,rgb,0.675,0.6-0.7,,103,2.175,False,0.569
nwpu_positive_248_000,nwpu_positive_248,train,7,ground_track_field,297,116,650,463,122416,804,549,rgb,0.6591,0.6-0.7,,388,0.577,False,0.813
nwpu_positive_249_000,nwpu_positive_249,train,7,ground_track_field,172,8,376,220,43202,766,504,rgb,0.4646,0.4-0.5,,233,0.961,False,0.796
nwpu_positive_249_001,nwpu_positive_249,train,4,baseball_diamond,331,337,441,396,6410,766,504,rgb,0.6214,0.6-0.7,,120,1.867,False,0.445
nwpu_positive_250_000,nwpu_positive_250,train,7,ground_track_field,116,63,272,480,64724,802,487,rgb,0.4843,0.4-0.5,,458,0.489,False,0.309
nwpu_positive_250_001,nwpu_positive_250,train,5,tennis_court,549,368,581,431,2000,802,487,rgb,0.6855,0.6-0.7,,70,3.2,False,0.408
nwpu_positive_250_002,nwpu_positive_250,train,5,tennis_court,582,359,631,434,3655,802,487,rgb,0.6232,0.6-0.7,,83,2.699,False,0.531
nwpu_positive_250_003,nwpu_positive_250,train,5,tennis_court,617,348,656,408,2415,802,487,rgb,0.4587,0.4-0.5,,67,3.343,False,0.538
nwpu_positive_250_004,nwpu_positive_250,train,5,tennis_court,654,375,684,453,2282,802,487,rgb,0.5876,0.5-0.6,,86,2.605,False,0.309
nwpu_positive_250_005,nwpu_positive_250,train,4,baseball_diamond,391,101,479,207,9327,802,487,rgb,0.6697,0.6-0.7,,117,1.915,False,0.681
nwpu_positive_250_006,nwpu_positive_250,train,4,baseball_diamond,322,325,374,423,5174,802,487,rgb,0.4315,0.4-0.5,,108,2.074,False,0.444
nwpu_positive_250_007,nwpu_positive_250,train,4,baseball_diamond,627,221,735,303,8896,802,487,rgb,0.6531,0.6-0.7,,118,1.898,False,0.639
nwpu_positive_251_000,nwpu_positive_251,train,7,ground_track_field,355,222,845,438,105615,965,581,rgb,0.5248,0.5-0.6,,538,0.416,False,0.365
nwpu_positive_251_001,nwpu_positive_251,train,4,baseball_diamond,280,115,399,206,10887,965,581,rgb,0.5227,0.5-0.6,,131,1.71,False,0.634
nwpu_positive_251_002,nwpu_positive_251,train,4,baseball_diamond,733,270,821,310,3525,965,581,rgb,0.6158,0.6-0.7,,96,2.333,False,0.382
nwpu_positive_252_000,nwpu_positive_252,val,7,ground_track_field,244,132,539,310,52183,688,422,rgb,0.5652,0.5-0.6,,324,0.691,False,0.497
nwpu_positive_252_001,nwpu_positive_252,val,5,tennis_court,563,190,611,237,2258,688,422,rgb,0.5908,0.5-0.6,,52,4.308,False,0.835
nwpu_positive_252_002,nwpu_positive_252,val,5,tennis_court,580,181,619,231,1982,688,422,rgb,0.5006,0.5-0.6,,55,4.073,False,0.655
nwpu_positive_252_003,nwpu_positive_252,val,5,tennis_court,493,119,531,187,2556,688,422,rgb,0.6883,0.6-0.7,,75,2.987,False,0.454
nwpu_positive_252_004,nwpu_positive_252,val,5,tennis_court,510,133,555,190,2627,688,422,rgb,0.6602,0.6-0.7,,63,3.556,False,0.662
nwpu_positive_252_005,nwpu_positive_252,val,5,tennis_court,529,130,574,177,2095,688,422,rgb,0.4725,0.4-0.5,,51,4.392,False,0.805
nwpu_positive_252_006,nwpu_positive_252,val,5,tennis_court,560,118,616,176,3207,688,422,rgb,0.6237,0.6-0.7,,63,3.556,False,0.808
nwpu_positive_252_007,nwpu_positive_252,val,5,tennis_court,517,62,562,128,2989,688,422,rgb,0.4365,0.4-0.5,,73,3.068,False,0.561
nwpu_positive_252_008,nwpu_positive_252,val,5,tennis_court,535,83,584,133,2454,688,422,rgb,0.5184,0.5-0.6,,55,4.073,False,0.811
nwpu_positive_252_009,nwpu_positive_252,val,4,baseball_diamond,339,17,432,91,6873,688,422,rgb,0.6523,0.6-0.7,,102,2.196,False,0.661
nwpu_positive_253_000,nwpu_positive_253,train,7,ground_track_field,86,111,258,399,49338,766,542,rgb,0.5765,0.5-0.6,,316,0.709,False,0.494
nwpu_positive_253_001,nwpu_positive_253,train,5,tennis_court,414,121,481,165,2941,766,542,rgb,0.6342,0.6-0.7,,74,3.027,False,0.537
nwpu_positive_253_002,nwpu_positive_253,train,5,tennis_court,459,151,523,203,3355,766,542,rgb,0.6285,0.6-0.7,,70,3.2,False,0.685
nwpu_positive_253_003,nwpu_positive_253,train,5,tennis_court,413,100,468,150,2725,766,542,rgb,0.4904,0.4-0.5,,60,3.733,False,0.757
nwpu_positive_253_004,nwpu_positive_253,train,5,tennis_court,459,133,534,170,2767,766,542,rgb,0.6298,0.6-0.7,,82,2.732,False,0.411
nwpu_positive_253_005,nwpu_positive_253,train,4,baseball_diamond,352,343,425,406,4602,766,542,rgb,0.5462,0.5-0.6,,81,2.765,False,0.701
nwpu_positive_254_000,nwpu_positive_254,train,7,ground_track_field,439,117,616,461,60940,840,503,rgb,0.514,0.5-0.6,,378,0.593,False,0.426
nwpu_positive_254_001,nwpu_positive_254,train,4,baseball_diamond,386,71,446,116,2744,840,503,rgb,0.5567,0.5-0.6,,66,3.394,False,0.63
nwpu_positive_254_002,nwpu_positive_254,train,4,baseball_diamond,559,374,648,437,5579,840,503,rgb,0.551,0.5-0.6,,97,2.309,False,0.593
nwpu_positive_254_003,nwpu_positive_254,train,4,baseball_diamond,579,184,660,217,2648,840,503,rgb,0.4285,0.4-0.5,,89,2.517,False,0.334
nwpu_positive_254_004,nwpu_positive_254,train,4,baseball_diamond,115,134,154,193,2266,840,503,rgb,0.5594,0.5-0.6,,65,3.446,False,0.536
nwpu_positive_254_005,nwpu_positive_254,train,4,baseball_diamond,198,39,241,76,1642,840,503,rgb,0.6665,0.6-0.7,,48,4.667,False,0.713
nwpu_positive_255_000,nwpu_positive_255,train,7,ground_track_field,77,203,253,436,41164,764,560,rgb,0.5135,0.5-0.6,,257,0.872,False,0.623
nwpu_positive_255_001,nwpu_positive_255,train,4,baseball_diamond,166,103,225,174,4241,764,560,rgb,0.6596,0.6-0.7,,79,2.835,False,0.68
nwpu_positive_256_000,nwpu_positive_256,val,7,ground_track_field,474,108,679,261,31488,810,568,rgb,0.4298,0.4-0.5,,226,0.991,False,0.616
nwpu_positive_256_001,nwpu_positive_256,val,4,baseball_diamond,283,276,405,346,8583,810,568,rgb,0.4308,0.4-0.5,,135,1.659,False,0.471
nwpu_positive_256_002,nwpu_positive_256,val,4,baseball_diamond,220,344,267,401,2734,810,568,rgb,0.6062,0.6-0.7,,64,3.5,False,0.667
nwpu_positive_257_000,nwpu_positive_257,train,7,ground_track_field,194,12,443,318,76278,902,582,rgb,0.6304,0.6-0.7,,336,0.667,False,0.676
nwpu_positive_257_001,nwpu_positive_257,train,5,tennis_court,121,230,175,301,3800,902,582,rgb,0.4379,0.4-0.5,,78,2.872,False,0.625
nwpu_positive_257_002,nwpu_positive_257,train,5,tennis_court,121,242,172,298,2885,902,582,rgb,0.4177,0.4-0.5,,62,3.613,False,0.75
nwpu_positive_257_003,nwpu_positive_257,train,5,tennis_court,125,272,191,344,4695,902,582,rgb,0.5277,0.5-0.6,,79,2.835,False,0.752
nwpu_positive_257_004,nwpu_positive_257,train,5,tennis_court,136,301,208,347,3356,902,582,rgb,0.4687,0.4-0.5,,80,2.8,False,0.524
nwpu_positive_257_005,nwpu_positive_257,train,5,tennis_court,166,324,244,375,4044,902,582,rgb,0.5077,0.5-0.6,,86,2.605,False,0.547
nwpu_positive_257_006,nwpu_positive_257,train,6,basketball_court,52,206,129,303,7558,902,582,rgb,0.5256,0.5-0.6,,107,2.093,False,0.66
nwpu_positive_258_000,nwpu_positive_258,train,7,ground_track_field,0,199,389,359,62599,883,572,rgb,0.6685,0.6-0.7,,428,0.523,False,0.342
nwpu_positive_258_001,nwpu_positive_258,train,4,baseball_diamond,39,199,98,268,4141,883,572,rgb,0.5882,0.5-0.6,,77,2.909,False,0.698
nwpu_positive_258_002,nwpu_positive_258,train,4,baseball_diamond,507,192,599,260,6253,883,572,rgb,0.6629,0.6-0.7,,102,2.196,False,0.601
nwpu_positive_259_000,nwpu_positive_259,val,7,ground_track_field,83,232,297,502,57599,694,502,rgb,0.5189,0.5-0.6,,296,0.757,False,0.657
nwpu_positive_259_001,nwpu_positive_259,val,4,baseball_diamond,227,68,319,143,6847,694,502,rgb,0.5475,0.5-0.6,,101,2.218,False,0.671
nwpu_positive_260_000,nwpu_positive_260,train,7,ground_track_field,238,101,517,409,86283,869,558,rgb,0.5565,0.5-0.6,,339,0.661,False,0.751
nwpu_positive_261_000,nwpu_positive_261,train,7,ground_track_field,412,186,567,521,52052,789,521,rgb,0.4365,0.4-0.5,,368,0.609,False,0.384
nwpu_positive_261_001,nwpu_positive_261,train,4,baseball_diamond,608,69,740,137,8873,789,521,rgb,0.4885,0.4-0.5,,145,1.545,False,0.422
nwpu_positive_261_002,nwpu_positive_261,train,4,baseball_diamond,596,224,706,290,7194,789,521,rgb,0.406,0.4-0.5,,120,1.867,False,0.5
nwpu_positive_262_000,nwpu_positive_262,train,7,ground_track_field,0,123,476,458,159456,1119,602,rgb,0.6475,0.6-0.7,,524,0.427,False,0.581
nwpu_positive_262_001,nwpu_positive_262,train,5,tennis_court,481,271,588,305,3638,1119,602,rgb,0.4628,0.4-0.5,,118,1.898,False,0.261
nwpu_positive_262_002,nwpu_positive_262,train,5,tennis_court,480,314,541,363,2992,1119,602,rgb,0.5159,0.5-0.6,,67,3.343,False,0.667
nwpu_positive_262_003,nwpu_positive_262,train,5,tennis_court,473,322,562,378,4907,1119,602,rgb,0.539,0.5-0.6,,98,2.286,False,0.511
nwpu_positive_262_004,nwpu_positive_262,train,5,tennis_court,447,374,542,415,3830,1119,602,rgb,0.691,0.6-0.7,,104,2.154,False,0.354
nwpu_positive_262_005,nwpu_positive_262,train,5,tennis_court,438,400,525,461,5317,1119,602,rgb,0.6347,0.6-0.7,,96,2.333,False,0.577
nwpu_positive_262_006,nwpu_positive_262,train,4,baseball_diamond,634,12,729,75,5977,1119,602,rgb,0.4903,0.4-0.5,,104,2.154,False,0.553
nwpu_positive_262_007,nwpu_positive_262,train,4,baseball_diamond,625,470,706,550,6477,1119,602,rgb,0.6224,0.6-0.7,,90,2.489,False,0.8
nwpu_positive_262_008,nwpu_positive_262,train,4,baseball_diamond,906,49,993,115,5706,1119,602,rgb,0.6563,0.6-0.7,,96,2.333,False,0.619
nwpu_positive_262_009,nwpu_positive_262,train,4,baseball_diamond,952,431,1035,526,7932,1119,602,rgb,0.5681,0.5-0.6,,105,2.133,False,0.719
nwpu_positive_263_000,nwpu_positive_263,train,7,ground_track_field,406,0,540,328,43859,835,531,rgb,0.6753,0.6-0.7,,361,0.62,False,0.337
nwpu_positive_263_001,nwpu_positive_263,train,4,baseball_diamond,356,350,419,408,3683,835,531,rgb,0.4672,0.4-0.5,,70,3.2,False,0.752
nwpu_positive_265_000,nwpu_positive_265,train,7,ground_track_field,46,208,282,420,50061,801,432,rgb,0.458,0.4-0.5,,260,0.862,False,0.741
nwpu_positive_266_000,nwpu_positive_266,train,8,harbor,326,157,449,254,11927,1003,585,rgb,0.4813,0.4-0.5,,135,1.659,False,0.654
nwpu_positive_266_001,nwpu_positive_266,train,8,harbor,470,151,667,245,18444,1003,585,rgb,0.6284,0.6-0.7,,217,1.032,False,0.392
nwpu_positive_266_002,nwpu_positive_266,train,8,harbor,419,236,573,328,14138,1003,585,rgb,0.6408,0.6-0.7,,169,1.325,False,0.495
nwpu_positive_266_003,nwpu_positive_266,train,8,harbor,411,285,507,396,10589,1003,585,rgb,0.5704,0.5-0.6,,122,1.836,False,0.711
nwpu_positive_266_004,nwpu_positive_266,train,8,harbor,614,188,866,336,37211,1003,585,rgb,0.4721,0.4-0.5,,277,0.809,False,0.485
nwpu_positive_266_005,nwpu_positive_266,train,8,harbor,545,276,711,416,23109,1003,585,rgb,0.4204,0.4-0.5,,182,1.231,False,0.698
nwpu_positive_267_000,nwpu_positive_267,train,8,harbor,321,31,412,93,5646,1102,583,rgb,0.4953,0.4-0.5,,101,2.218,False,0.553
nwpu_positive_267_001,nwpu_positive_267,train,8,harbor,488,34,574,80,3961,1102,583,rgb,0.5521,0.5-0.6,,95,2.358,False,0.439
nwpu_positive_267_002,nwpu_positive_267,train,8,harbor,272,89,427,135,7187,1102,583,rgb,0.5427,0.5-0.6,,171,1.31,False,0.246
nwpu_positive_267_003,nwpu_positive_267,train,8,harbor,388,80,590,119,7799,1102,583,rgb,0.5736,0.5-0.6,,222,1.009,False,0.158
nwpu_positive_267_004,nwpu_positive_267,train,8,harbor,316,162,429,192,3413,1102,583,rgb,0.4065,0.4-0.5,,124,1.806,False,0.222
nwpu_positive_267_005,nwpu_positive_267,train,8,harbor,399,162,661,203,10589,1102,583,rgb,0.584,0.5-0.6,,288,0.778,False,0.128
nwpu_positive_267_006,nwpu_positive_267,train,8,harbor,339,249,455,299,5834,1102,583,rgb,0.4082,0.4-0.5,,128,1.75,False,0.356
nwpu_positive_267_007,nwpu_positive_267,train,8,harbor,512,222,645,264,5479,1102,583,rgb,0.5043,0.5-0.6,,145,1.545,False,0.261
nwpu_positive_267_008,nwpu_positive_267,train,8,harbor,394,314,612,341,5852,1102,583,rgb,0.4491,0.4-0.5,,240,0.933,False,0.102
nwpu_positive_267_009,nwpu_positive_267,train,8,harbor,394,377,520,425,6057,1102,583,rgb,0.4022,0.4-0.5,,139,1.612,False,0.313
nwpu_positive_267_010,nwpu_positive_267,train,8,harbor,656,209,740,299,7518,1102,583,rgb,0.5808,0.5-0.6,,99,2.263,False,0.767
nwpu_positive_267_011,nwpu_positive_267,train,8,harbor,570,388,646,443,4171,1102,583,rgb,0.5181,0.5-0.6,,83,2.699,False,0.605
nwpu_positive_268_000,nwpu_positive_268,val,8,harbor,252,109,344,244,12512,783,467,rgb,0.6013,0.6-0.7,,149,1.503,False,0.564
nwpu_positive_268_001,nwpu_positive_268,val,8,harbor,342,92,462,300,24850,783,467,rgb,0.4161,0.4-0.5,,229,0.978,False,0.474
nwpu_positive_268_002,nwpu_positive_268,val,8,harbor,403,155,500,264,10512,783,467,rgb,0.6109,0.6-0.7,,120,1.867,False,0.73
nwpu_positive_270_000,nwpu_positive_270,val,8,harbor,517,0,635,103,12170,807,559,rgb,0.4484,0.4-0.5,,130,1.723,False,0.72
nwpu_positive_270_001,nwpu_positive_270,val,8,harbor,470,53,571,166,11381,807,559,rgb,0.6746,0.6-0.7,,124,1.806,False,0.74
nwpu_positive_270_002,nwpu_positive_270,val,8,harbor,401,108,486,244,11663,807,559,rgb,0.5276,0.5-0.6,,150,1.493,False,0.518
nwpu_positive_270_003,nwpu_positive_270,val,8,harbor,270,133,414,230,14030,807,559,rgb,0.5432,0.5-0.6,,158,1.418,False,0.562
nwpu_positive_270_004,nwpu_positive_270,val,8,harbor,235,112,328,246,12534,807,559,rgb,0.4207,0.4-0.5,,147,1.524,False,0.58
nwpu_positive_271_000,nwpu_positive_271,train,8,harbor,124,0,267,181,25898,734,618,rgb,0.6008,0.6-0.7,,199,1.126,False,0.654
nwpu_positive_271_001,nwpu_positive_271,train,8,harbor,225,25,383,142,18500,734,618,rgb,0.484,0.4-0.5,,173,1.295,False,0.618
nwpu_positive_271_002,nwpu_positive_271,train,8,harbor,298,110,395,196,8303,734,618,rgb,0.5815,0.5-0.6,,106,2.113,False,0.739
nwpu_positive_271_003,nwpu_positive_271,train,8,harbor,369,133,456,301,14603,734,618,rgb,0.5928,0.5-0.6,,185,1.211,False,0.427
nwpu_positive_271_004,nwpu_positive_271,train,8,harbor,463,163,582,328,19693,734,618,rgb,0.5311,0.5-0.6,,182,1.231,False,0.595
nwpu_positive_271_005,nwpu_positive_271,train,8,harbor,527,199,644,341,16700,734,618,rgb,0.5863,0.5-0.6,,156,1.436,False,0.686
nwpu_positive_271_006,nwpu_positive_271,train,8,harbor,595,271,669,426,11630,734,618,rgb,0.4944,0.4-0.5,,171,1.31,False,0.398
nwpu_positive_272_000,nwpu_positive_272,train,8,harbor,0,33,101,181,14879,831,540,rgb,0.4672,0.4-0.5,,162,1.383,False,0.567
nwpu_positive_272_001,nwpu_positive_272,train,8,harbor,121,70,193,155,6199,831,540,rgb,0.416,0.4-0.5,,94,2.383,False,0.702
nwpu_positive_272_002,nwpu_positive_272,train,8,harbor,138,142,267,242,12956,831,540,rgb,0.6136,0.6-0.7,,143,1.566,False,0.634
nwpu_positive_272_003,nwpu_positive_272,train,8,harbor,241,133,375,288,20727,831,540,rgb,0.6142,0.6-0.7,,171,1.31,False,0.709
nwpu_positive_272_004,nwpu_positive_272,train,8,harbor,324,232,417,385,14263,831,540,rgb,0.4501,0.4-0.5,,169,1.325,False,0.499
nwpu_positive_273_000,nwpu_positive_273,train,8,harbor,226,0,443,84,18313,850,602,rgb,0.53,0.5-0.6,,239,0.937,False,0.321
nwpu_positive_273_001,nwpu_positive_273,train,8,harbor,262,69,460,133,12804,850,602,rgb,0.5356,0.5-0.6,,218,1.028,False,0.269
nwpu_positive_273_002,nwpu_positive_273,train,8,harbor,256,132,476,216,18432,850,602,rgb,0.632,0.6-0.7,,242,0.926,False,0.315
nwpu_positive_273_003,nwpu_positive_273,train,8,harbor,344,165,544,267,20388,850,602,rgb,0.601,0.6-0.7,,220,1.018,False,0.421
nwpu_positive_273_004,nwpu_positive_273,train,8,harbor,354,231,563,302,14692,850,602,rgb,0.6183,0.6-0.7,,229,0.978,False,0.28
nwpu_positive_273_005,nwpu_positive_273,train,8,harbor,315,281,508,396,22183,850,602,rgb,0.4333,0.4-0.5,,213,1.052,False,0.489
nwpu_positive_273_006,nwpu_positive_273,train,8,harbor,370,351,536,446,15840,850,602,rgb,0.4164,0.4-0.5,,183,1.224,False,0.473
nwpu_positive_273_007,nwpu_positive_273,train,8,harbor,474,384,624,474,13446,850,602,rgb,0.6283,0.6-0.7,,165,1.358,False,0.494
nwpu_positive_274_000,nwpu_positive_274,train,8,harbor,97,44,285,97,9813,747,593,rgb,0.5248,0.5-0.6,,207,1.082,False,0.229
nwpu_positive_274_001,nwpu_positive_274,train,8,harbor,120,299,334,384,18325,747,593,rgb,0.4791,0.4-0.5,,235,0.953,False,0.332
nwpu_positive_274_002,nwpu_positive_274,train,8,harbor,145,419,266,480,7435,747,593,rgb,0.6671,0.6-0.7,,133,1.684,False,0.42
nwpu_positive_274_003,nwpu_positive_274,train,8,harbor,167,500,293,539,4885,747,593,rgb,0.559,0.5-0.6,,139,1.612,False,0.253
nwpu_positive_275_000,nwpu_positive_275,train,8,harbor,685,43,842,112,10882,940,623,rgb,0.5255,0.5-0.6,,172,1.302,False,0.368
nwpu_positive_275_001,nwpu_positive_275,train,8,harbor,596,63,758,130,10796,940,623,rgb,0.5502,0.5-0.6,,178,1.258,False,0.341
nwpu_positive_275_002,nwpu_positive_275,train,8,harbor,366,236,482,349,13231,940,623,rgb,0.591,0.5-0.6,,128,1.75,False,0.808
nwpu_positive_275_003,nwpu_positive_275,train,8,harbor,313,284,427,412,14522,940,623,rgb,0.4715,0.4-0.5,,140,1.6,False,0.741
nwpu_positive_275_004,nwpu_positive_275,train,8,harbor,220,407,361,471,8988,940,623,rgb,0.5669,0.5-0.6,,155,1.445,False,0.374
nwpu_positive_275_005,nwpu_positive_275,train,8,harbor,90,418,248,496,12300,940,623,rgb,0.4715,0.4-0.5,,174,1.287,False,0.406
nwpu_positive_275_006,nwpu_positive_275,train,8,harbor,161,508,263,623,11698,940,623,rgb,0.6912,0.6-0.7,,127,1.764,False,0.725
nwpu_positive_275_007,nwpu_positive_275,train,8,harbor,60,519,170,598,8679,940,623,rgb,0.6444,0.6-0.7,,121,1.851,False,0.593
nwpu_positive_276_000,nwpu_positive_276,train,8,harbor,179,172,380,250,15636,817,608,rgb,0.5869,0.5-0.6,,221,1.014,False,0.32
nwpu_positive_276_001,nwpu_positive_276,train,8,harbor,103,260,273,353,15906,817,608,rgb,0.4519,0.4-0.5,,188,1.191,False,0.45
nwpu_positive_276_002,nwpu_positive_276,train,8,harbor,69,316,149,439,9832,817,608,rgb,0.5483,0.5-0.6,,136,1.647,False,0.532
nwpu_positive_278_000,nwpu_positive_278,train,8,harbor,309,100,397,290,16718,686,550,rgb,0.5393,0.5-0.6,,209,1.072,False,0.383
nwpu_positive_278_001,nwpu_positive_278,train,8,harbor,412,145,494,272,10506,686,550,rgb,0.6762,0.6-0.7,,140,1.6,False,0.536
nwpu_positive_278_002,nwpu_positive_278,train,8,harbor,504,181,570,241,3952,686,550,rgb,0.6325,0.6-0.7,,73,3.068,False,0.742
nwpu_positive_279_000,nwpu_positive_279,val,8,harbor,231,189,277,275,3990,756,560,rgb,0.4661,0.4-0.5,,95,2.358,False,0.442
nwpu_positive_279_001,nwpu_positive_279,val,8,harbor,284,216,334,287,3543,756,560,rgb,0.5814,0.5-0.6,,77,2.909,False,0.598
nwpu_positive_279_002,nwpu_positive_279,val,8,harbor,339,206,424,313,9002,756,560,rgb,0.5142,0.5-0.6,,117,1.915,False,0.658
nwpu_positive_279_003,nwpu_positive_279,val,8,harbor,414,160,476,280,7441,756,560,rgb,0.5752,0.5-0.6,,132,1.697,False,0.427
nwpu_positive_280_000,nwpu_positive_280,val,8,harbor,271,117,405,196,10646,939,540,rgb,0.4234,0.4-0.5,,147,1.524,False,0.493
nwpu_positive_280_001,nwpu_positive_280,val,8,harbor,255,188,371,263,8736,939,540,rgb,0.448,0.4-0.5,,128,1.75,False,0.533
nwpu_positive_280_002,nwpu_positive_280,val,8,harbor,267,236,447,319,15010,939,540,rgb,0.6197,0.6-0.7,,197,1.137,False,0.387
nwpu_positive_280_003,nwpu_positive_280,val,8,harbor,309,286,446,345,8181,939,540,rgb,0.5886,0.5-0.6,,151,1.483,False,0.359
nwpu_positive_280_004,nwpu_positive_280,val,8,harbor,316,336,445,408,9239,939,540,rgb,0.6408,0.6-0.7,,142,1.577,False,0.458
nwpu_positive_282_000,nwpu_positive_282,train,8,harbor,248,21,480,126,24354,1002,606,rgb,0.5533,0.5-0.6,,255,0.878,False,0.375
nwpu_positive_282_001,nwpu_positive_282,train,8,harbor,308,58,433,156,12172,1002,606,rgb,0.4447,0.4-0.5,,138,1.623,False,0.639
nwpu_positive_282_002,nwpu_positive_282,train,8,harbor,477,25,616,121,13216,1002,606,rgb,0.4254,0.4-0.5,,153,1.464,False,0.565
nwpu_positive_282_003,nwpu_positive_282,train,8,harbor,331,104,543,217,23951,1002,606,rgb,0.6314,0.6-0.7,,233,0.961,False,0.441
nwpu_positive_282_004,nwpu_positive_282,train,8,harbor,809,38,939,107,8929,1002,606,rgb,0.5642,0.5-0.6,,144,1.556,False,0.431
nwpu_positive_282_005,nwpu_positive_282,train,8,harbor,717,97,909,202,20279,1002,606,rgb,0.4498,0.4-0.5,,212,1.057,False,0.451
nwpu_positive_282_006,nwpu_positive_282,train,8,harbor,688,214,932,300,21029,1002,606,rgb,0.4368,0.4-0.5,,268,0.836,False,0.293
nwpu_positive_282_007,nwpu_positive_282,train,8,harbor,739,298,854,371,8473,1002,606,rgb,0.4763,0.4-0.5,,127,1.764,False,0.525
nwpu_positive_282_008,nwpu_positive_282,train,2,ship,595,186,632,289,3843,1002,606,rgb,0.4853,0.4-0.5,,113,1.982,False,0.301
nwpu_positive_282_009,nwpu_positive_282,train,5,tennis_court,83,399,126,465,2868,1002,606,rgb,0.5487,0.5-0.6,,73,3.068,False,0.538
nwpu_positive_282_010,nwpu_positive_282,train,5,tennis_court,129,377,192,431,3430,1002,606,rgb,0.4597,0.4-0.5,,69,3.246,False,0.72
nwpu_positive_282_011,nwpu_positive_282,train,5,tennis_court,88,458,147,530,4250,1002,606,rgb,0.6824,0.6-0.7,,79,2.835,False,0.681
nwpu_positive_282_012,nwpu_positive_282,train,5,tennis_court,135,460,170,535,2611,1002,606,rgb,0.4712,0.4-0.5,,83,2.699,False,0.379
nwpu_positive_282_013,nwpu_positive_282,train,5,tennis_court,178,432,210,508,2437,1002,606,rgb,0.5812,0.5-0.6,,84,2.667,False,0.345
nwpu_positive_282_014,nwpu_positive_282,train,5,tennis_court,203,432,256,512,4229,1002,606,rgb,0.5412,0.5-0.6,,88,2.545,False,0.546
nwpu_positive_283_000,nwpu_positive_283,train,8,harbor,23,168,66,234,2864,847,574,rgb,0.4134,0.4-0.5,,73,3.068,False,0.537
nwpu_positive_283_001,nwpu_positive_283,train,8,harbor,64,187,119,254,3705,847,574,rgb,0.5847,0.5-0.6,,74,3.027,False,0.677
nwpu_positive_283_002,nwpu_positive_283,train,8,harbor,117,165,157,286,4881,847,574,rgb,0.6213,0.6-0.7,,134,1.672,False,0.272
nwpu_positive_283_003,nwpu_positive_283,train,8,harbor,180,203,213,289,2876,847,574,rgb,0.5314,0.5-0.6,,95,2.358,False,0.319
nwpu_positive_283_004,nwpu_positive_283,train,8,harbor,225,148,268,255,4671,847,574,rgb,0.4114,0.4-0.5,,118,1.898,False,0.335
nwpu_positive_283_005,nwpu_positive_283,train,8,harbor,285,142,349,250,7008,847,574,rgb,0.5195,0.5-0.6,,119,1.882,False,0.495
nwpu_positive_283_006,nwpu_positive_283,train,8,harbor,357,130,420,235,6568,847,574,rgb,0.4425,0.4-0.5,,116,1.931,False,0.488
nwpu_positive_283_007,nwpu_positive_283,train,8,harbor,403,156,462,274,6985,847,574,rgb,0.4105,0.4-0.5,,130,1.723,False,0.413
nwpu_positive_283_008,nwpu_positive_283,train,8,harbor,505,129,591,259,11260,847,574,rgb,0.5286,0.5-0.6,,143,1.566,False,0.551
nwpu_positive_283_009,nwpu_positive_283,train,8,harbor,582,180,691,266,9463,847,574,rgb,0.5331,0.5-0.6,,121,1.851,False,0.646
nwpu_positive_283_010,nwpu_positive_283,train,8,harbor,667,186,761,250,5973,847,574,rgb,0.5347,0.5-0.6,,103,2.175,False,0.563
nwpu_positive_283_011,nwpu_positive_283,train,8,harbor,772,150,829,257,6139,847,574,rgb,0.6475,0.6-0.7,,117,1.915,False,0.448
nwpu_positive_285_000,nwpu_positive_285,train,2,ship,431,302,478,425,5726,1264,987,rgb,0.6662,0.6-0.7,,135,1.659,False,0.314
nwpu_positive_285_001,nwpu_positive_285,train,2,ship,592,426,638,520,4217,1264,987,rgb,0.5219,0.5-0.6,,103,2.175,False,0.397
nwpu_positive_285_002,nwpu_positive_285,train,2,ship,757,688,845,778,7904,1264,987,rgb,0.6174,0.6-0.7,,99,2.263,False,0.806
nwpu_positive_285_003,nwpu_positive_285,train,2,ship,914,87,971,159,4073,1264,987,rgb,0.6002,0.6-0.7,,79,2.835,False,0.653
nwpu_positive_285_004,nwpu_positive_285,train,2,ship,928,350,1035,432,8750,1264,987,rgb,0.4817,0.4-0.5,,118,1.898,False,0.628
nwpu_positive_285_005,nwpu_positive_285,train,3,storage_tank,76,25,166,106,7277,1264,987,rgb,0.5003,0.5-0.6,,99,2.263,False,0.742
nwpu_positive_285_006,nwpu_positive_285,train,3,storage_tank,180,21,239,102,4849,1264,987,rgb,0.6946,0.6-0.7,,89,2.517,False,0.612
nwpu_positive_285_007,nwpu_positive_285,train,3,storage_tank,250,34,300,125,4535,1264,987,rgb,0.6027,0.6-0.7,,99,2.263,False,0.463
nwpu_positive_285_008,nwpu_positive_285,train,3,storage_tank,307,24,395,122,8626,1264,987,rgb,0.5112,0.5-0.6,,108,2.074,False,0.74
nwpu_positive_285_009,nwpu_positive_285,train,3,storage_tank,2,84,76,144,4548,1264,987,rgb,0.4707,0.4-0.5,,82,2.732,False,0.676
nwpu_positive_285_010,nwpu_positive_285,train,3,storage_tank,6,152,65,197,2716,1264,987,rgb,0.4505,0.4-0.5,,66,3.394,False,0.623
nwpu_positive_285_011,nwpu_positive_285,train,3,storage_tank,29,194,90,253,3546,1264,987,rgb,0.616,0.6-0.7,,67,3.343,False,0.79
nwpu_positive_285_012,nwpu_positive_285,train,3,storage_tank,34,265,81,298,1523,1264,987,rgb,0.6453,0.6-0.7,,51,4.392,False,0.586
nwpu_positive_285_013,nwpu_positive_285,train,3,storage_tank,114,179,159,242,2869,1264,987,rgb,0.514,0.5-0.6,,70,3.2,False,0.586
nwpu_positive_285_014,nwpu_positive_285,train,3,storage_tank,186,182,224,232,1905,1264,987,rgb,0.4355,0.4-0.5,,55,4.073,False,0.63
nwpu_positive_285_015,nwpu_positive_285,train,3,storage_tank,109,209,166,267,3346,1264,987,rgb,0.5935,0.5-0.6,,64,3.5,False,0.817
nwpu_positive_285_016,nwpu_positive_285,train,3,storage_tank,169,245,229,283,2281,1264,987,rgb,0.4332,0.4-0.5,,66,3.394,False,0.524
nwpu_positive_285_017,nwpu_positive_285,train,3,storage_tank,103,275,157,333,3132,1264,987,rgb,0.5978,0.5-0.6,,64,3.5,False,0.765
nwpu_positive_285_018,nwpu_positive_285,train,3,storage_tank,165,296,214,336,1978,1264,987,rgb,0.4537,0.4-0.5,,54,4.148,False,0.678
nwpu_positive_285_019,nwpu_positive_285,train,3,storage_tank,232,170,275,223,2308,1264,987,rgb,0.4762,0.4-0.5,,58,3.862,False,0.686
nwpu_positive_285_020,nwpu_positive_285,train,3,storage_tank,280,191,315,226,1255,1264,987,rgb,0.4448,0.4-0.5,,39,5.744,False,0.825
nwpu_positive_285_021,nwpu_positive_285,train,3,storage_tank,320,201,379,259,3401,1264,987,rgb,0.6763,0.6-0.7,,64,3.5,False,0.83
nwpu_positive_285_022,nwpu_positive_285,train,3,storage_tank,235,240,295,289,3005,1264,987,rgb,0.5292,0.5-0.6,,67,3.343,False,0.669
nwpu_positive_285_023,nwpu_positive_285,train,3,storage_tank,277,250,332,298,2680,1264,987,rgb,0.661,0.6-0.7,,61,3.672,False,0.72
nwpu_positive_285_024,nwpu_positive_285,train,3,storage_tank,323,249,370,321,3415,1264,987,rgb,0.6904,0.6-0.7,,80,2.8,False,0.534
nwpu_positive_285_025,nwpu_positive_285,train,3,storage_tank,218,279,273,347,3745,1264,987,rgb,0.6536,0.6-0.7,,75,2.987,False,0.666
nwpu_positive_285_026,nwpu_positive_285,train,3,storage_tank,281,280,333,334,2843,1264,987,rgb,0.4154,0.4-0.5,,59,3.797,False,0.817
nwpu_positive_285_027,nwpu_positive_285,train,3,storage_tank,320,281,351,349,2074,1264,987,rgb,0.5009,0.5-0.6,,74,3.027,False,0.379
nwpu_positive_285_028,nwpu_positive_285,train,3,storage_tank,207,422,278,471,3526,1264,987,rgb,0.6908,0.6-0.7,,78,2.872,False,0.58
nwpu_positive_285_029,nwpu_positive_285,train,3,storage_tank,292,425,337,493,3064,1264,987,rgb,0.6752,0.6-0.7,,74,3.027,False,0.56
nwpu_positive_285_030,nwpu_positive_285,train,3,storage_tank,112,80,177,167,5631,1264,987,rgb,0.5499,0.5-0.6,,96,2.333,False,0.611
nwpu_positive_285_031,nwpu_positive_285,train,3,storage_tank,161,74,240,147,5744,1264,987,rgb,0.4111,0.4-0.5,,87,2.575,False,0.759
nwpu_positive_285_032,nwpu_positive_285,train,3,storage_tank,226,120,305,173,4133,1264,987,rgb,0.6828,0.6-0.7,,86,2.605,False,0.559
nwpu_positive_285_033,nwpu_positive_285,train,3,storage_tank,300,134,373,221,6418,1264,987,rgb,0.4705,0.4-0.5,,96,2.333,False,0.696
nwpu_positive_285_034,nwpu_positive_285,train,3,storage_tank,16,12,75,53,2401,1264,987,rgb,0.6533,0.6-0.7,,65,3.446,False,0.568
nwpu_positive_286_000,nwpu_positive_286,train,1,airplane,158,363,203,438,3335,979,751,rgb,0.6715,0.6-0.7,,82,2.732,False,0.496
nwpu_positive_286_001,nwpu_positive_286,train,2,ship,459,589,564,662,7733,979,751,rgb,0.6952,0.6-0.7,,115,1.948,False,0.585
nwpu_positive_286_002,nwpu_positive_286,train,2,ship,763,523,845,577,4422,979,751,rgb,0.6069,0.6-0.7,,90,2.489,False,0.546
nwpu_positive_287_000,nwpu_positive_287,train,2,ship,121,57,202,82,1942,1152,671,rgb,0.5898,0.5-0.6,,89,2.517,False,0.245
nwpu_positive_287_001,nwpu_positive_287,train,2,ship,398,47,478,78,2515,1152,671,rgb,0.6275,0.6-0.7,,88,2.545,False,0.325
nwpu_positive_287_002,nwpu_positive_287,train,2,ship,477,53,600,75,2676,1152,671,rgb,0.5879,0.5-0.6,,135,1.659,False,0.147
nwpu_positive_287_003,nwpu_positive_287,train,2,ship,22,86,72,189,5093,1152,671,rgb,0.457,0.4-0.5,,114,1.965,False,0.392
nwpu_positive_287_004,nwpu_positive_287,train,2,ship,87,429,175,457,2550,1152,671,rgb,0.6202,0.6-0.7,,97,2.309,False,0.271
nwpu_positive_287_005,nwpu_positive_287,train,2,ship,246,461,343,486,2370,1152,671,rgb,0.406,0.4-0.5,,106,2.113,False,0.211
nwpu_positive_287_006,nwpu_positive_287,train,2,ship,561,536,597,623,3213,1152,671,rgb,0.4062,0.4-0.5,,96,2.333,False,0.349
nwpu_positive_287_007,nwpu_positive_287,train,2,ship,809,426,886,451,1924,1152,671,rgb,0.4419,0.4-0.5,,84,2.667,False,0.273
nwpu_positive_287_008,nwpu_positive_287,train,2,ship,958,440,1049,507,6026,1152,671,rgb,0.6904,0.6-0.7,,100,2.24,False,0.603
nwpu_positive_287_009,nwpu_positive_287,train,3,storage_tank,532,122,592,173,3055,1152,671,rgb,0.5616,0.5-0.6,,67,3.343,False,0.681
nwpu_positive_287_010,nwpu_positive_287,train,3,storage_tank,516,172,581,237,4206,1152,671,rgb,0.63,0.6-0.7,,72,3.111,False,0.811
nwpu_positive_287_011,nwpu_positive_287,train,3,storage_tank,521,233,588,275,2767,1152,671,rgb,0.5576,0.5-0.6,,73,3.068,False,0.519
nwpu_positive_287_012,nwpu_positive_287,train,3,storage_tank,679,182,712,244,2056,1152,671,rgb,0.5717,0.5-0.6,,68,3.294,False,0.445
nwpu_positive_287_013,nwpu_positive_287,train,3,storage_tank,659,240,705,296,2651,1152,671,rgb,0.5558,0.5-0.6,,62,3.613,False,0.69
nwpu_positive_287_014,nwpu_positive_287,train,3,storage_tank,732,211,771,281,2730,1152,671,rgb,0.5462,0.5-0.6,,77,2.909,False,0.46
nwpu_positive_287_015,nwpu_positive_287,train,3,storage_tank,771,233,843,273,2806,1152,671,rgb,0.5783,0.5-0.6,,79,2.835,False,0.45
nwpu_positive_288_000,nwpu_positive_288,train,2,ship,352,191,409,229,2129,968,776,rgb,0.6102,0.6-0.7,,62,3.613,False,0.554
nwpu_positive_288_001,nwpu_positive_288,train,2,ship,117,523,199,551,2244,968,776,rgb,0.5626,0.5-0.6,,91,2.462,False,0.271
nwpu_positive_289_000,nwpu_positive_289,train,2,ship,118,319,173,363,2432,979,765,rgb,0.6371,0.6-0.7,,61,3.672,False,0.654
nwpu_positive_289_001,nwpu_positive_289,train,3,storage_tank,635,642,693,688,2648,979,765,rgb,0.6228,0.6-0.7,,63,3.556,False,0.667
nwpu_positive_289_002,nwpu_positive_289,train,3,storage_tank,695,609,730,655,1628,979,765,rgb,0.6626,0.6-0.7,,51,4.392,False,0.626
nwpu_positive_289_003,nwpu_positive_289,train,3,storage_tank,700,642,749,695,2612,979,765,rgb,0.4201,0.4-0.5,,59,3.797,False,0.75
nwpu_positive_289_004,nwpu_positive_289,train,3,storage_tank,678,680,738,736,3381,979,765,rgb,0.6435,0.6-0.7,,66,3.394,False,0.776
nwpu_positive_289_005,nwpu_positive_289,train,3,storage_tank,737,280,759,298,408,979,765,rgb,0.4323,0.4-0.5,,24,9.333,True,0.709
nwpu_positive_289_006,nwpu_positive_289,train,3,storage_tank,756,249,788,281,1015,979,765,rgb,0.5059,0.5-0.6,,35,6.4,True,0.829
nwpu_positive_289_007,nwpu_positive_289,train,3,storage_tank,772,273,796,302,738,979,765,rgb,0.5884,0.5-0.6,,33,6.788,True,0.677
nwpu_positive_289_008,nwpu_positive_289,train,3,storage_tank,752,289,783,316,851,979,765,rgb,0.6199,0.6-0.7,,34,6.588,True,0.737
nwpu_positive_290_000,nwpu_positive_290,train,2,ship,239,265,275,340,2672,978,760,rgb,0.5033,0.5-0.6,,83,2.699,False,0.388
nwpu_positive_290_001,nwpu_positive_290,train,2,ship,189,389,234,474,3828,978,760,rgb,0.4796,0.4-0.5,,94,2.383,False,0.433
nwpu_positive_290_002,nwpu_positive_290,train,2,ship,170,589,211,681,3711,978,760,rgb,0.4112,0.4-0.5,,100,2.24,False,0.371
nwpu_positive_291_000,nwpu_positive_291,train,2,ship,96,289,167,329,2873,976,765,rgb,0.556,0.5-0.6,,78,2.872,False,0.472
nwpu_positive_291_001,nwpu_positive_291,train,2,ship,332,231,372,328,3904,976,765,rgb,0.4095,0.4-0.5,,106,2.113,False,0.347
nwpu_positive_291_002,nwpu_positive_291,train,2,ship,434,195,496,244,3016,976,765,rgb,0.4416,0.4-0.5,,68,3.294,False,0.652
nwpu_positive_292_000,nwpu_positive_292,train,2,ship,413,225,441,308,2333,974,750,rgb,0.4186,0.4-0.5,,92,2.435,False,0.276
nwpu_positive_292_001,nwpu_positive_292,train,2,ship,479,187,496,242,962,974,750,rgb,0.5492,0.5-0.6,,61,3.672,False,0.259
nwpu_positive_292_002,nwpu_positive_292,train,2,ship,539,183,572,233,1680,974,750,rgb,0.6828,0.6-0.7,,55,4.073,False,0.555
nwpu_positive_292_003,nwpu_positive_292,train,2,ship,678,116,700,169,1139,974,750,rgb,0.4479,0.4-0.5,,58,3.862,False,0.339
nwpu_positive_292_004,nwpu_positive_292,train,2,ship,744,151,771,250,2645,974,750,rgb,0.6026,0.6-0.7,,109,2.055,False,0.223
nwpu_positive_292_005,nwpu_positive_292,train,2,ship,746,243,770,297,1293,974,750,rgb,0.4203,0.4-0.5,,59,3.797,False,0.371
nwpu_positive_292_006,nwpu_positive_292,train,2,ship,794,242,817,330,2029,974,750,rgb,0.6257,0.6-0.7,,97,2.309,False,0.216
nwpu_positive_292_007,nwpu_positive_292,train,2,ship,795,172,839,249,3354,974,750,rgb,0.4441,0.4-0.5,,85,2.635,False,0.464
nwpu_positive_293_000,nwpu_positive_293,train,2,ship,615,105,666,170,3296,964,761,rgb,0.4301,0.4-0.5,,71,3.155,False,0.654
nwpu_positive_293_001,nwpu_positive_293,train,2,ship,494,609,538,688,3490,964,761,rgb,0.609,0.6-0.7,,87,2.575,False,0.461
nwpu_positive_295_000,nwpu_positive_295,train,2,ship,286,86,360,195,8091,1022,672,rgb,0.6053,0.6-0.7,,120,1.867,False,0.562
nwpu_positive_295_001,nwpu_positive_295,train,2,ship,385,87,421,206,4300,1022,672,rgb,0.5119,0.5-0.6,,131,1.71,False,0.251
nwpu_positive_295_002,nwpu_positive_295,train,2,ship,181,188,253,284,6866,1022,672,rgb,0.502,0.5-0.6,,105,2.133,False,0.623
nwpu_positive_295_003,nwpu_positive_295,train,2,ship,295,165,344,295,6352,1022,672,rgb,0.4429,0.4-0.5,,143,1.566,False,0.311
nwpu_positive_295_004,nwpu_positive_295,train,2,ship,311,314,374,413,6205,1022,672,rgb,0.5694,0.5-0.6,,108,2.074,False,0.532
nwpu_positive_295_005,nwpu_positive_295,train,2,ship,541,353,589,467,5450,1022,672,rgb,0.5835,0.5-0.6,,125,1.792,False,0.349
nwpu_positive_295_006,nwpu_positive_295,train,2,ship,601,404,681,504,7991,1022,672,rgb,0.5337,0.5-0.6,,109,2.055,False,0.673
nwpu_positive_295_007,nwpu_positive_295,train,2,ship,707,426,752,527,4499,1022,672,rgb,0.458,0.4-0.5,,111,2.018,False,0.365
nwpu_positive_297_000,nwpu_positive_297,train,2,ship,97,97,161,173,4819,968,776,rgb,0.5016,0.5-0.6,,83,2.699,False,0.7
nwpu_positive_297_001,nwpu_positive_297,train,2,ship,358,206,441,227,1757,968,776,rgb,0.4202,0.4-0.5,,91,2.462,False,0.212
nwpu_positive_297_002,nwpu_positive_297,train,2,ship,444,384,507,456,4487,968,776,rgb,0.4483,0.4-0.5,,79,2.835,False,0.719
nwpu_positive_297_003,nwpu_positive_297,train,2,ship,117,514,192,559,3328,968,776,rgb,0.6975,0.6-0.7,,82,2.732,False,0.495
nwpu_positive_297_004,nwpu_positive_297,train,2,ship,585,623,644,656,1902,968,776,rgb,0.6587,0.6-0.7,,65,3.446,False,0.45
nwpu_positive_298_000,nwpu_positive_298,train,2,ship,105,65,154,101,1785,985,751,rgb,0.4163,0.4-0.5,,54,4.148,False,0.612
nwpu_positive_298_001,nwpu_positive_298,train,2,ship,193,261,242,352,4508,985,751,rgb,0.5092,0.5-0.6,,100,2.24,False,0.451
nwpu_positive_298_002,nwpu_positive_298,train,2,ship,797,287,859,332,2758,985,751,rgb,0.4728,0.4-0.5,,68,3.294,False,0.596
nwpu_positive_299_000,nwpu_positive_299,val,2,ship,83,102,136,217,6130,974,749,rgb,0.4705,0.4-0.5,,127,1.764,False,0.38
nwpu_positive_299_001,nwpu_positive_299,val,2,ship,317,186,357,274,3583,974,749,rgb,0.586,0.5-0.6,,98,2.286,False,0.373
nwpu_positive_299_002,nwpu_positive_299,val,2,ship,473,547,547,620,5443,974,749,rgb,0.5283,0.5-0.6,,82,2.732,False,0.809
nwpu_positive_299_003,nwpu_positive_299,val,2,ship,533,610,590,684,4167,974,749,rgb,0.4484,0.4-0.5,,81,2.765,False,0.635
nwpu_positive_300_000,nwpu_positive_300,train,2,ship,83,114,200,142,3365,970,771,rgb,0.4754,0.4-0.5,,129,1.736,False,0.202
nwpu_positive_300_001,nwpu_positive_300,train,2,ship,382,371,458,439,5193,970,771,rgb,0.5592,0.5-0.6,,83,2.699,False,0.754
nwpu_positive_300_002,nwpu_positive_300,train,2,ship,529,255,565,353,3500,970,771,rgb,0.4467,0.4-0.5,,108,2.074,False,0.3
nwpu_positive_301_000,nwpu_positive_301,train,1,airplane,45,120,80,159,1356,1152,760,rgb,0.4524,0.4-0.5,,43,5.209,False,0.733
nwpu_positive_301_001,nwpu_positive_301,train,1,airplane,206,108,251,161,2354,1152,760,rgb,0.6199,0.6-0.7,,58,3.862,False,0.7
nwpu_positive_301_002,nwpu_positive_301,train,2,ship,815,89,906,154,5974,1152,760,rgb,0.4489,0.4-0.5,,101,2.218,False,0.586
nwpu_positive_301_003,nwpu_positive_301,train,2,ship,1051,484,1122,561,5462,1152,760,rgb,0.45,0.4-0.5,,85,2.635,False,0.756
nwpu_positive_302_000,nwpu_positive_302,val,2,ship,442,386,517,440,4024,1026,662,rgb,0.5017,0.5-0.6,,83,2.699,False,0.584
nwpu_positive_302_001,nwpu_positive_302,val,2,ship,794,468,897,508,4148,1026,662,rgb,0.6783,0.6-0.7,,114,1.965,False,0.319
nwpu_positive_303_000,nwpu_positive_303,train,2,ship,137,114,198,175,3780,964,761,rgb,0.4105,0.4-0.5,,68,3.294,False,0.817
nwpu_positive_303_001,nwpu_positive_303,train,2,ship,264,323,301,405,3064,964,761,rgb,0.4639,0.4-0.5,,90,2.489,False,0.378
nwpu_positive_303_002,nwpu_positive_303,train,2,ship,305,582,338,631,1616,964,761,rgb,0.6151,0.6-0.7,,53,4.226,False,0.575
nwpu_positive_303_003,nwpu_positive_303,train,2,ship,423,85,462,128,1678,964,761,rgb,0.6065,0.6-0.7,,47,4.766,False,0.76
nwpu_positive_303_004,nwpu_positive_303,train,2,ship,588,92,633,156,2913,964,761,rgb,0.6284,0.6-0.7,,71,3.155,False,0.578
nwpu_positive_306_000,nwpu_positive_306,train,2,ship,545,402,606,476,4544,937,750,rgb,0.4566,0.4-0.5,,82,2.732,False,0.676
nwpu_positive_307_000,nwpu_positive_307,train,2,ship,405,65,421,109,699,974,749,rgb,0.6192,0.6-0.7,,48,4.667,False,0.303
nwpu_positive_307_001,nwpu_positive_307,train,2,ship,445,156,469,184,676,974,749,rgb,0.5688,0.5-0.6,,31,7.226,True,0.703
nwpu_positive_307_002,nwpu_positive_307,train,2,ship,615,517,644,554,1060,974,749,rgb,0.5367,0.5-0.6,,40,5.6,False,0.662
nwpu_positive_307_003,nwpu_positive_307,train,2,ship,841,602,864,635,744,974,749,rgb,0.5724,0.5-0.6,,36,6.222,True,0.574
nwpu_positive_308_000,nwpu_positive_308,val,2,ship,461,244,533,304,4332,996,694,rgb,0.6121,0.6-0.7,,79,2.835,False,0.694
nwpu_positive_308_001,nwpu_positive_308,val,2,ship,774,184,840,222,2502,996,694,rgb,0.4302,0.4-0.5,,73,3.068,False,0.47
nwpu_positive_308_002,nwpu_positive_308,val,2,ship,107,270,193,317,3981,996,694,rgb,0.6577,0.6-0.7,,94,2.383,False,0.451
nwpu_positive_308_003,nwpu_positive_308,val,2,ship,21,517,90,545,1936,996,694,rgb,0.4224,0.4-0.5,,76,2.947,False,0.335
nwpu_positive_308_004,nwpu_positive_308,val,3,storage_tank,240,67,288,130,3087,996,694,rgb,0.6139,0.6-0.7,,70,3.2,False,0.63
nwpu_positive_308_005,nwpu_positive_308,val,3,storage_tank,269,83,318,148,3163,996,694,rgb,0.6713,0.6-0.7,,71,3.155,False,0.627
nwpu_positive_308_006,nwpu_positive_308,val,3,storage_tank,113,480,150,520,1478,996,694,rgb,0.6632,0.6-0.7,,44,5.091,False,0.764
nwpu_positive_308_007,nwpu_positive_308,val,3,storage_tank,155,489,190,541,1856,996,694,rgb,0.5659,0.5-0.6,,57,3.93,False,0.571
nwpu_positive_308_008,nwpu_positive_308,val,3,storage_tank,198,477,231,518,1342,996,694,rgb,0.5678,0.5-0.6,,45,4.978,False,0.663
nwpu_positive_308_009,nwpu_positive_308,val,3,storage_tank,219,485,261,532,1966,996,694,rgb,0.6505,0.6-0.7,,52,4.308,False,0.727
nwpu_positive_308_010,nwpu_positive_308,val,3,storage_tank,125,524,165,559,1408,996,694,rgb,0.6301,0.6-0.7,,43,5.209,False,0.761
nwpu_positive_308_011,nwpu_positive_308,val,3,storage_tank,161,523,210,549,1252,996,694,rgb,0.5049,0.5-0.6,,54,4.148,False,0.429
nwpu_positive_308_012,nwpu_positive_308,val,3,storage_tank,188,532,230,568,1505,996,694,rgb,0.4198,0.4-0.5,,46,4.87,False,0.711
nwpu_positive_308_013,nwpu_positive_308,val,3,storage_tank,232,529,274,553,1000,996,694,rgb,0.5358,0.5-0.6,,46,4.87,False,0.473
nwpu_positive_308_014,nwpu_positive_308,val,3,storage_tank,189,562,222,607,1465,996,694,rgb,0.6783,0.6-0.7,,49,4.571,False,0.61
nwpu_positive_308_015,nwpu_positive_308,val,3,storage_tank,226,573,268,619,1910,996,694,rgb,0.6201,0.6-0.7,,50,4.48,False,0.764
nwpu_positive_308_016,nwpu_positive_308,val,3,storage_tank,201,605,244,639,1448,996,694,rgb,0.4105,0.4-0.5,,47,4.766,False,0.656
nwpu_positive_308_017,nwpu_positive_308,val,3,storage_tank,221,613,267,644,1428,996,694,rgb,0.6234,0.6-0.7,,51,4.392,False,0.549
nwpu_positive_308_018,nwpu_positive_308,val,3,storage_tank,53,640,84,694,1687,996,694,rgb,0.6256,0.6-0.7,,59,3.797,False,0.485
nwpu_positive_309_000,nwpu_positive_309,val,2,ship,783,299,848,342,2821,981,774,rgb,0.4574,0.4-0.5,,72,3.111,False,0.544
nwpu_positive_309_001,nwpu_positive_309,val,2,ship,337,375,364,473,2655,981,774,rgb,0.5,0.5-0.6,,107,2.093,False,0.232
nwpu_positive_309_002,nwpu_positive_309,val,3,storage_tank,159,192,190,249,1758,981,774,rgb,0.4496,0.4-0.5,,62,3.613,False,0.457
nwpu_positive_309_003,nwpu_positive_309,val,3,storage_tank,149,230,183,263,1142,981,774,rgb,0.597,0.5-0.6,,37,6.054,True,0.834
nwpu_positive_309_004,nwpu_positive_309,val,3,storage_tank,153,254,183,297,1274,981,774,rgb,0.5624,0.5-0.6,,47,4.766,False,0.577
nwpu_positive_309_005,nwpu_positive_309,val,3,storage_tank,181,197,250,271,5138,981,774,rgb,0.5255,0.5-0.6,,82,2.732,False,0.764
nwpu_positive_309_006,nwpu_positive_309,val,3,storage_tank,206,198,280,273,5517,981,774,rgb,0.419,0.4-0.5,,83,2.699,False,0.801
nwpu_positive_309_007,nwpu_positive_309,val,3,storage_tank,180,236,227,310,3447,981,774,rgb,0.5932,0.5-0.6,,81,2.765,False,0.525
nwpu_positive_309_008,nwpu_positive_309,val,3,storage_tank,228,266,268,338,2893,981,774,rgb,0.4992,0.4-0.5,,78,2.872,False,0.475
nwpu_positive_309_009,nwpu_positive_309,val,3,storage_tank,141,321,177,346,900,981,774,rgb,0.6039,0.6-0.7,,39,5.744,False,0.592
nwpu_positive_309_010,nwpu_positive_309,val,3,storage_tank,174,324,201,354,791,981,774,rgb,0.5304,0.5-0.6,,33,6.788,True,0.727
nwpu_positive_309_011,nwpu_positive_309,val,3,storage_tank,194,305,218,350,1072,981,774,rgb,0.4407,0.4-0.5,,50,4.48,False,0.429
nwpu_positive_309_012,nwpu_positive_309,val,3,storage_tank,221,327,244,357,693,981,774,rgb,0.5384,0.5-0.6,,33,6.788,True,0.637
nwpu_positive_309_013,nwpu_positive_309,val,3,storage_tank,240,325,260,369,917,981,774,rgb,0.6071,0.6-0.7,,49,4.571,False,0.382
nwpu_positive_309_014,nwpu_positive_309,val,3,storage_tank,252,329,284,373,1409,981,774,rgb,0.4802,0.4-0.5,,48,4.667,False,0.612
nwpu_positive_310_000,nwpu_positive_310,train,2,ship,102,132,173,174,2975,972,744,rgb,0.5331,0.5-0.6,,79,2.835,False,0.477
nwpu_positive_310_001,nwpu_positive_310,train,2,ship,686,492,737,615,6340,972,744,rgb,0.6064,0.6-0.7,,136,1.647,False,0.343
nwpu_positive_310_002,nwpu_positive_310,train,2,ship,848,397,915,525,8623,972,744,rgb,0.4883,0.4-0.5,,141,1.589,False,0.434
nwpu_positive_310_003,nwpu_positive_310,train,3,storage_tank,242,390,286,435,1983,972,744,rgb,0.4314,0.4-0.5,,50,4.48,False,0.793
nwpu_positive_310_004,nwpu_positive_310,train,3,storage_tank,297,431,347,488,2936,972,744,rgb,0.4019,0.4-0.5,,63,3.556,False,0.74
nwpu_positive_310_005,nwpu_positive_310,train,3,storage_tank,289,368,321,412,1413,972,744,rgb,0.6557,0.6-0.7,,48,4.667,False,0.613
nwpu_positive_310_006,nwpu_positive_310,train,3,storage_tank,300,408,355,449,2256,972,744,rgb,0.5837,0.5-0.6,,60,3.733,False,0.627
nwpu_positive_310_007,nwpu_positive_310,train,3,storage_tank,314,321,347,371,1661,972,744,rgb,0.5699,0.5-0.6,,55,4.073,False,0.549
nwpu_positive_310_008,nwpu_positive_310,train,3,storage_tank,355,378,383,414,995,972,744,rgb,0.5881,0.5-0.6,,39,5.744,False,0.654
nwpu_positive_310_009,nwpu_positive_310,train,3,storage_tank,354,292,389,335,1561,972,744,rgb,0.4801,0.4-0.5,,48,4.667,False,0.677
nwpu_positive_310_010,nwpu_positive_310,train,3,storage_tank,391,336,428,378,1533,972,744,rgb,0.6607,0.6-0.7,,46,4.87,False,0.725
nwpu_positive_310_011,nwpu_positive_310,train,3,storage_tank,374,250,411,295,1642,972,744,rgb,0.4901,0.4-0.5,,50,4.48,False,0.657
nwpu_positive_310_012,nwpu_positive_310,train,3,storage_tank,421,285,451,317,933,972,744,rgb,0.689,0.6-0.7,,35,6.4,True,0.761
nwpu_positive_310_013,nwpu_positive_310,train,3,storage_tank,444,252,473,288,1050,972,744,rgb,0.4394,0.4-0.5,,40,5.6,False,0.656
nwpu_positive_310_014,nwpu_positive_310,train,3,storage_tank,497,106,515,144,681,972,744,rgb,0.5231,0.5-0.6,,42,5.333,False,0.386
nwpu_positive_310_015,nwpu_positive_310,train,3,storage_tank,576,126,621,164,1666,972,744,rgb,0.4189,0.4-0.5,,49,4.571,False,0.694
nwpu_positive_310_016,nwpu_positive_310,train,3,storage_tank,600,97,644,143,2025,972,744,rgb,0.4488,0.4-0.5,,51,4.392,False,0.779
nwpu_positive_310_017,nwpu_positive_310,train,3,storage_tank,628,126,671,166,1685,972,744,rgb,0.5792,0.5-0.6,,47,4.766,False,0.763
nwpu_positive_311_000,nwpu_positive_311,train,3,storage_tank,95,579,182,623,3810,1728,1028,rgb,0.5465,0.5-0.6,,96,2.333,False,0.413
nwpu_positive_311_001,nwpu_positive_311,train,3,storage_tank,83,635,142,710,4440,1728,1028,rgb,0.6355,0.6-0.7,,83,2.699,False,0.644
nwpu_positive_311_002,nwpu_positive_311,train,3,storage_tank,94,761,195,845,8510,1728,1028,rgb,0.5041,0.5-0.6,,111,2.018,False,0.691
nwpu_positive_311_003,nwpu_positive_311,train,3,storage_tank,93,835,173,941,8539,1728,1028,rgb,0.6623,0.6-0.7,,117,1.915,False,0.624
nwpu_positive_311_004,nwpu_positive_311,train,3,storage_tank,189,694,260,759,4617,1728,1028,rgb,0.6317,0.6-0.7,,79,2.835,False,0.74
nwpu_positive_311_005,nwpu_positive_311,train,3,storage_tank,226,769,292,858,5865,1728,1028,rgb,0.4376,0.4-0.5,,98,2.286,False,0.611
nwpu_positive_311_006,nwpu_positive_311,train,3,storage_tank,157,818,266,920,10944,1728,1028,rgb,0.4132,0.4-0.5,,119,1.882,False,0.773
nwpu_positive_311_007,nwpu_positive_311,train,3,storage_tank,291,662,402,740,8735,1728,1028,rgb,0.4179,0.4-0.5,,123,1.821,False,0.577
nwpu_positive_311_008,nwpu_positive_311,train,3,storage_tank,322,774,390,863,6037,1728,1028,rgb,0.444,0.4-0.5,,98,2.286,False,0.629
nwpu_positive_311_009,nwpu_positive_311,train,3,storage_tank,424,674,483,791,6915,1728,1028,rgb,0.54,0.5-0.6,,128,1.75,False,0.422
nwpu_positive_311_010,nwpu_positive_311,train,3,storage_tank,412,773,496,878,8901,1728,1028,rgb,0.6324,0.6-0.7,,116,1.931,False,0.661
nwpu_positive_311_011,nwpu_positive_311,train,3,storage_tank,417,838,490,917,5759,1728,1028,rgb,0.4019,0.4-0.5,,87,2.575,False,0.761
nwpu_positive_311_012,nwpu_positive_311,train,3,storage_tank,500,687,562,752,4077,1728,1028,rgb,0.6246,0.6-0.7,,72,3.111,False,0.786
nwpu_positive_311_013,nwpu_positive_311,train,3,storage_tank,516,769,579,872,6569,1728,1028,rgb,0.5568,0.5-0.6,,114,1.965,False,0.505
nwpu_positive_311_014,nwpu_positive_311,train,3,storage_tank,626,687,724,740,5160,1728,1028,rgb,0.4554,0.4-0.5,,108,2.074,False,0.442
nwpu_positive_311_015,nwpu_positive_311,train,3,storage_tank,608,745,662,787,2291,1728,1028,rgb,0.4069,0.4-0.5,,59,3.797,False,0.658
nwpu_positive_311_016,nwpu_positive_311,train,3,storage_tank,597,811,689,871,5570,1728,1028,rgb,0.4612,0.4-0.5,,102,2.196,False,0.535
nwpu_positive_311_017,nwpu_positive_311,train,3,storage_tank,616,883,674,955,4231,1728,1028,rgb,0.6855,0.6-0.7,,80,2.8,False,0.661
nwpu_positive_311_018,nwpu_positive_311,train,3,storage_tank,667,684,765,737,5226,1728,1028,rgb,0.6028,0.6-0.7,,108,2.074,False,0.448
nwpu_positive_311_019,nwpu_positive_311,train,3,storage_tank,686,764,757,809,3221,1728,1028,rgb,0.6665,0.6-0.7,,79,2.835,False,0.516
nwpu_positive_311_020,nwpu_positive_311,train,3,storage_tank,694,811,746,879,3519,1728,1028,rgb,0.6294,0.6-0.7,,74,3.027,False,0.643
nwpu_positive_311_021,nwpu_positive_311,train,3,storage_tank,689,875,744,970,5209,1728,1028,rgb,0.5728,0.5-0.6,,105,2.133,False,0.472
nwpu_positive_311_022,nwpu_positive_311,train,3,storage_tank,802,705,863,756,3114,1728,1028,rgb,0.6573,0.6-0.7,,67,3.343,False,0.694
nwpu_positive_311_023,nwpu_positive_311,train,3,storage_tank,855,714,926,763,3527,1728,1028,rgb,0.4936,0.4-0.5,,78,2.872,False,0.58
nwpu_positive_311_024,nwpu_positive_311,train,3,storage_tank,818,756,876,870,6602,1728,1028,rgb,0.5053,0.5-0.6,,125,1.792,False,0.423
nwpu_positive_311_025,nwpu_positive_311,train,3,storage_tank,777,902,851,994,6755,1728,1028,rgb,0.4395,0.4-0.5,,101,2.218,False,0.662
nwpu_positive_311_026,nwpu_positive_311,train,3,storage_tank,832,897,923,958,5542,1728,1028,rgb,0.4845,0.4-0.5,,100,2.24,False,0.554
nwpu_positive_311_027,nwpu_positive_311,train,3,storage_tank,810,447,904,527,7471,1728,1028,rgb,0.4447,0.4-0.5,,103,2.175,False,0.704
nwpu_positive_311_028,nwpu_positive_311,train,3,storage_tank,916,439,979,535,6105,1728,1028,rgb,0.6503,0.6-0.7,,105,2.133,False,0.554
nwpu_positive_311_029,nwpu_positive_311,train,3,storage_tank,976,445,1060,498,4438,1728,1028,rgb,0.4255,0.4-0.5,,93,2.409,False,0.513
nwpu_positive_311_030,nwpu_positive_311,train,3,storage_tank,1099,470,1173,526,4150,1728,1028,rgb,0.413,0.4-0.5,,81,2.765,False,0.632
nwpu_positive_311_031,nwpu_positive_311,train,3,storage_tank,951,269,1000,362,4521,1728,1028,rgb,0.4636,0.4-0.5,,102,2.196,False,0.435
nwpu_positive_311_032,nwpu_positive_311,train,3,storage_tank,1082,300,1167,382,6927,1728,1028,rgb,0.4098,0.4-0.5,,93,2.409,False,0.801
nwpu_positive_311_033,nwpu_positive_311,train,3,storage_tank,1160,262,1219,328,3879,1728,1028,rgb,0.4487,0.4-0.5,,72,3.111,False,0.748
nwpu_positive_311_034,nwpu_positive_311,train,3,storage_tank,1264,289,1341,348,4517,1728,1028,rgb,0.5424,0.5-0.6,,85,2.635,False,0.625
nwpu_positive_311_035,nwpu_positive_311,train,3,storage_tank,1222,348,1280,406,3306,1728,1028,rgb,0.5295,0.5-0.6,,63,3.556,False,0.833
nwpu_positive_311_036,nwpu_positive_311,train,3,storage_tank,1310,335,1405,430,9103,1728,1028,rgb,0.4562,0.4-0.5,,105,2.133,False,0.826
nwpu_positive_311_037,nwpu_positive_311,train,3,storage_tank,996,638,1083,723,7371,1728,1028,rgb,0.5193,0.5-0.6,,96,2.333,False,0.8
nwpu_positive_311_038,nwpu_positive_311,train,3,storage_tank,958,785,1010,843,2976,1728,1028,rgb,0.6487,0.6-0.7,,63,3.556,False,0.75
nwpu_positive_311_039,nwpu_positive_311,train,3,storage_tank,943,840,1012,894,3669,1728,1028,rgb,0.6079,0.6-0.7,,76,2.947,False,0.635
nwpu_positive_311_040,nwpu_positive_311,train,3,storage_tank,952,881,1039,960,6882,1728,1028,rgb,0.6225,0.6-0.7,,95,2.358,False,0.763
nwpu_positive_311_041,nwpu_positive_311,train,3,storage_tank,1052,767,1119,847,5373,1728,1028,rgb,0.5208,0.5-0.6,,88,2.545,False,0.694
nwpu_positive_311_042,nwpu_positive_311,train,3,storage_tank,1054,834,1100,893,2694,1728,1028,rgb,0.6486,0.6-0.7,,64,3.5,False,0.658
nwpu_positive_311_043,nwpu_positive_311,train,3,storage_tank,1023,896,1101,945,3862,1728,1028,rgb,0.6375,0.6-0.7,,86,2.605,False,0.522
nwpu_positive_311_044,nwpu_positive_311,train,3,storage_tank,1142,767,1227,856,7572,1728,1028,rgb,0.5069,0.5-0.6,,98,2.286,False,0.788
nwpu_positive_311_045,nwpu_positive_311,train,3,storage_tank,1080,847,1191,901,5934,1728,1028,rgb,0.4078,0.4-0.5,,122,1.836,False,0.399
nwpu_positive_311_046,nwpu_positive_311,train,3,storage_tank,1227,785,1299,832,3388,1728,1028,rgb,0.6729,0.6-0.7,,79,2.835,False,0.543
nwpu_positive_311_047,nwpu_positive_311,train,3,storage_tank,1223,844,1301,913,5419,1728,1028,rgb,0.6862,0.6-0.7,,87,2.575,False,0.716
nwpu_positive_311_048,nwpu_positive_311,train,3,storage_tank,1278,803,1383,888,8954,1728,1028,rgb,0.5316,0.5-0.6,,116,1.931,False,0.665
nwpu_positive_311_049,nwpu_positive_311,train,3,storage_tank,1417,769,1493,845,5722,1728,1028,rgb,0.6229,0.6-0.7,,84,2.667,False,0.811
nwpu_positive_311_050,nwpu_positive_311,train,3,storage_tank,1430,807,1482,886,4127,1728,1028,rgb,0.5863,0.5-0.6,,87,2.575,False,0.545
nwpu_positive_311_051,nwpu_positive_311,train,3,storage_tank,1476,753,1557,835,6670,1728,1028,rgb,0.5217,0.5-0.6,,90,2.489,False,0.823
nwpu_positive_311_052,nwpu_positive_311,train,3,storage_tank,1490,820,1578,868,4176,1728,1028,rgb,0.6321,0.6-0.7,,96,2.333,False,0.453
nwpu_positive_311_053,nwpu_positive_311,train,3,storage_tank,1587,794,1645,871,4489,1728,1028,rgb,0.6509,0.6-0.7,,85,2.635,False,0.621
nwpu_positive_311_054,nwpu_positive_311,train,3,storage_tank,1622,766,1720,838,7032,1728,1028,rgb,0.6049,0.6-0.7,,108,2.074,False,0.603
nwpu_positive_311_055,nwpu_positive_311,train,2,ship,431,310,563,383,9759,1728,1028,rgb,0.5356,0.5-0.6,,146,1.534,False,0.458
nwpu_positive_311_056,nwpu_positive_311,train,2,ship,755,93,845,179,7756,1728,1028,rgb,0.5175,0.5-0.6,,99,2.263,False,0.791
nwpu_positive_311_057,nwpu_positive_311,train,3,storage_tank,1039,224,1101,294,4330,1728,1028,rgb,0.6594,0.6-0.7,,77,2.909,False,0.73
nwpu_positive_312_000,nwpu_positive_312,train,3,storage_tank,422,194,490,246,3520,1728,968,rgb,0.5588,0.5-0.6,,75,2.987,False,0.626
nwpu_positive_312_001,nwpu_positive_312,train,3,storage_tank,470,169,550,248,6347,1728,968,rgb,0.5425,0.5-0.6,,88,2.545,False,0.82
nwpu_positive_312_002,nwpu_positive_312,train,3,storage_tank,592,194,677,290,8121,1728,968,rgb,0.5911,0.5-0.6,,106,2.113,False,0.723
nwpu_positive_312_003,nwpu_positive_312,train,3,storage_tank,580,259,650,317,4044,1728,968,rgb,0.5166,0.5-0.6,,76,2.947,False,0.7
nwpu_positive_312_004,nwpu_positive_312,train,3,storage_tank,725,103,798,207,7548,1728,968,rgb,0.5138,0.5-0.6,,113,1.982,False,0.591
nwpu_positive_312_005,nwpu_positive_312,train,3,storage_tank,711,171,786,270,7399,1728,968,rgb,0.6163,0.6-0.7,,108,2.074,False,0.634
nwpu_positive_312_006,nwpu_positive_312,train,3,storage_tank,658,247,746,334,7770,1728,968,rgb,0.498,0.4-0.5,,98,2.286,False,0.809
nwpu_positive_312_007,nwpu_positive_312,train,3,storage_tank,854,122,911,204,4677,1728,968,rgb,0.4075,0.4-0.5,,90,2.489,False,0.577
nwpu_positive_312_008,nwpu_positive_312,train,3,storage_tank,798,176,908,270,10331,1728,968,rgb,0.471,0.4-0.5,,122,1.836,False,0.694
nwpu_positive_312_009,nwpu_positive_312,train,3,storage_tank,818,268,876,333,3805,1728,968,rgb,0.4108,0.4-0.5,,72,3.111,False,0.734
nwpu_positive_312_010,nwpu_positive_312,train,3,storage_tank,963,110,1029,168,3751,1728,968,rgb,0.6165,0.6-0.7,,72,3.111,False,0.724
nwpu_positive_312_011,nwpu_positive_312,train,3,storage_tank,957,170,1016,255,4977,1728,968,rgb,0.6751,0.6-0.7,,93,2.409,False,0.575
nwpu_positive_312_012,nwpu_positive_312,train,3,storage_tank,984,239,1061,338,7546,1728,968,rgb,0.4032,0.4-0.5,,108,2.074,False,0.647
nwpu_positive_312_013,nwpu_positive_312,train,3,storage_tank,1076,106,1190,193,9923,1728,968,rgb,0.5721,0.5-0.6,,126,1.778,False,0.625
nwpu_positive_312_014,nwpu_positive_312,train,3,storage_tank,1090,147,1165,248,7555,1728,968,rgb,0.5832,0.5-0.6,,111,2.018,False,0.613
nwpu_positive_312_015,nwpu_positive_312,train,3,storage_tank,1106,263,1176,323,4183,1728,968,rgb,0.593,0.5-0.6,,77,2.909,False,0.706
nwpu_positive_312_016,nwpu_positive_312,train,3,storage_tank,1191,87,1263,141,3923,1728,968,rgb,0.584,0.5-0.6,,79,2.835,False,0.629
nwpu_positive_312_017,nwpu_positive_312,train,3,storage_tank,1189,148,1240,208,3117,1728,968,rgb,0.4946,0.4-0.5,,67,3.343,False,0.694
nwpu_positive_312_018,nwpu_positive_312,train,3,storage_tank,376,550,493,616,7724,1728,968,rgb,0.4293,0.4-0.5,,128,1.75,False,0.471
nwpu_positive_312_019,nwpu_positive_312,train,3,storage_tank,409,604,520,660,6239,1728,968,rgb,0.5997,0.5-0.6,,123,1.821,False,0.412
nwpu_positive_312_020,nwpu_positive_312,train,3,storage_tank,497,508,603,605,10252,1728,968,rgb,0.6391,0.6-0.7,,117,1.915,False,0.749
nwpu_positive_312_021,nwpu_positive_312,train,3,storage_tank,505,612,581,688,5778,1728,968,rgb,0.6474,0.6-0.7,,84,2.667,False,0.819
nwpu_positive_312_022,nwpu_positive_312,train,3,storage_tank,219,726,302,793,5647,1728,968,rgb,0.5185,0.5-0.6,,92,2.435,False,0.667
nwpu_positive_312_023,nwpu_positive_312,train,3,storage_tank,258,787,372,891,11875,1728,968,rgb,0.5198,0.5-0.6,,126,1.778,False,0.748
nwpu_positive_312_024,nwpu_positive_312,train,3,storage_tank,317,692,421,771,8205,1728,968,rgb,0.5144,0.5-0.6,,115,1.948,False,0.62
nwpu_positive_312_025,nwpu_positive_312,train,3,storage_tank,343,783,408,875,5883,1728,968,rgb,0.5127,0.5-0.6,,101,2.218,False,0.577
nwpu_positive_312_026,nwpu_positive_312,train,3,storage_tank,376,757,441,845,5653,1728,968,rgb,0.6209,0.6-0.7,,97,2.309,False,0.601
nwpu_positive_312_027,nwpu_positive_312,train,3,storage_tank,480,729,551,800,5114,1728,968,rgb,0.4223,0.4-0.5,,79,2.835,False,0.819
nwpu_positive_312_028,nwpu_positive_312,train,3,storage_tank,506,790,570,871,5219,1728,968,rgb,0.4339,0.4-0.5,,89,2.517,False,0.659
nwpu_positive_312_029,nwpu_positive_312,train,3,storage_tank,467,804,542,852,3546,1728,968,rgb,0.4363,0.4-0.5,,82,2.732,False,0.527
nwpu_positive_312_030,nwpu_positive_312,train,3,storage_tank,592,733,689,820,8483,1728,968,rgb,0.6342,0.6-0.7,,106,2.113,False,0.755
nwpu_positive_312_031,nwpu_positive_312,train,3,storage_tank,567,795,656,867,6352,1728,968,rgb,0.46,0.4-0.5,,98,2.286,False,0.661
nwpu_positive_312_032,nwpu_positive_312,train,3,storage_tank,707,714,812,805,9521,1728,968,rgb,0.5214,0.5-0.6,,116,1.931,False,0.708
nwpu_positive_312_033,nwpu_positive_312,train,3,storage_tank,698,791,764,860,4520,1728,968,rgb,0.6384,0.6-0.7,,76,2.947,False,0.783
nwpu_positive_312_034,nwpu_positive_312,train,3,storage_tank,773,757,866,808,4746,1728,968,rgb,0.5368,0.5-0.6,,102,2.196,False,0.456
nwpu_positive_312_035,nwpu_positive_312,train,3,storage_tank,722,381,777,456,4078,1728,968,rgb,0.5482,0.5-0.6,,82,2.732,False,0.606
nwpu_positive_312_036,nwpu_positive_312,train,3,storage_tank,696,463,771,543,5988,1728,968,rgb,0.6201,0.6-0.7,,87,2.575,False,0.791
nwpu_positive_312_037,nwpu_positive_312,train,3,storage_tank,687,516,769,592,6262,1728,968,rgb,0.4899,0.4-0.5,,90,2.489,False,0.773
nwpu_positive_312_038,nwpu_positive_312,train,3,storage_tank,698,606,807,680,8046,1728,968,rgb,0.6175,0.6-0.7,,120,1.867,False,0.559
nwpu_positive_312_039,nwpu_positive_312,train,3,storage_tank,822,347,938,436,10408,1728,968,rgb,0.4531,0.4-0.5,,128,1.75,False,0.635
nwpu_positive_312_040,nwpu_positive_312,train,3,storage_tank,829,463,937,534,7643,1728,968,rgb,0.6538,0.6-0.7,,119,1.882,False,0.54
nwpu_positive_312_041,nwpu_positive_312,train,3,storage_tank,816,503,919,604,10348,1728,968,rgb,0.5536,0.5-0.6,,113,1.982,False,0.81
nwpu_positive_312_042,nwpu_positive_312,train,3,storage_tank,852,604,905,671,3608,1728,968,rgb,0.6097,0.6-0.7,,74,3.027,False,0.659
nwpu_positive_312_043,nwpu_positive_312,train,3,storage_tank,960,339,1082,442,12591,1728,968,rgb,0.4103,0.4-0.5,,134,1.672,False,0.701
nwpu_positive_312_044,nwpu_positive_312,train,3,storage_tank,967,418,1060,528,10367,1728,968,rgb,0.4947,0.4-0.5,,122,1.836,False,0.697
nwpu_positive_312_045,nwpu_positive_312,train,3,storage_tank,1118,361,1191,454,6805,1728,968,rgb,0.6238,0.6-0.7,,102,2.196,False,0.654
nwpu_positive_313_000,nwpu_positive_313,train,3,storage_tank,207,83,251,148,2903,1259,820,rgb,0.424,0.4-0.5,,72,3.111,False,0.56
nwpu_positive_313_001,nwpu_positive_313,train,3,storage_tank,193,115,241,204,4209,1259,820,rgb,0.4429,0.4-0.5,,98,2.286,False,0.438
nwpu_positive_313_002,nwpu_positive_313,train,3,storage_tank,166,244,253,310,5736,1259,820,rgb,0.4488,0.4-0.5,,96,2.333,False,0.622
nwpu_positive_313_003,nwpu_positive_313,train,3,storage_tank,195,287,270,375,6648,1259,820,rgb,0.6413,0.6-0.7,,97,2.309,False,0.707
nwpu_positive_313_004,nwpu_positive_313,train,3,storage_tank,233,45,308,130,6348,1259,820,rgb,0.4024,0.4-0.5,,93,2.409,False,0.734
nwpu_positive_313_005,nwpu_positive_313,train,3,storage_tank,258,133,322,217,5424,1259,820,rgb,0.6859,0.6-0.7,,93,2.409,False,0.627
nwpu_positive_313_006,nwpu_positive_313,train,3,storage_tank,259,249,344,292,3612,1259,820,rgb,0.5662,0.5-0.6,,93,2.409,False,0.418
nwpu_positive_313_007,nwpu_positive_313,train,3,storage_tank,248,295,321,361,4860,1259,820,rgb,0.4966,0.4-0.5,,81,2.765,False,0.741
nwpu_positive_313_008,nwpu_positive_313,train,3,storage_tank,224,455,275,528,3649,1259,820,rgb,0.5151,0.5-0.6,,80,2.8,False,0.57
nwpu_positive_313_009,nwpu_positive_313,train,3,storage_tank,173,539,247,600,4506,1259,820,rgb,0.4089,0.4-0.5,,81,2.765,False,0.687
nwpu_positive_313_010,nwpu_positive_313,train,3,storage_tank,190,643,274,732,7457,1259,820,rgb,0.5222,0.5-0.6,,97,2.309,False,0.793
nwpu_positive_313_011,nwpu_positive_313,train,3,storage_tank,193,716,252,782,3934,1259,820,rgb,0.5776,0.5-0.6,,73,3.068,False,0.738
nwpu_positive_313_012,nwpu_positive_313,train,3,storage_tank,254,460,343,513,4733,1259,820,rgb,0.6004,0.6-0.7,,98,2.286,False,0.493
nwpu_positive_313_013,nwpu_positive_313,train,3,storage_tank,267,530,354,593,5523,1259,820,rgb,0.5578,0.5-0.6,,95,2.358,False,0.612
nwpu_positive_313_014,nwpu_positive_313,train,3,storage_tank,266,615,312,702,4040,1259,820,rgb,0.4542,0.4-0.5,,96,2.333,False,0.438
nwpu_positive_313_015,nwpu_positive_313,train,3,storage_tank,262,738,331,778,2743,1259,820,rgb,0.6576,0.6-0.7,,75,2.987,False,0.488
nwpu_positive_313_016,nwpu_positive_313,train,3,storage_tank,333,447,420,517,6124,1259,820,rgb,0.6602,0.6-0.7,,96,2.333,False,0.665
nwpu_positive_313_017,nwpu_positive_313,train,3,storage_tank,324,561,385,626,3934,1259,820,rgb,0.4095,0.4-0.5,,71,3.155,False,0.78
nwpu_positive_313_018,nwpu_positive_313,train,3,storage_tank,350,637,409,703,3878,1259,820,rgb,0.4882,0.4-0.5,,72,3.111,False,0.748
nwpu_positive_313_019,nwpu_positive_313,train,3,storage_tank,328,727,377,795,3392,1259,820,rgb,0.5449,0.5-0.6,,75,2.987,False,0.603
nwpu_positive_313_020,nwpu_positive_313,train,3,storage_tank,377,435,460,496,5105,1259,820,rgb,0.4394,0.4-0.5,,91,2.462,False,0.617
nwpu_positive_313_021,nwpu_positive_313,train,3,storage_tank,406,553,459,632,4142,1259,820,rgb,0.4897,0.4-0.5,,87,2.575,False,0.547
nwpu_positive_313_022,nwpu_positive_313,train,3,storage_tank,393,620,461,702,5656,1259,820,rgb,0.5864,0.5-0.6,,90,2.489,False,0.698
nwpu_positive_313_023,nwpu_positive_313,train,3,storage_tank,392,697,467,780,6214,1259,820,rgb,0.5849,0.5-0.6,,91,2.462,False,0.75
nwpu_positive_313_024,nwpu_positive_313,train,3,storage_tank,529,110,606,192,6325,1259,820,rgb,0.6192,0.6-0.7,,91,2.462,False,0.764
nwpu_positive_313_025,nwpu_positive_313,train,3,storage_tank,541,192,591,245,2642,1259,820,rgb,0.4119,0.4-0.5,,58,3.862,False,0.785
nwpu_positive_313_026,nwpu_positive_313,train,3,storage_tank,673,77,765,141,5917,1259,820,rgb,0.4225,0.4-0.5,,102,2.196,False,0.569
nwpu_positive_313_027,nwpu_positive_313,train,3,storage_tank,679,118,729,181,3184,1259,820,rgb,0.4467,0.4-0.5,,70,3.2,False,0.65
nwpu_positive_313_028,nwpu_positive_313,train,3,storage_tank,641,191,729,243,4585,1259,820,rgb,0.5741,0.5-0.6,,96,2.333,False,0.497
nwpu_positive_313_029,nwpu_positive_313,train,3,storage_tank,663,277,746,328,4203,1259,820,rgb,0.405,0.4-0.5,,91,2.462,False,0.508
nwpu_positive_313_030,nwpu_positive_313,train,3,storage_tank,637,319,715,366,3656,1259,820,rgb,0.4217,0.4-0.5,,86,2.605,False,0.494
nwpu_positive_313_031,nwpu_positive_313,train,3,storage_tank,726,64,821,140,7088,1259,820,rgb,0.6279,0.6-0.7,,104,2.154,False,0.655
nwpu_positive_313_032,nwpu_positive_313,train,3,storage_tank,718,147,799,221,5985,1259,820,rgb,0.5318,0.5-0.6,,89,2.517,False,0.756
nwpu_positive_313_033,nwpu_positive_313,train,3,storage_tank,714,182,814,264,8167,1259,820,rgb,0.539,0.5-0.6,,110,2.036,False,0.675
nwpu_positive_313_034,nwpu_positive_313,train,3,storage_tank,723,232,797,310,5780,1259,820,rgb,0.6483,0.6-0.7,,86,2.605,False,0.782
nwpu_positive_313_035,nwpu_positive_313,train,3,storage_tank,724,323,795,375,3765,1259,820,rgb,0.6313,0.6-0.7,,78,2.872,False,0.619
nwpu_positive_313_036,nwpu_positive_313,train,3,storage_tank,546,449,624,521,5599,1259,820,rgb,0.5021,0.5-0.6,,86,2.605,False,0.757
nwpu_positive_313_037,nwpu_positive_313,train,3,storage_tank,548,530,623,608,5866,1259,820,rgb,0.4819,0.4-0.5,,85,2.635,False,0.812
nwpu_positive_313_038,nwpu_positive_313,train,3,storage_tank,541,636,585,704,3009,1259,820,rgb,0.5516,0.5-0.6,,75,2.987,False,0.535
nwpu_positive_313_039,nwpu_positive_313,train,3,storage_tank,627,443,672,510,2993,1259,820,rgb,0.4121,0.4-0.5,,74,3.027,False,0.546
nwpu_positive_313_040,nwpu_positive_313,train,3,storage_tank,622,533,688,599,4431,1259,820,rgb,0.4032,0.4-0.5,,74,3.027,False,0.809
nwpu_positive_313_041,nwpu_positive_313,train,3,storage_tank,590,637,666,699,4693,1259,820,rgb,0.597,0.5-0.6,,83,2.699,False,0.681
nwpu_positive_313_042,nwpu_positive_313,train,3,storage_tank,663,442,724,503,3784,1259,820,rgb,0.6419,0.6-0.7,,68,3.294,False,0.818
nwpu_positive_313_043,nwpu_positive_313,train,3,storage_tank,691,532,748,602,4064,1259,820,rgb,0.4116,0.4-0.5,,77,2.909,False,0.685
nwpu_positive_313_044,nwpu_positive_313,train,3,storage_tank,660,657,709,738,3956,1259,820,rgb,0.4194,0.4-0.5,,89,2.517,False,0.499
nwpu_positive_313_045,nwpu_positive_313,train,3,storage_tank,702,439,795,512,6785,1259,820,rgb,0.5452,0.5-0.6,,102,2.196,False,0.652
nwpu_positive_313_046,nwpu_positive_313,train,3,storage_tank,740,533,806,585,3417,1259,820,rgb,0.4934,0.4-0.5,,72,3.111,False,0.659
nwpu_positive_313_047,nwpu_positive_313,train,3,storage_tank,754,649,812,704,3128,1259,820,rgb,0.4097,0.4-0.5,,64,3.5,False,0.764
nwpu_positive_313_048,nwpu_positive_313,train,3,storage_tank,1069,198,1148,254,4417,1259,820,rgb,0.6788,0.6-0.7,,86,2.605,False,0.597
nwpu_positive_313_049,nwpu_positive_313,train,3,storage_tank,1125,209,1208,273,5255,1259,820,rgb,0.4255,0.4-0.5,,91,2.462,False,0.635
nwpu_positive_313_050,nwpu_positive_313,train,3,storage_tank,1063,459,1140,502,3273,1259,820,rgb,0.5315,0.5-0.6,,84,2.667,False,0.464
nwpu_positive_313_051,nwpu_positive_313,train,3,storage_tank,1114,460,1193,531,5594,1259,820,rgb,0.5986,0.5-0.6,,87,2.575,False,0.739
nwpu_positive_313_052,nwpu_positive_313,train,3,storage_tank,1071,543,1127,603,3389,1259,820,rgb,0.5632,0.5-0.6,,66,3.394,False,0.778
nwpu_positive_313_053,nwpu_positive_313,train,3,storage_tank,1141,520,1198,600,4613,1259,820,rgb,0.5746,0.5-0.6,,88,2.545,False,0.596
nwpu_positive_313_054,nwpu_positive_313,train,3,storage_tank,1071,641,1138,692,3391,1259,820,rgb,0.4083,0.4-0.5,,74,3.027,False,0.619
nwpu_positive_313_055,nwpu_positive_313,train,3,storage_tank,1121,617,1187,695,5194,1259,820,rgb,0.5294,0.5-0.6,,85,2.635,False,0.719
nwpu_positive_314_000,nwpu_positive_314,train,3,storage_tank,37,86,94,167,4648,1383,819,rgb,0.5864,0.5-0.6,,89,2.517,False,0.587
nwpu_positive_314_001,nwpu_positive_314,train,3,storage_tank,37,181,93,258,4347,1383,819,rgb,0.6886,0.6-0.7,,85,2.635,False,0.602
nwpu_positive_314_002,nwpu_positive_314,train,3,storage_tank,10,251,81,320,5004,1383,819,rgb,0.4151,0.4-0.5,,79,2.835,False,0.802
nwpu_positive_314_003,nwpu_positive_314,train,3,storage_tank,113,83,184,169,6079,1383,819,rgb,0.6132,0.6-0.7,,94,2.383,False,0.688
nwpu_positive_314_004,nwpu_positive_314,train,3,storage_tank,79,172,164,272,8507,1383,819,rgb,0.4978,0.4-0.5,,109,2.055,False,0.716
nwpu_positive_314_005,nwpu_positive_314,train,3,storage_tank,126,238,179,336,5197,1383,819,rgb,0.5123,0.5-0.6,,108,2.074,False,0.446
nwpu_positive_314_006,nwpu_positive_314,train,3,storage_tank,185,74,260,151,5716,1383,819,rgb,0.4378,0.4-0.5,,85,2.635,False,0.791
nwpu_positive_314_007,nwpu_positive_314,train,3,storage_tank,191,195,252,246,3117,1383,819,rgb,0.4323,0.4-0.5,,67,3.343,False,0.694
nwpu_positive_314_008,nwpu_positive_314,train,3,storage_tank,175,257,231,309,2928,1383,819,rgb,0.581,0.5-0.6,,62,3.613,False,0.762
nwpu_positive_314_009,nwpu_positive_314,train,3,storage_tank,235,97,295,152,3314,1383,819,rgb,0.6308,0.6-0.7,,66,3.394,False,0.761
nwpu_positive_314_010,nwpu_positive_314,train,3,storage_tank,243,172,315,244,5160,1383,819,rgb,0.555,0.5-0.6,,79,2.835,False,0.827
nwpu_positive_314_011,nwpu_positive_314,train,3,storage_tank,206,228,304,314,8380,1383,819,rgb,0.5592,0.5-0.6,,107,2.093,False,0.732
nwpu_positive_314_012,nwpu_positive_314,train,3,storage_tank,336,90,422,159,5898,1383,819,rgb,0.649,0.6-0.7,,95,2.358,False,0.653
nwpu_positive_314_013,nwpu_positive_314,train,3,storage_tank,352,144,418,238,6298,1383,819,rgb,0.6625,0.6-0.7,,104,2.154,False,0.582
nwpu_positive_314_014,nwpu_positive_314,train,3,storage_tank,329,242,424,327,8084,1383,819,rgb,0.5158,0.5-0.6,,104,2.154,False,0.747
nwpu_positive_314_015,nwpu_positive_314,train,3,storage_tank,348,312,409,391,4792,1383,819,rgb,0.4871,0.4-0.5,,86,2.605,False,0.648
nwpu_positive_314_016,nwpu_positive_314,train,3,storage_tank,399,91,494,143,4993,1383,819,rgb,0.6406,0.6-0.7,,105,2.133,False,0.453
nwpu_positive_314_017,nwpu_positive_314,train,3,storage_tank,400,159,486,217,5008,1383,819,rgb,0.6244,0.6-0.7,,94,2.383,False,0.567
nwpu_positive_314_018,nwpu_positive_314,train,3,storage_tank,417,225,508,307,7380,1383,819,rgb,0.6317,0.6-0.7,,99,2.263,False,0.753
nwpu_positive_314_019,nwpu_positive_314,train,3,storage_tank,398,302,476,380,6167,1383,819,rgb,0.5426,0.5-0.6,,87,2.575,False,0.815
nwpu_positive_314_020,nwpu_positive_314,train,3,storage_tank,526,108,578,156,2479,1383,819,rgb,0.494,0.4-0.5,,56,4.0,False,0.79
nwpu_positive_314_021,nwpu_positive_314,train,3,storage_tank,527,145,590,187,2610,1383,819,rgb,0.4507,0.4-0.5,,68,3.294,False,0.564
nwpu_positive_314_022,nwpu_positive_314,train,3,storage_tank,525,245,598,302,4181,1383,819,rgb,0.658,0.6-0.7,,80,2.8,False,0.653
nwpu_positive_314_023,nwpu_positive_314,train,3,storage_tank,528,308,613,402,8072,1383,819,rgb,0.615,0.6-0.7,,104,2.154,False,0.746
nwpu_positive_314_024,nwpu_positive_314,train,3,storage_tank,569,81,665,132,4874,1383,819,rgb,0.4894,0.4-0.5,,105,2.133,False,0.442
nwpu_positive_314_025,nwpu_positive_314,train,3,storage_tank,596,138,693,193,5282,1383,819,rgb,0.4218,0.4-0.5,,107,2.093,False,0.461
nwpu_positive_314_026,nwpu_positive_314,train,3,storage_tank,611,243,666,316,3965,1383,819,rgb,0.6486,0.6-0.7,,80,2.8,False,0.62
nwpu_positive_314_027,nwpu_positive_314,train,3,storage_tank,579,312,661,391,6569,1383,819,rgb,0.6814,0.6-0.7,,91,2.462,False,0.793
nwpu_positive_314_028,nwpu_positive_314,train,3,storage_tank,696,103,771,175,5316,1383,819,rgb,0.4047,0.4-0.5,,82,2.732,False,0.791
nwpu_positive_314_029,nwpu_positive_314,train,3,storage_tank,713,145,765,231,4452,1383,819,rgb,0.6611,0.6-0.7,,94,2.383,False,0.504
nwpu_positive_314_030,nwpu_positive_314,train,3,storage_tank,717,257,793,324,5134,1383,819,rgb,0.4653,0.4-0.5,,84,2.667,False,0.728
nwpu_positive_314_031,nwpu_positive_314,train,3,storage_tank,713,328,816,388,6228,1383,819,rgb,0.445,0.4-0.5,,114,1.965,False,0.479
nwpu_positive_314_032,nwpu_positive_314,train,3,storage_tank,781,81,879,146,6464,1383,819,rgb,0.531,0.5-0.6,,108,2.074,False,0.554
nwpu_positive_314_033,nwpu_positive_314,train,3,storage_tank,776,172,862,223,4349,1383,819,rgb,0.5678,0.5-0.6,,94,2.383,False,0.492
nwpu_positive_314_034,nwpu_positive_314,train,3,storage_tank,773,274,849,371,7341,1383,819,rgb,0.5779,0.5-0.6,,107,2.093,False,0.641
nwpu_positive_314_035,nwpu_positive_314,train,3,storage_tank,769,333,866,414,7903,1383,819,rgb,0.6722,0.6-0.7,,107,2.093,False,0.69
nwpu_positive_314_036,nwpu_positive_314,train,3,storage_tank,806,77,897,157,7172,1383,819,rgb,0.478,0.4-0.5,,99,2.263,False,0.732
nwpu_positive_314_037,nwpu_positive_314,train,3,storage_tank,830,149,880,209,2971,1383,819,rgb,0.4528,0.4-0.5,,66,3.394,False,0.682
nwpu_positive_314_038,nwpu_positive_314,train,3,storage_tank,915,64,977,149,5274,1383,819,rgb,0.4794,0.4-0.5,,94,2.383,False,0.597
nwpu_positive_314_039,nwpu_positive_314,train,3,storage_tank,903,164,959,216,2905,1383,819,rgb,0.6514,0.6-0.7,,61,3.672,False,0.781
nwpu_positive_314_040,nwpu_positive_314,train,3,storage_tank,909,253,976,326,4877,1383,819,rgb,0.4175,0.4-0.5,,80,2.8,False,0.762
nwpu_positive_314_041,nwpu_positive_314,train,3,storage_tank,906,300,966,351,3060,1383,819,rgb,0.6655,0.6-0.7,,66,3.394,False,0.702
nwpu_positive_314_042,nwpu_positive_314,train,3,storage_tank,907,356,987,434,6266,1383,819,rgb,0.5659,0.5-0.6,,89,2.517,False,0.791
nwpu_positive_314_043,nwpu_positive_314,train,3,storage_tank,945,87,1032,170,7219,1383,819,rgb,0.5789,0.5-0.6,,96,2.333,False,0.783
nwpu_positive_314_044,nwpu_positive_314,train,3,storage_tank,968,169,1057,229,5364,1383,819,rgb,0.4111,0.4-0.5,,98,2.286,False,0.558
nwpu_positive_314_045,nwpu_positive_314,train,3,storage_tank,960,207,1046,284,6576,1383,819,rgb,0.4307,0.4-0.5,,94,2.383,False,0.744
nwpu_positive_314_046,nwpu_positive_314,train,3,storage_tank,953,309,1040,399,7809,1383,819,rgb,0.4932,0.4-0.5,,99,2.263,False,0.797
nwpu_positive_314_047,nwpu_positive_314,train,3,storage_tank,941,333,1020,430,7743,1383,819,rgb,0.422,0.4-0.5,,107,2.093,False,0.676
nwpu_positive_314_048,nwpu_positive_314,train,3,storage_tank,1073,106,1120,155,2295,1383,819,rgb,0.4191,0.4-0.5,,54,4.148,False,0.787
nwpu_positive_314_049,nwpu_positive_314,train,3,storage_tank,1080,179,1138,243,3706,1383,819,rgb,0.6636,0.6-0.7,,70,3.2,False,0.756
nwpu_positive_314_050,nwpu_positive_314,train,3,storage_tank,1062,346,1147,399,4550,1383,819,rgb,0.5482,0.5-0.6,,94,2.383,False,0.515
nwpu_positive_314_051,nwpu_positive_314,train,3,storage_tank,1083,385,1142,438,3090,1383,819,rgb,0.6908,0.6-0.7,,64,3.5,False,0.754
nwpu_positive_314_052,nwpu_positive_314,train,3,storage_tank,1133,95,1218,170,6410,1383,819,rgb,0.5155,0.5-0.6,,94,2.383,False,0.725
nwpu_positive_314_053,nwpu_positive_314,train,3,storage_tank,1139,172,1237,240,6674,1383,819,rgb,0.6428,0.6-0.7,,108,2.074,False,0.572
nwpu_positive_314_054,nwpu_positive_314,train,3,storage_tank,1141,339,1200,418,4664,1383,819,rgb,0.5133,0.5-0.6,,86,2.605,False,0.631
nwpu_positive_314_055,nwpu_positive_314,train,3,storage_tank,1156,394,1251,447,5115,1383,819,rgb,0.4036,0.4-0.5,,104,2.154,False,0.473
nwpu_positive_314_056,nwpu_positive_314,train,3,storage_tank,1214,90,1285,145,3969,1383,819,rgb,0.6444,0.6-0.7,,79,2.835,False,0.636
nwpu_positive_314_057,nwpu_positive_314,train,3,storage_tank,1206,195,1261,240,2449,1383,819,rgb,0.4784,0.4-0.5,,60,3.733,False,0.68
nwpu_positive_314_058,nwpu_positive_314,train,3,storage_tank,1206,327,1270,371,2809,1383,819,rgb,0.6167,0.6-0.7,,71,3.155,False,0.557
nwpu_positive_314_059,nwpu_positive_314,train,3,storage_tank,1220,389,1288,446,3893,1383,819,rgb,0.569,0.5-0.6,,75,2.987,False,0.692
nwpu_positive_314_060,nwpu_positive_314,train,3,storage_tank,1271,61,1355,152,7657,1383,819,rgb,0.5609,0.5-0.6,,100,2.24,False,0.766
nwpu_positive_314_061,nwpu_positive_314,train,3,storage_tank,1268,183,1329,250,4111,1383,819,rgb,0.601,0.6-0.7,,74,3.027,False,0.751
nwpu_positive_314_062,nwpu_positive_314,train,3,storage_tank,1257,315,1339,393,6352,1383,819,rgb,0.6442,0.6-0.7,,90,2.489,False,0.784
nwpu_positive_315_000,nwpu_positive_315,train,3,storage_tank,1277,224,1405,317,11832,1689,1026,rgb,0.5871,0.5-0.6,,141,1.589,False,0.595
nwpu_positive_315_001,nwpu_positive_315,train,3,storage_tank,1311,249,1447,308,8018,1689,1026,rgb,0.5367,0.5-0.6,,150,1.493,False,0.356
nwpu_positive_315_002,nwpu_positive_315,train,3,storage_tank,1406,203,1516,262,6403,1689,1026,rgb,0.6026,0.6-0.7,,121,1.851,False,0.437
nwpu_positive_315_003,nwpu_positive_315,train,3,storage_tank,1242,298,1323,425,10151,1689,1026,rgb,0.6416,0.6-0.7,,139,1.612,False,0.525
nwpu_positive_315_004,nwpu_positive_315,train,3,storage_tank,1334,321,1432,429,10664,1689,1026,rgb,0.6129,0.6-0.7,,119,1.882,False,0.753
nwpu_positive_315_005,nwpu_positive_315,train,3,storage_tank,1398,325,1531,405,10561,1689,1026,rgb,0.6615,0.6-0.7,,146,1.534,False,0.495
nwpu_positive_315_006,nwpu_positive_315,train,3,storage_tank,1188,401,1274,488,7509,1689,1026,rgb,0.6002,0.6-0.7,,96,2.333,False,0.815
nwpu_positive_315_007,nwpu_positive_315,train,3,storage_tank,1197,498,1280,585,7249,1689,1026,rgb,0.5132,0.5-0.6,,96,2.333,False,0.787
nwpu_positive_315_008,nwpu_positive_315,train,3,storage_tank,1279,398,1361,489,7423,1689,1026,rgb,0.4871,0.4-0.5,,100,2.24,False,0.742
nwpu_positive_315_009,nwpu_positive_315,train,3,storage_tank,1276,477,1333,561,4753,1689,1026,rgb,0.6497,0.6-0.7,,92,2.435,False,0.562
nwpu_positive_315_010,nwpu_positive_315,train,3,storage_tank,1343,429,1431,559,11360,1689,1026,rgb,0.6572,0.6-0.7,,142,1.577,False,0.563
nwpu_positive_315_011,nwpu_positive_315,train,3,storage_tank,1198,559,1296,637,7591,1689,1026,rgb,0.6045,0.6-0.7,,107,2.093,False,0.663
nwpu_positive_315_012,nwpu_positive_315,train,3,storage_tank,1207,588,1264,673,4850,1689,1026,rgb,0.4398,0.4-0.5,,94,2.383,False,0.549
nwpu_positive_315_013,nwpu_positive_315,train,3,storage_tank,1232,556,1321,643,7736,1689,1026,rgb,0.4074,0.4-0.5,,97,2.309,False,0.822
nwpu_positive_315_014,nwpu_positive_315,train,3,storage_tank,1263,591,1325,671,4887,1689,1026,rgb,0.4072,0.4-0.5,,88,2.545,False,0.631
nwpu_positive_315_015,nwpu_positive_315,train,3,storage_tank,1333,549,1388,628,4362,1689,1026,rgb,0.6728,0.6-0.7,,87,2.575,False,0.576
nwpu_positive_315_016,nwpu_positive_315,train,3,storage_tank,1320,618,1416,673,5285,1689,1026,rgb,0.6216,0.6-0.7,,106,2.113,False,0.47
nwpu_positive_315_017,nwpu_positive_315,train,3,storage_tank,1363,565,1460,629,6206,1689,1026,rgb,0.6707,0.6-0.7,,106,2.113,False,0.552
nwpu_positive_315_018,nwpu_positive_315,train,3,storage_tank,1380,625,1475,690,6151,1689,1026,rgb,0.5304,0.5-0.6,,104,2.154,False,0.569
nwpu_positive_315_019,nwpu_positive_315,train,3,storage_tank,1186,701,1293,756,5955,1689,1026,rgb,0.5529,0.5-0.6,,118,1.898,False,0.428
nwpu_positive_315_020,nwpu_positive_315,train,3,storage_tank,1237,684,1311,773,6545,1689,1026,rgb,0.4598,0.4-0.5,,98,2.286,False,0.681
nwpu_positive_315_021,nwpu_positive_315,train,3,storage_tank,1342,676,1403,776,6110,1689,1026,rgb,0.5479,0.5-0.6,,110,2.036,False,0.505
nwpu_positive_315_022,nwpu_positive_315,train,3,storage_tank,1354,690,1446,766,7029,1689,1026,rgb,0.5173,0.5-0.6,,102,2.196,False,0.676
nwpu_positive_315_023,nwpu_positive_315,train,3,storage_tank,1287,780,1371,845,5481,1689,1026,rgb,0.4492,0.4-0.5,,92,2.435,False,0.648
nwpu_positive_315_024,nwpu_positive_315,train,3,storage_tank,1369,768,1462,900,12279,1689,1026,rgb,0.6668,0.6-0.7,,145,1.545,False,0.584
nwpu_positive_315_025,nwpu_positive_315,train,2,ship,208,170,265,302,7422,1689,1026,rgb,0.5914,0.5-0.6,,145,1.545,False,0.353
nwpu_positive_315_026,nwpu_positive_315,train,2,ship,102,547,258,686,21745,1689,1026,rgb,0.4036,0.4-0.5,,172,1.302,False,0.735
nwpu_positive_315_027,nwpu_positive_315,train,2,ship,449,525,565,632,12420,1689,1026,rgb,0.5906,0.5-0.6,,128,1.75,False,0.758
nwpu_positive_315_028,nwpu_positive_315,train,2,ship,711,15,779,156,9543,1689,1026,rgb,0.5697,0.5-0.6,,155,1.445,False,0.397
nwpu_positive_315_029,nwpu_positive_315,train,2,ship,968,54,1034,115,4011,1689,1026,rgb,0.5191,0.5-0.6,,73,3.068,False,0.753
nwpu_positive_316_000,nwpu_positive_316,val,3,storage_tank,800,249,859,302,3113,1166,822,rgb,0.6519,0.6-0.7,,64,3.5,False,0.76
nwpu_positive_316_001,nwpu_positive_316,val,3,storage_tank,771,318,847,406,6679,1166,822,rgb,0.6756,0.6-0.7,,97,2.309,False,0.71
nwpu_positive_316_002,nwpu_positive_316,val,3,storage_tank,747,378,806,472,5510,1166,822,rgb,0.6819,0.6-0.7,,103,2.175,False,0.519
nwpu_positive_316_003,nwpu_positive_316,val,3,storage_tank,882,273,929,344,3358,1166,822,rgb,0.6384,0.6-0.7,,79,2.835,False,0.538
nwpu_positive_316_004,nwpu_positive_316,val,3,storage_tank,831,332,916,427,8099,1166,822,rgb,0.5289,0.5-0.6,,105,2.133,False,0.735
nwpu_positive_316_005,nwpu_positive_316,val,3,storage_tank,793,439,888,497,5494,1166,822,rgb,0.6516,0.6-0.7,,104,2.154,False,0.508
nwpu_positive_316_006,nwpu_positive_316,val,3,storage_tank,960,284,1044,378,7844,1166,822,rgb,0.5209,0.5-0.6,,104,2.154,False,0.725
nwpu_positive_316_007,nwpu_positive_316,val,3,storage_tank,939,405,995,457,2961,1166,822,rgb,0.5519,0.5-0.6,,62,3.613,False,0.77
nwpu_positive_316_008,nwpu_positive_316,val,3,storage_tank,907,462,992,523,5257,1166,822,rgb,0.478,0.4-0.5,,94,2.383,False,0.595
nwpu_positive_316_009,nwpu_positive_316,val,3,storage_tank,1023,438,1099,524,6517,1166,822,rgb,0.4838,0.4-0.5,,95,2.358,False,0.722
nwpu_positive_316_010,nwpu_positive_316,val,3,storage_tank,1040,501,1095,559,3184,1166,822,rgb,0.5289,0.5-0.6,,64,3.5,False,0.777
nwpu_positive_316_011,nwpu_positive_316,val,3,storage_tank,1012,550,1078,624,4854,1166,822,rgb,0.5847,0.5-0.6,,81,2.765,False,0.74
nwpu_positive_316_012,nwpu_positive_316,val,3,storage_tank,969,563,1063,667,9690,1166,822,rgb,0.5121,0.5-0.6,,114,1.965,False,0.746
nwpu_positive_317_000,nwpu_positive_317,train,3,storage_tank,598,171,670,211,2850,974,762,rgb,0.4465,0.4-0.5,,80,2.8,False,0.445
nwpu_positive_317_001,nwpu_positive_317,train,3,storage_tank,683,116,735,185,3618,974,762,rgb,0.6001,0.6-0.7,,76,2.947,False,0.626
nwpu_positive_317_002,nwpu_positive_317,train,3,storage_tank,603,205,663,270,3875,974,762,rgb,0.4468,0.4-0.5,,71,3.155,False,0.769
nwpu_positive_317_003,nwpu_positive_317,train,3,storage_tank,668,188,738,246,4070,974,762,rgb,0.5228,0.5-0.6,,78,2.872,False,0.669
nwpu_positive_317_004,nwpu_positive_317,train,3,storage_tank,760,183,798,208,991,974,762,rgb,0.4391,0.4-0.5,,43,5.209,False,0.536
nwpu_positive_317_005,nwpu_positive_317,train,3,storage_tank,543,589,590,644,2591,974,762,rgb,0.639,0.6-0.7,,60,3.733,False,0.72
nwpu_positive_318_000,nwpu_positive_318,val,3,storage_tank,377,241,441,327,5448,1044,664,rgb,0.5113,0.5-0.6,,94,2.383,False,0.617
nwpu_positive_318_001,nwpu_positive_318,val,3,storage_tank,437,271,501,317,2921,1044,664,rgb,0.6323,0.6-0.7,,71,3.155,False,0.579
nwpu_positive_318_002,nwpu_positive_318,val,3,storage_tank,476,282,546,336,3797,1044,664,rgb,0.6487,0.6-0.7,,76,2.947,False,0.657
nwpu_positive_318_003,nwpu_positive_318,val,3,storage_tank,551,308,622,376,4869,1044,664,rgb,0.5545,0.5-0.6,,78,2.872,False,0.8
nwpu_positive_318_004,nwpu_positive_318,val,3,storage_tank,587,218,648,297,4767,1044,664,rgb,0.6109,0.6-0.7,,86,2.605,False,0.645
nwpu_positive_318_005,nwpu_positive_318,val,3,storage_tank,663,268,733,336,4760,1044,664,rgb,0.5358,0.5-0.6,,77,2.909,False,0.803
nwpu_positive_318_006,nwpu_positive_318,val,3,storage_tank,685,310,725,347,1505,1044,664,rgb,0.4006,0.4-0.5,,44,5.091,False,0.777
nwpu_positive_318_007,nwpu_positive_318,val,3,storage_tank,625,337,692,388,3391,1044,664,rgb,0.4201,0.4-0.5,,73,3.068,False,0.636
nwpu_positive_318_008,nwpu_positive_318,val,3,storage_tank,678,429,732,493,3440,1044,664,rgb,0.4056,0.4-0.5,,70,3.2,False,0.702
nwpu_positive_318_009,nwpu_positive_318,val,3,storage_tank,598,510,621,546,804,1044,664,rgb,0.6559,0.6-0.7,,39,5.744,False,0.528
nwpu_positive_318_010,nwpu_positive_318,val,3,storage_tank,559,385,613,448,3387,1044,664,rgb,0.4314,0.4-0.5,,69,3.246,False,0.711
nwpu_positive_318_011,nwpu_positive_318,val,3,storage_tank,526,452,566,516,2529,1044,664,rgb,0.6852,0.6-0.7,,70,3.2,False,0.516
nwpu_positive_318_012,nwpu_positive_318,val,3,storage_tank,475,353,526,400,2391,1044,664,rgb,0.562,0.5-0.6,,56,4.0,False,0.762
nwpu_positive_318_013,nwpu_positive_318,val,3,storage_tank,425,424,492,466,2823,1044,664,rgb,0.492,0.4-0.5,,74,3.027,False,0.516
nwpu_positive_318_014,nwpu_positive_318,val,3,storage_tank,384,286,445,377,5574,1044,664,rgb,0.5789,0.5-0.6,,100,2.24,False,0.557
nwpu_positive_318_015,nwpu_positive_318,val,3,storage_tank,359,384,433,453,5042,1044,664,rgb,0.4808,0.4-0.5,,81,2.765,False,0.768
nwpu_positive_318_016,nwpu_positive_318,val,3,storage_tank,360,436,418,505,3991,1044,664,rgb,0.61,0.6-0.7,,76,2.947,False,0.691
nwpu_positive_318_017,nwpu_positive_318,val,3,storage_tank,321,294,393,351,4114,1044,664,rgb,0.5713,0.5-0.6,,79,2.835,False,0.659
nwpu_positive_318_018,nwpu_positive_318,val,3,storage_tank,305,355,358,417,3251,1044,664,rgb,0.4136,0.4-0.5,,68,3.294,False,0.703
nwpu_positive_319_000,nwpu_positive_319,train,3,storage_tank,185,165,225,201,1412,981,775,rgb,0.5478,0.5-0.6,,44,5.091,False,0.729
nwpu_positive_319_001,nwpu_positive_319,train,3,storage_tank,218,132,265,171,1810,981,775,rgb,0.62,0.6-0.7,,51,4.392,False,0.696
nwpu_positive_319_002,nwpu_positive_319,train,3,storage_tank,240,160,275,201,1416,981,775,rgb,0.5877,0.5-0.6,,45,4.978,False,0.699
nwpu_positive_319_003,nwpu_positive_319,train,3,storage_tank,216,179,247,212,1045,981,775,rgb,0.534,0.5-0.6,,37,6.054,True,0.764
nwpu_positive_319_004,nwpu_positive_319,train,3,storage_tank,464,372,495,410,1206,981,775,rgb,0.5551,0.5-0.6,,43,5.209,False,0.652
nwpu_positive_319_005,nwpu_positive_319,train,3,storage_tank,548,342,583,391,1673,981,775,rgb,0.63,0.6-0.7,,53,4.226,False,0.596
nwpu_positive_319_006,nwpu_positive_319,train,3,storage_tank,630,317,658,355,1082,981,775,rgb,0.6895,0.6-0.7,,41,5.463,False,0.643
nwpu_positive_319_007,nwpu_positive_319,train,3,storage_tank,656,352,679,398,1068,981,775,rgb,0.6055,0.6-0.7,,51,4.392,False,0.411
nwpu_positive_319_008,nwpu_positive_319,train,3,storage_tank,811,453,834,502,1169,981,775,rgb,0.4188,0.4-0.5,,54,4.148,False,0.401
nwpu_positive_319_009,nwpu_positive_319,train,3,storage_tank,826,491,868,523,1360,981,775,rgb,0.5324,0.5-0.6,,47,4.766,False,0.616
nwpu_positive_319_010,nwpu_positive_319,train,3,storage_tank,858,499,902,556,2444,981,775,rgb,0.4478,0.4-0.5,,62,3.613,False,0.636
nwpu_positive_320_000,nwpu_positive_320,train,2,ship,308,116,353,169,2331,979,775,rgb,0.6259,0.6-0.7,,58,3.862,False,0.693
nwpu_positive_320_001,nwpu_positive_320,train,3,storage_tank,735,401,778,441,1724,979,775,rgb,0.4238,0.4-0.5,,47,4.766,False,0.781
nwpu_positive_320_002,nwpu_positive_320,train,3,storage_tank,660,393,728,428,2349,979,775,rgb,0.4006,0.4-0.5,,75,2.987,False,0.418
nwpu_positive_320_003,nwpu_positive_320,train,3,storage_tank,615,426,652,466,1496,979,775,rgb,0.5228,0.5-0.6,,44,5.091,False,0.773
nwpu_positive_320_004,nwpu_positive_320,train,3,storage_tank,557,445,615,475,1783,979,775,rgb,0.5272,0.5-0.6,,64,3.5,False,0.435
nwpu_positive_320_005,nwpu_positive_320,train,3,storage_tank,511,440,566,479,2128,979,775,rgb,0.4612,0.4-0.5,,61,3.672,False,0.572
nwpu_positive_320_006,nwpu_positive_320,train,3,storage_tank,489,466,528,513,1832,979,775,rgb,0.5955,0.5-0.6,,52,4.308,False,0.678
nwpu_positive_320_007,nwpu_positive_320,train,3,storage_tank,438,473,471,506,1070,979,775,rgb,0.6806,0.6-0.7,,36,6.222,True,0.825
nwpu_positive_320_008,nwpu_positive_320,train,3,storage_tank,417,485,458,513,1158,979,775,rgb,0.584,0.5-0.6,,44,5.091,False,0.598
nwpu_positive_320_009,nwpu_positive_320,train,3,storage_tank,391,504,420,525,617,979,775,rgb,0.4564,0.4-0.5,,33,6.788,True,0.567
nwpu_positive_320_010,nwpu_positive_320,train,3,storage_tank,456,510,479,529,440,979,775,rgb,0.4006,0.4-0.5,,26,8.615,True,0.651
nwpu_positive_320_011,nwpu_positive_320,train,3,storage_tank,416,512,441,549,926,979,775,rgb,0.6021,0.6-0.7,,41,5.463,False,0.551
nwpu_positive_320_012,nwpu_positive_320,train,3,storage_tank,394,524,414,545,425,979,775,rgb,0.5836,0.5-0.6,,23,9.739,True,0.803
nwpu_positive_320_013,nwpu_positive_320,train,3,storage_tank,737,456,796,520,3756,979,775,rgb,0.4363,0.4-0.5,,71,3.155,False,0.745
nwpu_positive_320_014,nwpu_positive_320,train,3,storage_tank,689,471,736,534,2983,979,775,rgb,0.4225,0.4-0.5,,70,3.2,False,0.609
nwpu_positive_320_015,nwpu_positive_320,train,3,storage_tank,648,480,698,537,2807,979,775,rgb,0.6369,0.6-0.7,,62,3.613,False,0.73
nwpu_positive_320_016,nwpu_positive_320,train,3,storage_tank,609,489,663,539,2692,979,775,rgb,0.4346,0.4-0.5,,60,3.733,False,0.748
nwpu_positive_320_017,nwpu_positive_320,train,3,storage_tank,537,512,559,543,687,979,775,rgb,0.6259,0.6-0.7,,35,6.4,True,0.561
nwpu_positive_320_018,nwpu_positive_320,train,3,storage_tank,502,530,541,551,804,979,775,rgb,0.5417,0.5-0.6,,43,5.209,False,0.435
nwpu_positive_320_019,nwpu_positive_320,train,3,storage_tank,468,526,503,554,979,979,775,rgb,0.617,0.6-0.7,,38,5.895,False,0.678
nwpu_positive_320_020,nwpu_positive_320,train,3,storage_tank,448,531,485,563,1185,979,775,rgb,0.4106,0.4-0.5,,41,5.463,False,0.705
nwpu_positive_320_021,nwpu_positive_320,train,3,storage_tank,547,546,575,572,717,979,775,rgb,0.6118,0.6-0.7,,30,7.467,True,0.796
nwpu_positive_320_022,nwpu_positive_320,train,3,storage_tank,515,556,537,577,466,979,775,rgb,0.5181,0.5-0.6,,24,9.333,True,0.809
nwpu_positive_320_023,nwpu_positive_320,train,3,storage_tank,489,560,510,589,606,979,775,rgb,0.6777,0.6-0.7,,32,7.0,True,0.591
nwpu_positive_320_024,nwpu_positive_320,train,3,storage_tank,453,567,477,586,476,979,775,rgb,0.449,0.4-0.5,,27,8.296,True,0.654
nwpu_positive_320_025,nwpu_positive_320,train,3,storage_tank,801,471,827,513,1112,979,775,rgb,0.4162,0.4-0.5,,46,4.87,False,0.525
nwpu_positive_320_026,nwpu_positive_320,train,3,storage_tank,822,517,842,561,885,979,775,rgb,0.5391,0.5-0.6,,48,4.667,False,0.384
nwpu_positive_320_027,nwpu_positive_320,train,3,storage_tank,779,493,809,526,1007,979,775,rgb,0.5575,0.5-0.6,,37,6.054,True,0.735
nwpu_positive_320_028,nwpu_positive_320,train,3,storage_tank,786,517,820,558,1356,979,775,rgb,0.6926,0.6-0.7,,44,5.091,False,0.7
nwpu_positive_320_029,nwpu_positive_320,train,3,storage_tank,747,509,780,547,1228,979,775,rgb,0.6084,0.6-0.7,,41,5.463,False,0.731
nwpu_positive_320_030,nwpu_positive_320,train,3,storage_tank,759,538,783,567,686,979,775,rgb,0.6752,0.6-0.7,,32,7.0,True,0.67
nwpu_positive_320_031,nwpu_positive_320,train,3,storage_tank,719,509,755,543,1217,979,775,rgb,0.5806,0.5-0.6,,40,5.6,False,0.761
nwpu_positive_320_032,nwpu_positive_320,train,3,storage_tank,728,542,767,575,1291,979,775,rgb,0.6505,0.6-0.7,,43,5.209,False,0.698
nwpu_positive_320_033,nwpu_positive_320,train,3,storage_tank,665,521,705,563,1660,979,775,rgb,0.4262,0.4-0.5,,46,4.87,False,0.784
nwpu_positive_320_034,nwpu_positive_320,train,3,storage_tank,655,545,690,569,829,979,775,rgb,0.6208,0.6-0.7,,38,5.895,False,0.574
nwpu_positive_320_035,nwpu_positive_320,train,3,storage_tank,633,550,672,576,1018,979,775,rgb,0.4517,0.4-0.5,,43,5.209,False,0.551
nwpu_positive_320_036,nwpu_positive_320,train,3,storage_tank,625,582,667,621,1629,979,775,rgb,0.4609,0.4-0.5,,46,4.87,False,0.77
nwpu_positive_320_037,nwpu_positive_320,train,3,storage_tank,603,559,644,594,1472,979,775,rgb,0.4309,0.4-0.5,,45,4.978,False,0.727
nwpu_positive_320_038,nwpu_positive_320,train,3,storage_tank,611,582,636,617,884,979,775,rgb,0.6858,0.6-0.7,,38,5.895,False,0.612
nwpu_positive_320_039,nwpu_positive_320,train,3,storage_tank,566,568,590,610,1013,979,775,rgb,0.4837,0.4-0.5,,46,4.87,False,0.479
nwpu_positive_320_040,nwpu_positive_320,train,3,storage_tank,572,589,612,622,1339,979,775,rgb,0.505,0.5-0.6,,45,4.978,False,0.661
nwpu_positive_320_041,nwpu_positive_320,train,3,storage_tank,531,580,570,609,1148,979,775,rgb,0.604,0.6-0.7,,44,5.091,False,0.593
nwpu_positive_320_042,nwpu_positive_320,train,3,storage_tank,547,603,576,646,1290,979,775,rgb,0.4958,0.4-0.5,,48,4.667,False,0.56
nwpu_positive_320_043,nwpu_positive_320,train,3,storage_tank,497,586,541,623,1613,979,775,rgb,0.5188,0.5-0.6,,48,4.667,False,0.7
nwpu_positive_320_044,nwpu_positive_320,train,3,storage_tank,511,606,542,652,1430,979,775,rgb,0.6371,0.6-0.7,,50,4.48,False,0.572
nwpu_positive_320_045,nwpu_positive_320,train,3,storage_tank,473,591,510,631,1496,979,775,rgb,0.5298,0.5-0.6,,44,5.091,False,0.773
nwpu_positive_320_046,nwpu_positive_320,train,3,storage_tank,488,627,517,669,1235,979,775,rgb,0.5267,0.5-0.6,,46,4.87,False,0.584
nwpu_positive_320_047,nwpu_positive_320,train,3,storage_tank,448,624,475,646,585,979,775,rgb,0.4564,0.4-0.5,,30,7.467,True,0.65
nwpu_positive_320_048,nwpu_positive_320,train,3,storage_tank,452,651,481,683,944,979,775,rgb,0.5105,0.5-0.6,,35,6.4,True,0.771
nwpu_positive_322_000,nwpu_positive_322,train,3,storage_tank,252,177,317,250,4792,982,662,rgb,0.5004,0.5-0.6,,80,2.8,False,0.749
nwpu_positive_322_001,nwpu_positive_322,train,3,storage_tank,305,204,362,253,2807,982,662,rgb,0.5477,0.5-0.6,,63,3.556,False,0.707
nwpu_positive_322_002,nwpu_positive_322,train,3,storage_tank,368,193,400,243,1605,982,662,rgb,0.6042,0.6-0.7,,55,4.073,False,0.53
nwpu_positive_322_003,nwpu_positive_322,train,3,storage_tank,263,227,311,284,2798,982,662,rgb,0.6047,0.6-0.7,,63,3.556,False,0.705
nwpu_positive_322_004,nwpu_positive_322,train,3,storage_tank,304,246,363,306,3598,982,662,rgb,0.6947,0.6-0.7,,67,3.343,False,0.802
nwpu_positive_322_005,nwpu_positive_322,train,3,storage_tank,377,240,418,300,2474,982,662,rgb,0.4562,0.4-0.5,,66,3.394,False,0.568
nwpu_positive_322_006,nwpu_positive_322,train,3,storage_tank,428,292,486,340,2803,982,662,rgb,0.5836,0.5-0.6,,64,3.5,False,0.684
nwpu_positive_322_007,nwpu_positive_322,train,3,storage_tank,393,322,427,365,1451,982,662,rgb,0.4709,0.4-0.5,,47,4.766,False,0.657
nwpu_positive_322_008,nwpu_positive_322,train,3,storage_tank,442,334,476,373,1319,982,662,rgb,0.6021,0.6-0.7,,42,5.333,False,0.747
nwpu_positive_322_009,nwpu_positive_322,train,3,storage_tank,656,284,731,336,3914,982,662,rgb,0.4779,0.4-0.5,,83,2.699,False,0.568
nwpu_positive_322_010,nwpu_positive_322,train,3,storage_tank,745,291,805,330,2382,982,662,rgb,0.6182,0.6-0.7,,66,3.394,False,0.547
nwpu_positive_322_011,nwpu_positive_322,train,3,storage_tank,793,277,864,348,5135,982,662,rgb,0.5784,0.5-0.6,,79,2.835,False,0.823
nwpu_positive_322_012,nwpu_positive_322,train,3,storage_tank,738,329,804,373,2943,982,662,rgb,0.5187,0.5-0.6,,72,3.111,False,0.568
nwpu_positive_322_013,nwpu_positive_322,train,3,storage_tank,677,359,736,421,3666,982,662,rgb,0.6041,0.6-0.7,,68,3.294,False,0.793
nwpu_positive_324_000,nwpu_positive_324,train,3,storage_tank,352,28,384,69,1301,1152,625,rgb,0.5896,0.5-0.6,,45,4.978,False,0.642
nwpu_positive_324_001,nwpu_positive_324,train,3,storage_tank,402,38,453,68,1531,1152,625,rgb,0.6729,0.6-0.7,,57,3.93,False,0.471
nwpu_positive_324_002,nwpu_positive_324,train,3,storage_tank,500,38,541,75,1518,1152,625,rgb,0.554,0.5-0.6,,45,4.978,False,0.75
nwpu_positive_324_003,nwpu_positive_324,train,3,storage_tank,604,46,644,75,1181,1152,625,rgb,0.6022,0.6-0.7,,44,5.091,False,0.61
nwpu_positive_324_004,nwpu_positive_324,train,3,storage_tank,658,34,695,81,1731,1152,625,rgb,0.6299,0.6-0.7,,52,4.308,False,0.64
nwpu_positive_324_005,nwpu_positive_324,train,3,storage_tank,715,62,759,105,1862,1152,625,rgb,0.638,0.6-0.7,,48,4.667,False,0.808
nwpu_positive_324_006,nwpu_positive_324,train,3,storage_tank,531,74,548,108,567,1152,625,rgb,0.5343,0.5-0.6,,37,6.054,True,0.414
nwpu_positive_324_007,nwpu_positive_324,train,3,storage_tank,369,100,413,127,1167,1152,625,rgb,0.4343,0.4-0.5,,49,4.571,False,0.486
nwpu_positive_324_008,nwpu_positive_324,train,3,storage_tank,405,118,456,143,1269,1152,625,rgb,0.4723,0.4-0.5,,56,4.0,False,0.405
nwpu_positive_324_009,nwpu_positive_324,train,3,storage_tank,512,105,536,135,739,1152,625,rgb,0.4637,0.4-0.5,,34,6.588,True,0.64
nwpu_positive_324_010,nwpu_positive_324,train,3,storage_tank,599,97,639,125,1146,1152,625,rgb,0.5476,0.5-0.6,,44,5.091,False,0.592
nwpu_positive_324_011,nwpu_positive_324,train,3,storage_tank,665,101,711,124,1043,1152,625,rgb,0.4033,0.4-0.5,,51,4.392,False,0.401
nwpu_positive_324_012,nwpu_positive_324,train,3,storage_tank,243,230,273,262,945,1152,625,rgb,0.5756,0.5-0.6,,34,6.588,True,0.818
nwpu_positive_324_013,nwpu_positive_324,train,3,storage_tank,287,211,323,245,1243,1152,625,rgb,0.5229,0.5-0.6,,39,5.744,False,0.817
nwpu_positive_324_014,nwpu_positive_324,train,3,storage_tank,342,226,368,274,1245,1152,625,rgb,0.5557,0.5-0.6,,53,4.226,False,0.443
nwpu_positive_324_015,nwpu_positive_324,train,3,storage_tank,420,232,465,261,1281,1152,625,rgb,0.6452,0.6-0.7,,49,4.571,False,0.533
nwpu_positive_324_016,nwpu_positive_324,train,3,storage_tank,470,221,519,250,1441,1152,625,rgb,0.5138,0.5-0.6,,54,4.148,False,0.494
nwpu_positive_324_017,nwpu_positive_324,train,3,storage_tank,528,219,561,245,846,1152,625,rgb,0.4312,0.4-0.5,,36,6.222,True,0.652
nwpu_positive_324_018,nwpu_positive_324,train,3,storage_tank,582,232,625,264,1374,1152,625,rgb,0.5342,0.5-0.6,,48,4.667,False,0.597
nwpu_positive_324_019,nwpu_positive_324,train,3,storage_tank,656,227,686,257,884,1152,625,rgb,0.5167,0.5-0.6,,33,6.788,True,0.812
nwpu_positive_324_020,nwpu_positive_324,train,3,storage_tank,219,278,251,314,1163,1152,625,rgb,0.5902,0.5-0.6,,39,5.744,False,0.764
nwpu_positive_324_021,nwpu_positive_324,train,3,storage_tank,283,291,308,310,476,1152,625,rgb,0.6034,0.6-0.7,,27,8.296,True,0.653
nwpu_positive_324_022,nwpu_positive_324,train,3,storage_tank,192,301,215,337,837,1152,625,rgb,0.4446,0.4-0.5,,39,5.744,False,0.55
nwpu_positive_324_023,nwpu_positive_324,train,3,storage_tank,278,315,315,332,629,1152,625,rgb,0.502,0.5-0.6,,40,5.6,False,0.393
nwpu_positive_324_024,nwpu_positive_324,train,3,storage_tank,309,295,362,335,2097,1152,625,rgb,0.5689,0.5-0.6,,59,3.797,False,0.602
nwpu_positive_324_025,nwpu_positive_324,train,3,storage_tank,417,273,467,302,1440,1152,625,rgb,0.6415,0.6-0.7,,55,4.073,False,0.476
nwpu_positive_324_026,nwpu_positive_324,train,3,storage_tank,468,268,494,300,850,1152,625,rgb,0.5161,0.5-0.6,,36,6.222,True,0.656
nwpu_positive_324_027,nwpu_positive_324,train,3,storage_tank,565,266,589,308,1013,1152,625,rgb,0.6262,0.6-0.7,,46,4.87,False,0.479
nwpu_positive_324_028,nwpu_positive_324,train,3,storage_tank,603,276,640,311,1298,1152,625,rgb,0.6043,0.6-0.7,,41,5.463,False,0.772
nwpu_positive_324_029,nwpu_positive_324,train,3,storage_tank,699,242,725,283,1095,1152,625,rgb,0.6804,0.6-0.7,,45,4.978,False,0.541
nwpu_positive_324_030,nwpu_positive_324,train,3,storage_tank,731,274,754,318,1042,1152,625,rgb,0.4221,0.4-0.5,,48,4.667,False,0.452
nwpu_positive_324_031,nwpu_positive_324,train,3,storage_tank,657,304,690,326,732,1152,625,rgb,0.5314,0.5-0.6,,36,6.222,True,0.564
nwpu_positive_324_032,nwpu_positive_324,train,3,storage_tank,424,328,451,354,698,1152,625,rgb,0.635,0.6-0.7,,30,7.467,True,0.775
nwpu_positive_324_033,nwpu_positive_324,train,3,storage_tank,461,314,502,353,1619,1152,625,rgb,0.5679,0.5-0.6,,45,4.978,False,0.8
nwpu_positive_324_034,nwpu_positive_324,train,3,storage_tank,540,326,562,342,380,1152,625,rgb,0.4423,0.4-0.5,,25,8.96,True,0.607
nwpu_positive_324_035,nwpu_positive_324,train,3,storage_tank,582,318,631,345,1313,1152,625,rgb,0.6211,0.6-0.7,,54,4.148,False,0.45
nwpu_positive_324_036,nwpu_positive_324,train,3,storage_tank,144,383,177,416,1114,1152,625,rgb,0.6303,0.6-0.7,,37,6.054,True,0.814
nwpu_positive_324_037,nwpu_positive_324,train,3,storage_tank,192,389,212,415,509,1152,625,rgb,0.5418,0.5-0.6,,28,8.0,True,0.649
nwpu_positive_324_038,nwpu_positive_324,train,3,storage_tank,227,366,258,400,1014,1152,625,rgb,0.6409,0.6-0.7,,37,6.054,True,0.741
nwpu_positive_324_039,nwpu_positive_324,train,3,storage_tank,285,367,305,396,581,1152,625,rgb,0.5758,0.5-0.6,,31,7.226,True,0.604
nwpu_positive_324_040,nwpu_positive_324,train,3,storage_tank,316,364,350,382,583,1152,625,rgb,0.4748,0.4-0.5,,37,6.054,True,0.426
nwpu_positive_324_041,nwpu_positive_324,train,3,storage_tank,347,370,368,388,376,1152,625,rgb,0.4744,0.4-0.5,,23,9.739,True,0.711
nwpu_positive_324_042,nwpu_positive_324,train,3,storage_tank,275,403,301,430,696,1152,625,rgb,0.4681,0.4-0.5,,30,7.467,True,0.773
nwpu_positive_324_043,nwpu_positive_324,train,3,storage_tank,322,399,349,427,746,1152,625,rgb,0.6368,0.6-0.7,,30,7.467,True,0.829
nwpu_positive_324_044,nwpu_positive_324,train,3,storage_tank,347,398,377,433,1048,1152,625,rgb,0.5157,0.5-0.6,,38,5.895,False,0.726
nwpu_positive_324_045,nwpu_positive_324,train,3,storage_tank,143,456,170,481,663,1152,625,rgb,0.6387,0.6-0.7,,30,7.467,True,0.736
nwpu_positive_324_046,nwpu_positive_324,train,3,storage_tank,166,464,201,500,1237,1152,625,rgb,0.4075,0.4-0.5,,39,5.744,False,0.813
nwpu_positive_324_047,nwpu_positive_324,train,3,storage_tank,211,463,232,496,691,1152,625,rgb,0.475,0.4-0.5,,37,6.054,True,0.505
nwpu_positive_324_048,nwpu_positive_324,train,3,storage_tank,258,452,288,499,1452,1152,625,rgb,0.5091,0.5-0.6,,52,4.308,False,0.537
nwpu_positive_324_049,nwpu_positive_324,train,3,storage_tank,308,450,337,496,1334,1152,625,rgb,0.6003,0.6-0.7,,51,4.392,False,0.513
nwpu_positive_324_050,nwpu_positive_324,train,2,ship,502,493,615,512,2241,1152,625,rgb,0.4638,0.4-0.5,,124,1.806,False,0.146
nwpu_positive_325_000,nwpu_positive_325,train,3,storage_tank,473,84,527,131,2553,1156,669,rgb,0.4298,0.4-0.5,,59,3.797,False,0.733
nwpu_positive_325_001,nwpu_positive_325,train,3,storage_tank,516,94,564,120,1232,1156,669,rgb,0.586,0.5-0.6,,53,4.226,False,0.439
nwpu_positive_325_002,nwpu_positive_325,train,3,storage_tank,569,74,602,123,1640,1156,669,rgb,0.5538,0.5-0.6,,55,4.073,False,0.542
nwpu_positive_325_003,nwpu_positive_325,train,3,storage_tank,638,94,664,136,1106,1156,669,rgb,0.5277,0.5-0.6,,46,4.87,False,0.523
nwpu_positive_325_004,nwpu_positive_325,train,3,storage_tank,683,99,723,131,1295,1156,669,rgb,0.6744,0.6-0.7,,44,5.091,False,0.669
nwpu_positive_325_005,nwpu_positive_325,train,3,storage_tank,726,97,765,141,1684,1156,669,rgb,0.5492,0.5-0.6,,48,4.667,False,0.731
nwpu_positive_325_006,nwpu_positive_325,train,3,storage_tank,382,126,410,168,1188,1156,669,rgb,0.624,0.6-0.7,,46,4.87,False,0.561
nwpu_positive_325_007,nwpu_positive_325,train,3,storage_tank,439,127,488,174,2318,1156,669,rgb,0.6556,0.6-0.7,,54,4.148,False,0.795
nwpu_positive_325_008,nwpu_positive_325,train,3,storage_tank,487,122,541,167,2381,1156,669,rgb,0.5905,0.5-0.6,,59,3.797,False,0.684
nwpu_positive_325_009,nwpu_positive_325,train,3,storage_tank,540,132,582,170,1570,1156,669,rgb,0.6506,0.6-0.7,,46,4.87,False,0.742
nwpu_positive_325_010,nwpu_positive_325,train,3,storage_tank,608,135,654,162,1250,1156,669,rgb,0.5613,0.5-0.6,,51,4.392,False,0.48
nwpu_positive_325_011,nwpu_positive_325,train,3,storage_tank,654,131,681,178,1293,1156,669,rgb,0.5364,0.5-0.6,,52,4.308,False,0.478
nwpu_positive_325_012,nwpu_positive_325,train,3,storage_tank,693,137,734,169,1308,1156,669,rgb,0.4178,0.4-0.5,,45,4.978,False,0.646
nwpu_positive_325_013,nwpu_positive_325,train,3,storage_tank,348,173,393,208,1598,1156,669,rgb,0.4213,0.4-0.5,,50,4.48,False,0.639
nwpu_positive_325_014,nwpu_positive_325,train,3,storage_tank,340,204,388,232,1360,1156,669,rgb,0.5783,0.5-0.6,,53,4.226,False,0.484
nwpu_positive_325_015,nwpu_positive_325,train,2,ship,545,450,639,469,1796,1156,669,rgb,0.433,0.4-0.5,,104,2.154,False,0.166
nwpu_positive_325_016,nwpu_positive_325,train,2,ship,920,473,976,553,4432,1156,669,rgb,0.6692,0.6-0.7,,88,2.545,False,0.572
nwpu_positive_326_000,nwpu_positive_326,train,3,storage_tank,273,31,323,96,3259,1152,669,rgb,0.6734,0.6-0.7,,72,3.111,False,0.629
nwpu_positive_326_001,nwpu_positive_326,train,3,storage_tank,348,44,388,113,2796,1152,669,rgb,0.6306,0.6-0.7,,76,2.947,False,0.484
nwpu_positive_326_002,nwpu_positive_326,train,3,storage_tank,406,41,463,88,2740,1152,669,rgb,0.6385,0.6-0.7,,63,3.556,False,0.69
nwpu_positive_326_003,nwpu_positive_326,train,3,storage_tank,442,45,492,104,2948,1152,669,rgb,0.6371,0.6-0.7,,65,3.446,False,0.698
nwpu_positive_326_004,nwpu_positive_326,train,3,storage_tank,503,53,542,95,1663,1152,669,rgb,0.6728,0.6-0.7,,46,4.87,False,0.786
nwpu_positive_326_005,nwpu_positive_326,train,3,storage_tank,413,129,452,181,2056,1152,669,rgb,0.5547,0.5-0.6,,57,3.93,False,0.633
nwpu_positive_326_006,nwpu_positive_326,train,3,storage_tank,492,142,549,202,3433,1152,669,rgb,0.5266,0.5-0.6,,66,3.394,False,0.788
nwpu_positive_326_007,nwpu_positive_326,train,3,storage_tank,347,210,402,255,2473,1152,669,rgb,0.6138,0.6-0.7,,61,3.672,False,0.665
nwpu_positive_326_008,nwpu_positive_326,train,3,storage_tank,476,214,535,265,3050,1152,669,rgb,0.4275,0.4-0.5,,65,3.446,False,0.722
nwpu_positive_326_009,nwpu_positive_326,train,3,storage_tank,409,190,475,227,2482,1152,669,rgb,0.4194,0.4-0.5,,72,3.111,False,0.479
nwpu_positive_326_010,nwpu_positive_326,train,3,storage_tank,268,280,323,338,3227,1152,669,rgb,0.4233,0.4-0.5,,64,3.5,False,0.788
nwpu_positive_326_011,nwpu_positive_326,train,3,storage_tank,335,263,371,324,2191,1152,669,rgb,0.5069,0.5-0.6,,67,3.343,False,0.488
nwpu_positive_326_012,nwpu_positive_326,train,3,storage_tank,352,254,404,313,3114,1152,669,rgb,0.6012,0.6-0.7,,65,3.446,False,0.737
nwpu_positive_326_013,nwpu_positive_326,train,3,storage_tank,414,270,494,318,3813,1152,669,rgb,0.5696,0.5-0.6,,87,2.575,False,0.504
nwpu_positive_326_014,nwpu_positive_326,train,3,storage_tank,480,249,557,321,5588,1152,669,rgb,0.5011,0.5-0.6,,85,2.635,False,0.773
nwpu_positive_326_015,nwpu_positive_326,train,3,storage_tank,303,325,355,360,1845,1152,669,rgb,0.6427,0.6-0.7,,57,3.93,False,0.568
nwpu_positive_326_016,nwpu_positive_326,train,3,storage_tank,298,359,332,392,1141,1152,669,rgb,0.6681,0.6-0.7,,37,6.054,True,0.833
nwpu_positive_326_017,nwpu_positive_326,train,3,storage_tank,331,332,369,360,1030,1152,669,rgb,0.5092,0.5-0.6,,42,5.333,False,0.584
nwpu_positive_326_018,nwpu_positive_326,train,3,storage_tank,341,348,371,388,1221,1152,669,rgb,0.6608,0.6-0.7,,44,5.091,False,0.63
nwpu_positive_326_019,nwpu_positive_326,train,3,storage_tank,381,333,415,378,1552,1152,669,rgb,0.4852,0.4-0.5,,50,4.48,False,0.621
nwpu_positive_326_020,nwpu_positive_326,train,3,storage_tank,382,339,419,389,1822,1152,669,rgb,0.6445,0.6-0.7,,55,4.073,False,0.602
nwpu_positive_326_021,nwpu_positive_326,train,3,storage_tank,435,333,494,399,3926,1152,669,rgb,0.5546,0.5-0.6,,73,3.068,False,0.737
nwpu_positive_326_022,nwpu_positive_326,train,3,storage_tank,464,343,546,390,3836,1152,669,rgb,0.5109,0.5-0.6,,90,2.489,False,0.474
nwpu_positive_326_023,nwpu_positive_326,train,3,storage_tank,351,377,423,457,5824,1152,669,rgb,0.5601,0.5-0.6,,89,2.517,False,0.735
nwpu_positive_326_024,nwpu_positive_326,train,3,storage_tank,329,467,415,520,4487,1152,669,rgb,0.4962,0.4-0.5,,94,2.383,False,0.508
nwpu_positive_326_025,nwpu_positive_326,train,3,storage_tank,438,410,479,448,1574,1152,669,rgb,0.493,0.4-0.5,,45,4.978,False,0.777
nwpu_positive_326_026,nwpu_positive_326,train,3,storage_tank,440,479,479,553,2943,1152,669,rgb,0.4457,0.4-0.5,,81,2.765,False,0.448
nwpu_positive_326_027,nwpu_positive_326,train,3,storage_tank,509,387,549,455,2660,1152,669,rgb,0.5427,0.5-0.6,,75,2.987,False,0.473
nwpu_positive_326_028,nwpu_positive_326,train,3,storage_tank,492,491,559,527,2470,1152,669,rgb,0.5246,0.5-0.6,,75,2.987,False,0.439
nwpu_positive_326_029,nwpu_positive_326,train,2,ship,260,417,328,559,9631,1152,669,rgb,0.5999,0.5-0.6,,156,1.436,False,0.396
nwpu_positive_326_030,nwpu_positive_326,train,2,ship,438,601,513,626,1869,1152,669,rgb,0.4417,0.4-0.5,,83,2.699,False,0.271
nwpu_positive_327_000,nwpu_positive_327,train,3,storage_tank,136,94,187,154,3108,1152,681,rgb,0.5065,0.5-0.6,,66,3.394,False,0.714
nwpu_positive_327_001,nwpu_positive_327,train,3,storage_tank,194,102,240,153,2341,1152,681,rgb,0.4194,0.4-0.5,,56,4.0,False,0.747
nwpu_positive_327_002,nwpu_positive_327,train,3,storage_tank,298,141,373,188,3538,1152,681,rgb,0.4081,0.4-0.5,,83,2.699,False,0.514
nwpu_positive_327_003,nwpu_positive_327,train,3,storage_tank,494,140,546,182,2193,1152,681,rgb,0.4479,0.4-0.5,,57,3.93,False,0.675
nwpu_positive_327_004,nwpu_positive_327,train,3,storage_tank,504,178,567,215,2295,1152,681,rgb,0.5981,0.5-0.6,,68,3.294,False,0.496
nwpu_positive_327_005,nwpu_positive_327,train,3,storage_tank,521,225,569,266,1966,1152,681,rgb,0.6093,0.6-0.7,,53,4.226,False,0.7
nwpu_positive_327_006,nwpu_positive_327,train,3,storage_tank,484,242,528,321,3423,1152,681,rgb,0.5428,0.5-0.6,,87,2.575,False,0.452
nwpu_positive_327_007,nwpu_positive_327,train,3,storage_tank,497,316,548,395,4074,1152,681,rgb,0.4441,0.4-0.5,,87,2.575,False,0.538
nwpu_positive_327_008,nwpu_positive_327,train,3,storage_tank,521,266,583,338,4413,1152,681,rgb,0.6848,0.6-0.7,,79,2.835,False,0.707
nwpu_positive_327_009,nwpu_positive_327,train,3,storage_tank,517,311,579,362,3173,1152,681,rgb,0.4315,0.4-0.5,,68,3.294,False,0.686
nwpu_positive_327_010,nwpu_positive_327,train,3,storage_tank,576,280,637,345,3996,1152,681,rgb,0.5481,0.5-0.6,,71,3.155,False,0.793
nwpu_positive_327_011,nwpu_positive_327,train,3,storage_tank,571,331,623,397,3401,1152,681,rgb,0.4215,0.4-0.5,,72,3.111,False,0.656
nwpu_positive_327_012,nwpu_positive_327,train,3,storage_tank,646,260,692,288,1287,1152,681,rgb,0.6942,0.6-0.7,,51,4.392,False,0.495
nwpu_positive_327_013,nwpu_positive_327,train,3,storage_tank,685,251,719,298,1624,1152,681,rgb,0.6858,0.6-0.7,,52,4.308,False,0.601
nwpu_positive_327_014,nwpu_positive_327,train,3,storage_tank,651,292,715,329,2355,1152,681,rgb,0.5266,0.5-0.6,,70,3.2,False,0.481
nwpu_positive_327_015,nwpu_positive_327,train,3,storage_tank,776,133,854,184,4024,1152,681,rgb,0.445,0.4-0.5,,86,2.605,False,0.544
nwpu_positive_328_000,nwpu_positive_328,train,5,tennis_court,212,82,290,113,2375,951,597,rgb,0.4231,0.4-0.5,,86,2.605,False,0.321
nwpu_positive_328_001,nwpu_positive_328,train,5,tennis_court,173,112,295,163,6273,951,597,rgb,0.4908,0.4-0.5,,135,1.659,False,0.344
nwpu_positive_328_002,nwpu_positive_328,train,5,tennis_court,147,167,231,216,4146,951,597,rgb,0.4445,0.4-0.5,,93,2.409,False,0.479
nwpu_positive_328_003,nwpu_positive_328,train,5,tennis_court,148,213,264,269,6435,951,597,rgb,0.6672,0.6-0.7,,127,1.764,False,0.399
nwpu_positive_328_004,nwpu_positive_328,train,5,tennis_court,327,81,429,130,5010,951,597,rgb,0.5298,0.5-0.6,,112,2.0,False,0.399
nwpu_positive_328_005,nwpu_positive_328,train,5,tennis_court,271,116,421,162,6865,951,597,rgb,0.5952,0.5-0.6,,165,1.358,False,0.252
nwpu_positive_328_006,nwpu_positive_328,train,5,tennis_court,312,179,470,208,4652,951,597,rgb,0.5493,0.5-0.6,,173,1.295,False,0.155
nwpu_positive_328_007,nwpu_positive_328,train,5,tennis_court,267,218,426,283,10243,951,597,rgb,0.4457,0.4-0.5,,174,1.287,False,0.338
nwpu_positive_328_008,nwpu_positive_328,train,5,tennis_court,442,71,551,109,4101,951,597,rgb,0.6795,0.6-0.7,,120,1.867,False,0.285
nwpu_positive_328_009,nwpu_positive_328,train,5,tennis_court,491,121,597,154,3447,951,597,rgb,0.5179,0.5-0.6,,117,1.915,False,0.252
nwpu_positive_328_010,nwpu_positive_328,train,5,tennis_court,470,164,577,225,6500,951,597,rgb,0.6145,0.6-0.7,,117,1.915,False,0.475
nwpu_positive_328_011,nwpu_positive_328,train,5,tennis_court,465,217,590,253,4489,951,597,rgb,0.6701,0.6-0.7,,137,1.635,False,0.239
nwpu_positive_328_012,nwpu_positive_328,train,5,tennis_court,593,85,690,111,2560,951,597,rgb,0.4496,0.4-0.5,,106,2.113,False,0.228
nwpu_positive_328_013,nwpu_positive_328,train,5,tennis_court,599,118,749,154,5398,951,597,rgb,0.5983,0.5-0.6,,166,1.349,False,0.196
nwpu_positive_328_014,nwpu_positive_328,train,5,tennis_court,589,151,714,201,6213,951,597,rgb,0.5977,0.5-0.6,,138,1.623,False,0.326
nwpu_positive_328_015,nwpu_positive_328,train,5,tennis_court,641,201,729,252,4500,951,597,rgb,0.6821,0.6-0.7,,96,2.333,False,0.488
nwpu_positive_329_000,nwpu_positive_329,train,5,tennis_court,54,76,108,134,3169,1151,655,rgb,0.6484,0.6-0.7,,64,3.5,False,0.774
nwpu_positive_329_001,nwpu_positive_329,train,5,tennis_court,94,87,163,125,2609,1151,655,rgb,0.5424,0.5-0.6,,75,2.987,False,0.464
nwpu_positive_329_002,nwpu_positive_329,train,5,tennis_court,105,130,141,191,2201,1151,655,rgb,0.5238,0.5-0.6,,67,3.343,False,0.49
nwpu_positive_329_003,nwpu_positive_329,train,5,tennis_court,144,126,197,172,2433,1151,655,rgb,0.6178,0.6-0.7,,59,3.797,False,0.699
nwpu_positive_329_004,nwpu_positive_329,train,5,tennis_court,189,118,242,165,2453,1151,655,rgb,0.667,0.6-0.7,,58,3.862,False,0.729
nwpu_positive_329_005,nwpu_positive_329,train,5,tennis_court,138,178,182,237,2565,1151,655,rgb,0.4137,0.4-0.5,,64,3.5,False,0.626
nwpu_positive_329_006,nwpu_positive_329,train,5,tennis_court,165,164,241,223,4474,1151,655,rgb,0.5774,0.5-0.6,,84,2.667,False,0.634
nwpu_positive_329_007,nwpu_positive_329,train,5,tennis_court,208,159,273,208,3233,1151,655,rgb,0.5446,0.5-0.6,,72,3.111,False,0.624
nwpu_positive_329_008,nwpu_positive_329,train,5,tennis_court,263,147,313,196,2433,1151,655,rgb,0.404,0.4-0.5,,54,4.148,False,0.834
nwpu_positive_329_009,nwpu_positive_329,train,5,tennis_court,149,227,222,263,2691,1151,655,rgb,0.5078,0.5-0.6,,80,2.8,False,0.42
nwpu_positive_329_010,nwpu_positive_329,train,5,tennis_court,235,228,274,297,2678,1151,655,rgb,0.6015,0.6-0.7,,76,2.947,False,0.464
nwpu_positive_329_011,nwpu_positive_329,train,5,tennis_court,260,227,331,269,3040,1151,655,rgb,0.575,0.5-0.6,,78,2.872,False,0.5
nwpu_positive_329_012,nwpu_positive_329,train,5,tennis_court,324,201,376,275,3914,1151,655,rgb,0.4392,0.4-0.5,,82,2.732,False,0.582
nwpu_positive_329_013,nwpu_positive_329,train,5,tennis_court,204,337,263,386,2914,1151,655,rgb,0.5778,0.5-0.6,,65,3.446,False,0.69
nwpu_positive_329_014,nwpu_positive_329,train,5,tennis_court,314,358,395,409,4052,1151,655,rgb,0.4844,0.4-0.5,,88,2.545,False,0.523
nwpu_positive_329_015,nwpu_positive_329,train,5,tennis_court,467,372,520,434,3323,1151,655,rgb,0.6293,0.6-0.7,,68,3.294,False,0.719
nwpu_positive_329_016,nwpu_positive_329,train,5,tennis_court,696,219,762,286,4361,1151,655,rgb,0.6563,0.6-0.7,,74,3.027,False,0.796
nwpu_positive_329_017,nwpu_positive_329,train,5,tennis_court,751,211,797,263,2380,1151,655,rgb,0.6577,0.6-0.7,,57,3.93,False,0.732
nwpu_positive_329_018,nwpu_positive_329,train,5,tennis_court,788,233,857,277,3002,1151,655,rgb,0.6049,0.6-0.7,,76,2.947,False,0.52
nwpu_positive_329_019,nwpu_positive_329,train,5,tennis_court,852,244,925,282,2822,1151,655,rgb,0.4539,0.4-0.5,,80,2.8,False,0.441
nwpu_positive_329_020,nwpu_positive_329,train,5,tennis_court,715,292,780,349,3679,1151,655,rgb,0.6771,0.6-0.7,,72,3.111,False,0.71
nwpu_positive_329_021,nwpu_positive_329,train,5,tennis_court,793,288,842,343,2644,1151,655,rgb,0.4373,0.4-0.5,,60,3.733,False,0.734
nwpu_positive_329_022,nwpu_positive_329,train,5,tennis_court,809,283,873,328,2880,1151,655,rgb,0.5929,0.5-0.6,,70,3.2,False,0.588
nwpu_positive_329_023,nwpu_positive_329,train,5,tennis_court,975,378,1034,410,1885,1151,655,rgb,0.4697,0.4-0.5,,65,3.446,False,0.446
nwpu_positive_330_000,nwpu_positive_330,train,5,tennis_court,532,88,568,136,1718,732,554,rgb,0.5878,0.5-0.6,,53,4.226,False,0.611
nwpu_positive_330_001,nwpu_positive_330,train,5,tennis_court,558,70,607,127,2777,732,554,rgb,0.6394,0.6-0.7,,63,3.556,False,0.7
nwpu_positive_330_002,nwpu_positive_330,train,5,tennis_court,560,131,621,174,2639,732,554,rgb,0.6085,0.6-0.7,,68,3.294,False,0.571
nwpu_positive_330_003,nwpu_positive_330,train,5,tennis_court,593,131,656,166,2221,732,554,rgb,0.5532,0.5-0.6,,69,3.246,False,0.467
nwpu_positive_330_004,nwpu_positive_330,train,5,tennis_court,610,114,657,169,2614,732,554,rgb,0.6759,0.6-0.7,,60,3.733,False,0.726
nwpu_positive_330_005,nwpu_positive_330,train,5,tennis_court,632,114,683,150,1829,732,554,rgb,0.6772,0.6-0.7,,57,3.93,False,0.563
nwpu_positive_331_000,nwpu_positive_331,train,5,tennis_court,482,286,576,341,5155,993,658,rgb,0.6913,0.6-0.7,,103,2.175,False,0.486
nwpu_positive_331_001,nwpu_positive_331,train,5,tennis_court,432,298,519,398,8695,993,658,rgb,0.5983,0.5-0.6,,110,2.036,False,0.719
nwpu_positive_331_002,nwpu_positive_331,train,6,basketball_court,317,330,454,365,4809,993,658,rgb,0.4513,0.4-0.5,,151,1.483,False,0.211
nwpu_positive_332_000,nwpu_positive_332,train,5,tennis_court,179,362,295,438,8817,1052,605,rgb,0.6723,0.6-0.7,,128,1.75,False,0.538
nwpu_positive_332_001,nwpu_positive_332,train,5,tennis_court,222,364,300,468,8161,1052,605,rgb,0.6515,0.6-0.7,,115,1.948,False,0.617
nwpu_positive_332_002,nwpu_positive_332,train,5,tennis_court,250,410,380,467,7393,1052,605,rgb,0.4607,0.4-0.5,,143,1.566,False,0.362
nwpu_positive_332_003,nwpu_positive_332,train,5,tennis_court,280,426,387,492,7071,1052,605,rgb,0.5289,0.5-0.6,,118,1.898,False,0.508
nwpu_positive_332_004,nwpu_positive_332,train,5,tennis_court,355,456,415,569,6734,1052,605,rgb,0.5227,0.5-0.6,,124,1.806,False,0.438
nwpu_positive_332_005,nwpu_positive_332,train,5,tennis_court,369,465,496,583,15047,1052,605,rgb,0.4854,0.4-0.5,,140,1.6,False,0.768
nwpu_positive_332_006,nwpu_positive_332,train,7,ground_track_field,367,75,799,602,227293,1052,605,rgb,0.6055,0.6-0.7,,579,0.387,False,0.678
nwpu_positive_333_000,nwpu_positive_333,train,5,tennis_court,90,173,290,250,15368,931,621,rgb,0.468,0.4-0.5,,220,1.018,False,0.318
nwpu_positive_333_001,nwpu_positive_333,train,5,tennis_court,367,126,522,207,12473,931,621,rgb,0.4602,0.4-0.5,,171,1.31,False,0.427
nwpu_positive_333_002,nwpu_positive_333,train,5,tennis_court,404,237,514,293,6102,931,621,rgb,0.4034,0.4-0.5,,121,1.851,False,0.417
nwpu_positive_333_003,nwpu_positive_333,train,5,tennis_court,579,132,728,194,9324,931,621,rgb,0.5048,0.5-0.6,,164,1.366,False,0.347
nwpu_positive_333_004,nwpu_positive_333,train,5,tennis_court,351,62,498,107,6731,931,621,rgb,0.6312,0.6-0.7,,162,1.383,False,0.256
nwpu_positive_334_000,nwpu_positive_334,train,5,tennis_court,187,209,261,311,7479,959,552,rgb,0.4928,0.4-0.5,,112,2.0,False,0.596
nwpu_positive_334_001,nwpu_positive_334,train,5,tennis_court,231,261,339,343,8809,959,552,rgb,0.4184,0.4-0.5,,119,1.882,False,0.622
nwpu_positive_335_000,nwpu_positive_335,train,4,baseball_diamond,665,26,758,121,8868,992,600,rgb,0.5803,0.5-0.6,,105,2.133,False,0.804
nwpu_positive_335_001,nwpu_positive_335,train,4,baseball_diamond,419,11,498,93,6489,992,600,rgb,0.682,0.6-0.7,,91,2.462,False,0.784
nwpu_positive_335_002,nwpu_positive_335,train,4,baseball_diamond,442,94,548,152,6168,992,600,rgb,0.6502,0.6-0.7,,116,1.931,False,0.458
nwpu_positive_335_003,nwpu_positive_335,train,4,baseball_diamond,374,437,464,553,10577,992,600,rgb,0.5389,0.5-0.6,,128,1.75,False,0.646
nwpu_positive_335_004,nwpu_positive_335,train,4,baseball_diamond,62,374,200,484,15229,992,600,rgb,0.4418,0.4-0.5,,152,1.474,False,0.659
nwpu_positive_335_005,nwpu_positive_335,train,5,tennis_court,156,219,218,274,3407,992,600,rgb,0.6447,0.6-0.7,,68,3.294,False,0.737
nwpu_positive_335_006,nwpu_positive_335,train,5,tennis_court,192,235,244,300,3375,992,600,rgb,0.6192,0.6-0.7,,71,3.155,False,0.67
nwpu_positive_335_007,nwpu_positive_335,train,5,tennis_court,241,248,291,302,2710,992,600,rgb,0.6553,0.6-0.7,,59,3.797,False,0.778
nwpu_positive_335_008,nwpu_positive_335,train,5,tennis_court,256,245,322,290,2972,992,600,rgb,0.5252,0.5-0.6,,73,3.068,False,0.558
nwpu_positive_335_009,nwpu_positive_335,train,5,tennis_court,266,172,326,225,3149,992,600,rgb,0.4832,0.4-0.5,,65,3.446,False,0.745
nwpu_positive_335_010,nwpu_positive_335,train,5,tennis_court,326,186,383,248,3536,992,600,rgb,0.5473,0.5-0.6,,68,3.294,False,0.765
nwpu_positive_336_000,nwpu_positive_336,train,5,tennis_court,889,462,954,538,4935,970,645,rgb,0.6118,0.6-0.7,,84,2.667,False,0.699
nwpu_positive_336_001,nwpu_positive_336,train,5,tennis_court,793,318,831,403,3177,970,645,rgb,0.5261,0.5-0.6,,93,2.409,False,0.367
nwpu_positive_336_002,nwpu_positive_336,train,5,tennis_court,883,332,945,401,4298,970,645,rgb,0.5966,0.5-0.6,,76,2.947,False,0.744
nwpu_positive_336_003,nwpu_positive_336,train,5,tennis_court,754,202,800,282,3722,970,645,rgb,0.4445,0.4-0.5,,88,2.545,False,0.481
nwpu_positive_336_004,nwpu_positive_336,train,5,tennis_court,837,245,894,291,2645,970,645,rgb,0.5865,0.5-0.6,,63,3.556,False,0.666
nwpu_positive_336_005,nwpu_positive_336,train,5,tennis_court,694,144,728,204,2031,970,645,rgb,0.4775,0.4-0.5,,66,3.394,False,0.466
nwpu_positive_336_006,nwpu_positive_336,train,5,tennis_court,729,156,765,200,1608,970,645,rgb,0.5646,0.5-0.6,,48,4.667,False,0.698
nwpu_positive_336_007,nwpu_positive_336,train,5,tennis_court,769,130,792,196,1565,970,645,rgb,0.5,0.4-0.5,,73,3.068,False,0.294
nwpu_positive_336_008,nwpu_positive_336,train,5,tennis_court,794,144,836,203,2432,970,645,rgb,0.4109,0.4-0.5,,65,3.446,False,0.576
nwpu_positive_336_009,nwpu_positive_336,train,5,tennis_court,844,142,884,209,2690,970,645,rgb,0.6921,0.6-0.7,,74,3.027,False,0.491
nwpu_positive_337_000,nwpu_positive_337,train,5,tennis_court,357,288,442,363,6395,832,580,rgb,0.4486,0.4-0.5,,94,2.383,False,0.724
nwpu_positive_337_001,nwpu_positive_337,train,5,tennis_court,393,307,491,365,5671,832,580,rgb,0.6614,0.6-0.7,,108,2.074,False,0.486
nwpu_positive_337_002,nwpu_positive_337,train,5,tennis_court,425,278,521,347,6543,832,580,rgb,0.655,0.6-0.7,,106,2.113,False,0.582
nwpu_positive_338_000,nwpu_positive_338,train,5,tennis_court,101,354,159,441,5113,846,506,rgb,0.6093,0.6-0.7,,96,2.333,False,0.555
nwpu_positive_338_001,nwpu_positive_338,train,5,tennis_court,101,337,208,388,5517,846,506,rgb,0.4342,0.4-0.5,,118,1.898,False,0.396
nwpu_positive_338_002,nwpu_positive_338,train,5,tennis_court,192,298,300,350,5631,846,506,rgb,0.4218,0.4-0.5,,119,1.882,False,0.398
nwpu_positive_338_003,nwpu_positive_338,train,5,tennis_court,302,234,372,288,3776,846,506,rgb,0.4615,0.4-0.5,,77,2.909,False,0.637
nwpu_positive_338_004,nwpu_positive_338,train,5,tennis_court,323,231,392,289,3964,846,506,rgb,0.6779,0.6-0.7,,76,2.947,False,0.686
nwpu_positive_338_005,nwpu_positive_338,train,5,tennis_court,359,182,438,245,5007,846,506,rgb,0.6219,0.6-0.7,,87,2.575,False,0.662
nwpu_positive_338_006,nwpu_positive_338,train,5,tennis_court,462,138,519,221,4733,846,506,rgb,0.5818,0.5-0.6,,91,2.462,False,0.572
nwpu_positive_338_007,nwpu_positive_338,train,5,tennis_court,498,117,592,186,6490,846,506,rgb,0.4781,0.4-0.5,,103,2.175,False,0.612
nwpu_positive_338_008,nwpu_positive_338,train,5,tennis_court,511,106,589,193,6765,846,506,rgb,0.615,0.6-0.7,,95,2.358,False,0.75
nwpu_positive_338_009,nwpu_positive_338,train,5,tennis_court,568,70,645,136,5000,846,506,rgb,0.4162,0.4-0.5,,84,2.667,False,0.709
nwpu_positive_338_010,nwpu_positive_338,train,5,tennis_court,613,54,673,110,3321,846,506,rgb,0.6369,0.6-0.7,,66,3.394,False,0.762
nwpu_positive_338_011,nwpu_positive_338,train,5,tennis_court,640,30,736,105,7143,846,506,rgb,0.5161,0.5-0.6,,105,2.133,False,0.648
nwpu_positive_339_000,nwpu_positive_339,train,5,tennis_court,633,149,701,198,3396,838,549,rgb,0.6855,0.6-0.7,,75,2.987,False,0.604
nwpu_positive_339_001,nwpu_positive_339,train,5,tennis_court,652,174,713,218,2695,838,549,rgb,0.6826,0.6-0.7,,67,3.343,False,0.6
nwpu_positive_339_002,nwpu_positive_339,train,5,tennis_court,674,195,738,250,3514,838,549,rgb,0.4901,0.4-0.5,,70,3.2,False,0.717
nwpu_positive_339_003,nwpu_positive_339,train,5,tennis_court,668,228,726,262,1921,838,549,rgb,0.5676,0.5-0.6,,63,3.556,False,0.484
nwpu_positive_339_004,nwpu_positive_339,train,5,tennis_court,675,237,746,298,4308,838,549,rgb,0.624,0.6-0.7,,78,2.872,False,0.708
nwpu_positive_339_005,nwpu_positive_339,train,5,tennis_court,694,261,793,309,4772,838,549,rgb,0.5717,0.5-0.6,,109,2.055,False,0.402
nwpu_positive_339_006,nwpu_positive_339,train,5,tennis_court,731,290,790,340,2914,838,549,rgb,0.664,0.6-0.7,,64,3.5,False,0.711
nwpu_positive_339_007,nwpu_positive_339,train,4,baseball_diamond,451,251,557,358,11386,838,549,rgb,0.6139,0.6-0.7,,118,1.898,False,0.818
nwpu_positive_339_008,nwpu_positive_339,train,4,baseball_diamond,143,223,235,272,4489,838,549,rgb,0.6493,0.6-0.7,,101,2.218,False,0.44
nwpu_positive_340_000,nwpu_positive_340,train,5,tennis_court,684,250,729,331,3622,858,507,rgb,0.5123,0.5-0.6,,90,2.489,False,0.447
nwpu_positive_340_001,nwpu_positive_340,train,5,tennis_court,741,224,789,300,3695,858,507,rgb,0.528,0.5-0.6,,84,2.667,False,0.524
nwpu_positive_340_002,nwpu_positive_340,train,4,baseball_diamond,148,424,215,493,4648,858,507,rgb,0.5784,0.5-0.6,,76,2.947,False,0.805
nwpu_positive_341_000,nwpu_positive_341,train,5,tennis_court,527,128,585,215,4976,852,604,rgb,0.6,0.5-0.6,,96,2.333,False,0.54
nwpu_positive_341_001,nwpu_positive_341,train,5,tennis_court,570,169,614,249,3577,852,604,rgb,0.4893,0.4-0.5,,88,2.545,False,0.462
nwpu_positive_341_002,nwpu_positive_341,train,5,tennis_court,620,161,663,239,3306,852,604,rgb,0.6309,0.6-0.7,,86,2.605,False,0.447
nwpu_positive_341_003,nwpu_positive_341,train,5,tennis_court,645,184,693,233,2373,852,604,rgb,0.611,0.6-0.7,,54,4.148,False,0.814
nwpu_positive_341_004,nwpu_positive_341,train,4,baseball_diamond,134,173,286,307,20437,852,604,rgb,0.5036,0.5-0.6,,167,1.341,False,0.733
nwpu_positive_341_005,nwpu_positive_341,train,4,baseball_diamond,399,122,464,218,6216,852,604,rgb,0.5628,0.5-0.6,,105,2.133,False,0.564
nwpu_positive_343_000,nwpu_positive_343,train,5,tennis_court,646,382,719,451,5024,938,628,rgb,0.5646,0.5-0.6,,80,2.8,False,0.785
nwpu_positive_343_001,nwpu_positive_343,train,5,tennis_court,713,359,795,450,7425,938,628,rgb,0.4011,0.4-0.5,,100,2.24,False,0.742
nwpu_positive_345_000,nwpu_positive_345,train,5,tennis_court,217,93,257,178,3437,948,580,rgb,0.6306,0.6-0.7,,94,2.383,False,0.389
nwpu_positive_345_001,nwpu_positive_345,train,5,tennis_court,259,74,322,142,4256,948,580,rgb,0.6349,0.6-0.7,,74,3.027,False,0.777
nwpu_positive_345_002,nwpu_positive_345,train,5,tennis_court,318,66,374,120,3015,948,580,rgb,0.4222,0.4-0.5,,61,3.672,False,0.81
nwpu_positive_345_003,nwpu_positive_345,train,5,tennis_court,396,83,447,169,4346,948,580,rgb,0.5008,0.5-0.6,,94,2.383,False,0.492
nwpu_positive_345_004,nwpu_positive_345,train,5,tennis_court,423,79,479,153,4090,948,580,rgb,0.5334,0.5-0.6,,81,2.765,False,0.623
nwpu_positive_345_005,nwpu_positive_345,train,5,tennis_court,518,125,577,185,3605,948,580,rgb,0.5468,0.5-0.6,,67,3.343,False,0.803
nwpu_positive_345_006,nwpu_positive_345,train,5,tennis_court,550,116,597,204,4087,948,580,rgb,0.6125,0.6-0.7,,96,2.333,False,0.443
nwpu_positive_345_007,nwpu_positive_345,train,5,tennis_court,182,189,223,290,4161,948,580,rgb,0.534,0.5-0.6,,111,2.018,False,0.338
nwpu_positive_345_008,nwpu_positive_345,train,5,tennis_court,221,195,295,288,6839,948,580,rgb,0.6085,0.6-0.7,,102,2.196,False,0.657
nwpu_positive_345_009,nwpu_positive_345,train,5,tennis_court,275,176,322,268,4416,948,580,rgb,0.6729,0.6-0.7,,101,2.218,False,0.433
nwpu_positive_345_010,nwpu_positive_345,train,5,tennis_court,361,234,420,287,3139,948,580,rgb,0.5307,0.5-0.6,,65,3.446,False,0.743
nwpu_positive_345_011,nwpu_positive_345,train,5,tennis_court,383,219,460,292,5571,948,580,rgb,0.6838,0.6-0.7,,85,2.635,False,0.771
nwpu_positive_345_012,nwpu_positive_345,train,5,tennis_court,483,246,569,313,5702,948,580,rgb,0.4965,0.4-0.5,,94,2.383,False,0.645
nwpu_positive_345_013,nwpu_positive_345,train,5,tennis_court,542,229,615,332,7526,948,580,rgb,0.4959,0.4-0.5,,113,1.982,False,0.589
nwpu_positive_345_014,nwpu_positive_345,train,5,tennis_court,552,245,620,315,4806,948,580,rgb,0.4072,0.4-0.5,,77,2.909,False,0.811
nwpu_positive_345_015,nwpu_positive_345,train,5,tennis_court,510,406,595,480,6325,948,580,rgb,0.6569,0.6-0.7,,93,2.409,False,0.731
nwpu_positive_345_016,nwpu_positive_345,train,5,tennis_court,571,356,666,464,10356,948,580,rgb,0.4961,0.4-0.5,,119,1.882,False,0.731
nwpu_positive_345_017,nwpu_positive_345,train,5,tennis_court,639,378,716,481,7896,948,580,rgb,0.5345,0.5-0.6,,113,1.982,False,0.618
nwpu_positive_346_000,nwpu_positive_346,val,5,tennis_court,395,211,487,290,7222,935,574,rgb,0.44,0.4-0.5,,101,2.218,False,0.708
nwpu_positive_346_001,nwpu_positive_346,val,5,tennis_court,465,147,527,288,8695,935,574,rgb,0.4529,0.4-0.5,,156,1.436,False,0.357
nwpu_positive_347_000,nwpu_positive_347,train,5,tennis_court,161,103,213,145,2198,1115,663,rgb,0.6078,0.6-0.7,,57,3.93,False,0.677
nwpu_positive_347_001,nwpu_positive_347,train,5,tennis_court,265,53,324,111,3420,1115,663,rgb,0.4341,0.4-0.5,,65,3.446,False,0.809
nwpu_positive_347_002,nwpu_positive_347,train,5,tennis_court,37,226,115,302,5914,1115,663,rgb,0.4604,0.4-0.5,,86,2.605,False,0.8
nwpu_positive_347_003,nwpu_positive_347,train,5,tennis_court,134,209,201,268,3922,1115,663,rgb,0.5034,0.5-0.6,,74,3.027,False,0.716
nwpu_positive_347_004,nwpu_positive_347,train,5,tennis_court,211,171,291,240,5519,1115,663,rgb,0.5278,0.5-0.6,,88,2.545,False,0.713
nwpu_positive_347_005,nwpu_positive_347,train,5,tennis_court,283,131,338,210,4343,1115,663,rgb,0.6995,0.6-0.7,,86,2.605,False,0.587
nwpu_positive_347_006,nwpu_positive_347,train,5,tennis_court,353,97,421,178,5527,1115,663,rgb,0.5181,0.5-0.6,,89,2.517,False,0.698
nwpu_positive_347_007,nwpu_positive_347,train,5,tennis_court,439,106,517,144,2916,1115,663,rgb,0.4581,0.4-0.5,,85,2.635,False,0.404
nwpu_positive_349_000,nwpu_positive_349,train,5,tennis_court,366,230,469,301,7352,976,584,rgb,0.5928,0.5-0.6,,113,1.982,False,0.576
nwpu_positive_349_001,nwpu_positive_349,train,5,tennis_court,407,190,483,253,4817,976,584,rgb,0.5962,0.5-0.6,,83,2.699,False,0.699
nwpu_positive_350_000,nwpu_positive_350,val,5,tennis_court,326,278,381,356,4259,829,540,rgb,0.5468,0.5-0.6,,85,2.635,False,0.589
nwpu_positive_350_001,nwpu_positive_350,val,5,tennis_court,355,264,438,348,6963,829,540,rgb,0.526,0.5-0.6,,92,2.435,False,0.823
nwpu_positive_350_002,nwpu_positive_350,val,5,tennis_court,396,264,477,358,7539,829,540,rgb,0.5756,0.5-0.6,,103,2.175,False,0.711
nwpu_positive_350_003,nwpu_positive_350,val,5,tennis_court,475,230,517,318,3738,829,540,rgb,0.4729,0.4-0.5,,97,2.309,False,0.397
nwpu_positive_350_004,nwpu_positive_350,val,6,basketball_court,312,193,449,264,9775,829,540,rgb,0.5018,0.5-0.6,,150,1.493,False,0.434
nwpu_positive_350_005,nwpu_positive_350,val,6,basketball_court,424,179,509,236,4851,829,540,rgb,0.4885,0.4-0.5,,94,2.383,False,0.549
nwpu_positive_351_000,nwpu_positive_351,train,5,tennis_court,368,231,445,330,7660,853,565,rgb,0.5393,0.5-0.6,,109,2.055,False,0.645
nwpu_positive_351_001,nwpu_positive_351,train,5,tennis_court,427,198,495,291,6374,853,565,rgb,0.4327,0.4-0.5,,102,2.196,False,0.613
nwpu_positive_352_000,nwpu_positive_352,train,5,tennis_court,343,70,378,109,1374,752,545,rgb,0.6506,0.6-0.7,,43,5.209,False,0.743
nwpu_positive_352_001,nwpu_positive_352,train,5,tennis_court,355,60,428,111,3678,752,545,rgb,0.5286,0.5-0.6,,80,2.8,False,0.575
nwpu_positive_352_002,nwpu_positive_352,train,4,baseball_diamond,88,180,149,248,4169,752,545,rgb,0.5325,0.5-0.6,,75,2.987,False,0.741
nwpu_positive_352_003,nwpu_positive_352,train,4,baseball_diamond,150,373,231,423,4034,752,545,rgb,0.6567,0.6-0.7,,89,2.517,False,0.509
nwpu_positive_353_000,nwpu_positive_353,train,5,tennis_court,375,339,479,437,10218,971,569,rgb,0.4095,0.4-0.5,,115,1.948,False,0.773
nwpu_positive_353_001,nwpu_positive_353,train,5,tennis_court,425,404,514,476,6404,971,569,rgb,0.6503,0.6-0.7,,98,2.286,False,0.667
nwpu_positive_353_002,nwpu_positive_353,train,5,tennis_court,482,414,546,485,4530,971,569,rgb,0.4227,0.4-0.5,,78,2.872,False,0.745
nwpu_positive_353_003,nwpu_positive_353,train,5,tennis_court,543,442,601,530,5204,971,569,rgb,0.6655,0.6-0.7,,97,2.309,False,0.553
nwpu_positive_355_000,nwpu_positive_355,train,5,tennis_court,78,175,133,240,3509,989,561,rgb,0.6281,0.6-0.7,,71,3.155,False,0.696
nwpu_positive_355_001,nwpu_positive_355,train,5,tennis_court,109,190,159,255,3302,989,561,rgb,0.4515,0.4-0.5,,72,3.111,False,0.637
nwpu_positive_355_002,nwpu_positive_355,train,5,tennis_court,163,191,238,262,5273,989,561,rgb,0.5639,0.5-0.6,,82,2.732,False,0.784
nwpu_positive_355_003,nwpu_positive_355,train,5,tennis_court,204,175,276,230,3998,989,561,rgb,0.4264,0.4-0.5,,79,2.835,False,0.641
nwpu_positive_355_004,nwpu_positive_355,train,5,tennis_court,261,192,329,277,5731,989,561,rgb,0.5591,0.5-0.6,,94,2.383,False,0.649
nwpu_positive_355_005,nwpu_positive_355,train,5,tennis_court,329,181,380,248,3453,989,561,rgb,0.574,0.5-0.6,,74,3.027,False,0.631
nwpu_positive_355_006,nwpu_positive_355,train,5,tennis_court,385,220,443,296,4445,989,561,rgb,0.4277,0.4-0.5,,83,2.699,False,0.645
nwpu_positive_355_007,nwpu_positive_355,train,5,tennis_court,444,202,479,269,2327,989,561,rgb,0.5978,0.5-0.6,,74,3.027,False,0.425
nwpu_positive_355_008,nwpu_positive_355,train,5,tennis_court,506,196,551,262,2947,989,561,rgb,0.4189,0.4-0.5,,73,3.068,False,0.553
nwpu_positive_355_009,nwpu_positive_355,train,5,tennis_court,556,217,597,289,2960,989,561,rgb,0.6373,0.6-0.7,,79,2.835,False,0.474
nwpu_positive_355_010,nwpu_positive_355,train,5,tennis_court,607,219,643,267,1729,989,561,rgb,0.5144,0.5-0.6,,53,4.226,False,0.615
nwpu_positive_355_011,nwpu_positive_355,train,5,tennis_court,653,236,698,319,3769,989,561,rgb,0.5909,0.5-0.6,,92,2.435,False,0.445
nwpu_positive_355_012,nwpu_positive_355,train,5,tennis_court,724,228,778,296,3679,989,561,rgb,0.4011,0.4-0.5,,75,2.987,False,0.654
nwpu_positive_355_013,nwpu_positive_355,train,5,tennis_court,592,331,644,449,6082,989,561,rgb,0.5644,0.5-0.6,,129,1.736,False,0.365
nwpu_positive_355_014,nwpu_positive_355,train,5,tennis_court,652,357,715,433,4717,989,561,rgb,0.6333,0.6-0.7,,84,2.667,False,0.669
nwpu_positive_355_015,nwpu_positive_355,train,5,tennis_court,700,351,766,444,6127,989,561,rgb,0.6508,0.6-0.7,,103,2.175,False,0.578
nwpu_positive_355_016,nwpu_positive_355,train,5,tennis_court,763,323,807,413,3919,989,561,rgb,0.455,0.4-0.5,,99,2.263,False,0.4
nwpu_positive_356_000,nwpu_positive_356,train,5,tennis_court,228,182,299,248,4671,948,579,rgb,0.5964,0.5-0.6,,78,2.872,False,0.768
nwpu_positive_356_001,nwpu_positive_356,train,5,tennis_court,297,152,339,232,3334,948,579,rgb,0.4635,0.4-0.5,,88,2.545,False,0.43
nwpu_positive_356_002,nwpu_positive_356,train,5,tennis_court,211,281,275,376,6096,948,579,rgb,0.5268,0.5-0.6,,104,2.154,False,0.564
nwpu_positive_356_003,nwpu_positive_356,train,5,tennis_court,237,317,310,377,4380,948,579,rgb,0.4817,0.4-0.5,,81,2.765,False,0.668
nwpu_positive_357_000,nwpu_positive_357,train,5,tennis_court,133,124,211,214,6976,864,613,rgb,0.6302,0.6-0.7,,99,2.263,False,0.712
nwpu_positive_357_001,nwpu_positive_357,train,5,tennis_court,168,100,256,149,4294,864,613,rgb,0.6608,0.6-0.7,,97,2.309,False,0.456
nwpu_positive_358_000,nwpu_positive_358,train,5,tennis_court,245,416,305,512,5760,977,653,rgb,0.6276,0.6-0.7,,106,2.113,False,0.513
nwpu_positive_358_001,nwpu_positive_358,train,5,tennis_court,297,397,351,507,5970,977,653,rgb,0.5425,0.5-0.6,,121,1.851,False,0.408
nwpu_positive_358_002,nwpu_positive_358,train,5,tennis_court,218,315,259,386,2931,977,653,rgb,0.6908,0.6-0.7,,78,2.872,False,0.482
nwpu_positive_358_003,nwpu_positive_358,train,5,tennis_court,283,324,318,387,2193,977,653,rgb,0.6118,0.6-0.7,,69,3.246,False,0.461
nwpu_positive_358_004,nwpu_positive_358,train,5,tennis_court,312,315,358,382,3065,977,653,rgb,0.655,0.6-0.7,,73,3.068,False,0.575
nwpu_positive_358_005,nwpu_positive_358,train,5,tennis_court,212,104,251,179,2885,977,653,rgb,0.5521,0.5-0.6,,83,2.699,False,0.419
nwpu_positive_358_006,nwpu_positive_358,train,5,tennis_court,268,102,308,186,3414,977,653,rgb,0.5445,0.5-0.6,,93,2.409,False,0.395
nwpu_positive_358_007,nwpu_positive_358,train,5,tennis_court,316,115,344,172,1614,977,653,rgb,0.5668,0.5-0.6,,62,3.613,False,0.42
nwpu_positive_358_008,nwpu_positive_358,train,5,tennis_court,343,104,381,159,2095,977,653,rgb,0.447,0.4-0.5,,61,3.672,False,0.563
nwpu_positive_358_009,nwpu_positive_358,train,5,tennis_court,402,82,448,158,3495,977,653,rgb,0.6142,0.6-0.7,,84,2.667,False,0.495
nwpu_positive_358_010,nwpu_positive_358,train,5,tennis_court,457,58,482,142,2094,977,653,rgb,0.5121,0.5-0.6,,93,2.409,False,0.242
nwpu_positive_358_011,nwpu_positive_358,train,9,bridge,780,50,935,222,26645,977,653,rgb,0.4582,0.4-0.5,,189,1.185,False,0.746
nwpu_positive_359_000,nwpu_positive_359,train,5,tennis_court,280,289,359,338,3910,923,561,rgb,0.5066,0.5-0.6,,87,2.575,False,0.517
nwpu_positive_359_001,nwpu_positive_359,train,5,tennis_court,378,252,454,331,6020,923,561,rgb,0.4843,0.4-0.5,,86,2.605,False,0.814
nwpu_positive_359_002,nwpu_positive_359,train,5,tennis_court,438,261,522,324,5294,923,561,rgb,0.6172,0.6-0.7,,92,2.435,False,0.626
nwpu_positive_359_003,nwpu_positive_359,train,5,tennis_court,476,217,559,318,8345,923,561,rgb,0.4049,0.4-0.5,,111,2.018,False,0.677
nwpu_positive_359_004,nwpu_positive_359,train,5,tennis_court,561,228,636,301,5448,923,561,rgb,0.6559,0.6-0.7,,82,2.732,False,0.81
nwpu_positive_359_005,nwpu_positive_359,train,5,tennis_court,321,384,369,485,4865,923,561,rgb,0.6041,0.6-0.7,,112,2.0,False,0.388
nwpu_positive_360_000,nwpu_positive_360,train,5,tennis_court,319,93,356,155,2280,891,605,rgb,0.6296,0.6-0.7,,68,3.294,False,0.493
nwpu_positive_360_001,nwpu_positive_360,train,5,tennis_court,353,74,424,154,5664,891,605,rgb,0.5031,0.5-0.6,,88,2.545,False,0.731
nwpu_positive_360_002,nwpu_positive_360,train,5,tennis_court,418,83,480,168,5246,891,605,rgb,0.6436,0.6-0.7,,93,2.409,False,0.607
nwpu_positive_360_003,nwpu_positive_360,train,5,tennis_court,370,193,419,276,4029,891,605,rgb,0.6321,0.6-0.7,,91,2.462,False,0.487
nwpu_positive_360_004,nwpu_positive_360,train,5,tennis_court,450,160,504,273,6136,891,605,rgb,0.5311,0.5-0.6,,125,1.792,False,0.393
nwpu_positive_360_005,nwpu_positive_360,train,5,tennis_court,517,185,567,247,3132,891,605,rgb,0.4228,0.4-0.5,,68,3.294,False,0.677
nwpu_positive_360_006,nwpu_positive_360,train,5,tennis_court,458,278,527,384,7318,891,605,rgb,0.4703,0.4-0.5,,116,1.931,False,0.544
nwpu_positive_360_007,nwpu_positive_360,train,5,tennis_court,534,305,571,399,3506,891,605,rgb,0.4985,0.4-0.5,,103,2.175,False,0.33
nwpu_positive_360_008,nwpu_positive_360,train,5,tennis_court,596,311,669,420,7996,891,605,rgb,0.6259,0.6-0.7,,119,1.882,False,0.565
nwpu_positive_361_000,nwpu_positive_361,train,5,tennis_court,308,158,409,204,4560,737,564,rgb,0.6216,0.6-0.7,,111,2.018,False,0.37
nwpu_positive_361_001,nwpu_positive_361,train,5,tennis_court,309,191,401,236,4188,737,564,rgb,0.4626,0.4-0.5,,101,2.218,False,0.411
nwpu_positive_361_002,nwpu_positive_361,train,6,basketball_court,417,187,463,265,3571,737,564,rgb,0.6227,0.6-0.7,,86,2.605,False,0.483
nwpu_positive_361_003,nwpu_positive_361,train,6,basketball_court,469,168,516,273,4980,737,564,rgb,0.5076,0.5-0.6,,116,1.931,False,0.37
nwpu_positive_361_004,nwpu_positive_361,train,4,baseball_diamond,199,225,340,390,23213,737,564,rgb,0.6729,0.6-0.7,,182,1.231,False,0.701
nwpu_positive_362_000,nwpu_positive_362,train,5,tennis_court,180,318,278,375,5645,861,599,rgb,0.5276,0.5-0.6,,108,2.074,False,0.484
nwpu_positive_362_001,nwpu_positive_362,train,5,tennis_court,268,374,338,413,2731,861,599,rgb,0.4187,0.4-0.5,,77,2.909,False,0.461
nwpu_positive_362_002,nwpu_positive_362,train,5,tennis_court,193,275,274,332,4666,861,599,rgb,0.5848,0.5-0.6,,89,2.517,False,0.589
nwpu_positive_362_003,nwpu_positive_362,train,5,tennis_court,279,335,358,400,5128,861,599,rgb,0.5469,0.5-0.6,,88,2.545,False,0.662
nwpu_positive_362_004,nwpu_positive_362,train,5,tennis_court,225,262,273,321,2830,861,599,rgb,0.6305,0.6-0.7,,65,3.446,False,0.67
nwpu_positive_362_005,nwpu_positive_362,train,5,tennis_court,277,330,371,369,3749,861,599,rgb,0.494,0.4-0.5,,104,2.154,False,0.347
nwpu_positive_362_006,nwpu_positive_362,train,5,tennis_court,244,242,310,309,4399,861,599,rgb,0.6347,0.6-0.7,,73,3.068,False,0.825
nwpu_positive_362_007,nwpu_positive_362,train,5,tennis_court,334,278,381,352,3479,861,599,rgb,0.5201,0.5-0.6,,82,2.732,False,0.517
nwpu_positive_362_008,nwpu_positive_362,train,4,baseball_diamond,386,349,523,498,20462,861,599,rgb,0.5193,0.5-0.6,,164,1.366,False,0.761
nwpu_positive_362_009,nwpu_positive_362,train,4,baseball_diamond,130,29,231,107,7879,861,599,rgb,0.4343,0.4-0.5,,111,2.018,False,0.639
nwpu_positive_362_010,nwpu_positive_362,train,6,basketball_court,234,106,291,201,5381,861,599,rgb,0.5133,0.5-0.6,,104,2.154,False,0.498
nwpu_positive_362_011,nwpu_positive_362,train,6,basketball_court,287,76,342,158,4529,861,599,rgb,0.5518,0.5-0.6,,90,2.489,False,0.559
nwpu_positive_364_000,nwpu_positive_364,train,5,tennis_court,490,567,551,652,5171,1135,661,rgb,0.5807,0.5-0.6,,94,2.383,False,0.585
nwpu_positive_364_001,nwpu_positive_364,train,5,tennis_court,470,464,539,517,3643,1135,661,rgb,0.6265,0.6-0.7,,76,2.947,False,0.631
nwpu_positive_364_002,nwpu_positive_364,train,5,tennis_court,664,512,707,550,1618,1135,661,rgb,0.5242,0.5-0.6,,47,4.766,False,0.733
nwpu_positive_364_003,nwpu_positive_364,train,5,tennis_court,642,178,676,214,1247,1135,661,rgb,0.4264,0.4-0.5,,40,5.6,False,0.779
nwpu_positive_364_004,nwpu_positive_364,train,5,tennis_court,652,217,722,249,2246,1135,661,rgb,0.5522,0.5-0.6,,77,2.909,False,0.379
nwpu_positive_364_005,nwpu_positive_364,train,5,tennis_court,624,231,667,288,2478,1135,661,rgb,0.4069,0.4-0.5,,63,3.556,False,0.624
nwpu_positive_364_006,nwpu_positive_364,train,5,tennis_court,653,281,695,337,2360,1135,661,rgb,0.6207,0.6-0.7,,61,3.672,False,0.634
nwpu_positive_364_007,nwpu_positive_364,train,5,tennis_court,661,328,731,377,3373,1135,661,rgb,0.6246,0.6-0.7,,77,2.909,False,0.569
nwpu_positive_364_008,nwpu_positive_364,train,5,tennis_court,578,304,627,342,1887,1135,661,rgb,0.5202,0.5-0.6,,55,4.073,False,0.624
nwpu_positive_364_009,nwpu_positive_364,train,5,tennis_court,600,333,682,370,3063,1135,661,rgb,0.6581,0.6-0.7,,90,2.489,False,0.378
nwpu_positive_364_010,nwpu_positive_364,train,5,tennis_court,629,364,693,415,3303,1135,661,rgb,0.6775,0.6-0.7,,70,3.2,False,0.674
nwpu_positive_364_011,nwpu_positive_364,train,5,tennis_court,646,410,694,453,2019,1135,661,rgb,0.4275,0.4-0.5,,52,4.308,False,0.747
nwpu_positive_364_012,nwpu_positive_364,train,5,tennis_court,516,369,591,425,4225,1135,661,rgb,0.4364,0.4-0.5,,83,2.699,False,0.613
nwpu_positive_364_013,nwpu_positive_364,train,5,tennis_court,563,411,619,469,3224,1135,661,rgb,0.6749,0.6-0.7,,63,3.556,False,0.812
nwpu_positive_364_014,nwpu_positive_364,train,5,tennis_court,586,476,642,526,2762,1135,661,rgb,0.6116,0.6-0.7,,61,3.672,False,0.742
nwpu_positive_365_000,nwpu_positive_365,train,5,tennis_court,109,317,174,453,8835,988,559,rgb,0.6504,0.6-0.7,,150,1.493,False,0.393
nwpu_positive_365_001,nwpu_positive_365,train,5,tennis_court,145,300,229,387,7275,988,559,rgb,0.484,0.4-0.5,,96,2.333,False,0.789
nwpu_positive_365_002,nwpu_positive_365,train,5,tennis_court,282,274,336,419,7950,988,559,rgb,0.4968,0.4-0.5,,159,1.409,False,0.314
nwpu_positive_365_003,nwpu_positive_365,train,5,tennis_court,329,321,409,399,6178,988,559,rgb,0.6404,0.6-0.7,,88,2.545,False,0.798
nwpu_positive_365_004,nwpu_positive_365,train,5,tennis_court,428,288,492,423,8704,988,559,rgb,0.6945,0.6-0.7,,148,1.514,False,0.397
nwpu_positive_365_005,nwpu_positive_365,train,5,tennis_court,497,289,576,379,7166,988,559,rgb,0.6539,0.6-0.7,,99,2.263,False,0.731
nwpu_positive_365_006,nwpu_positive_365,train,5,tennis_court,594,286,657,359,4710,988,559,rgb,0.6458,0.6-0.7,,81,2.765,False,0.718
nwpu_positive_365_007,nwpu_positive_365,train,5,tennis_court,678,274,736,385,6471,988,559,rgb,0.6742,0.6-0.7,,122,1.836,False,0.435
nwpu_positive_365_008,nwpu_positive_365,train,5,tennis_court,718,289,783,399,7137,988,559,rgb,0.4651,0.4-0.5,,121,1.851,False,0.487
nwpu_positive_365_009,nwpu_positive_365,train,5,tennis_court,816,298,877,368,4301,988,559,rgb,0.4373,0.4-0.5,,77,2.909,False,0.725
nwpu_positive_366_000,nwpu_positive_366,train,5,tennis_court,180,227,231,278,2581,848,573,rgb,0.6889,0.6-0.7,,56,4.0,False,0.823
nwpu_positive_366_001,nwpu_positive_366,train,5,tennis_court,224,193,271,277,3944,848,573,rgb,0.5047,0.5-0.6,,92,2.435,False,0.466
nwpu_positive_366_002,nwpu_positive_366,train,5,tennis_court,265,228,306,274,1876,848,573,rgb,0.4869,0.4-0.5,,51,4.392,False,0.721
nwpu_positive_366_003,nwpu_positive_366,train,5,tennis_court,309,232,378,290,4035,848,573,rgb,0.4122,0.4-0.5,,76,2.947,False,0.699
nwpu_positive_366_004,nwpu_positive_366,train,5,tennis_court,360,204,401,269,2613,848,573,rgb,0.6129,0.6-0.7,,71,3.155,False,0.518
nwpu_positive_366_005,nwpu_positive_366,train,5,tennis_court,401,176,459,264,5138,848,573,rgb,0.6033,0.6-0.7,,98,2.286,False,0.535
nwpu_positive_366_006,nwpu_positive_366,train,5,tennis_court,438,192,491,259,3469,848,573,rgb,0.5331,0.5-0.6,,73,3.068,False,0.651
nwpu_positive_366_007,nwpu_positive_366,train,5,tennis_court,489,170,563,236,4872,848,573,rgb,0.5799,0.5-0.6,,80,2.8,False,0.761
nwpu_positive_366_008,nwpu_positive_366,train,5,tennis_court,522,150,586,219,4375,848,573,rgb,0.6607,0.6-0.7,,75,2.987,False,0.778
nwpu_positive_368_000,nwpu_positive_368,train,5,tennis_court,58,188,176,240,6021,839,576,rgb,0.6879,0.6-0.7,,130,1.723,False,0.356
nwpu_positive_368_001,nwpu_positive_368,train,5,tennis_court,87,248,206,289,4856,839,576,rgb,0.5078,0.5-0.6,,131,1.71,False,0.283
nwpu_positive_368_002,nwpu_positive_368,train,5,tennis_court,72,299,177,336,3830,839,576,rgb,0.6797,0.6-0.7,,115,1.948,False,0.29
nwpu_positive_368_003,nwpu_positive_368,train,5,tennis_court,82,339,192,377,4175,839,576,rgb,0.6087,0.6-0.7,,121,1.851,False,0.285
nwpu_positive_369_000,nwpu_positive_369,train,10,vehicle,873,235,910,278,1602,973,649,rgb,0.511,0.5-0.6,,48,4.667,False,0.695
nwpu_positive_369_001,nwpu_positive_369,train,10,vehicle,814,257,864,302,2291,973,649,rgb,0.4023,0.4-0.5,,55,4.073,False,0.757
nwpu_positive_369_002,nwpu_positive_369,train,10,vehicle,699,317,767,383,4442,973,649,rgb,0.52,0.5-0.6,,75,2.987,False,0.79
nwpu_positive_371_000,nwpu_positive_371,train,10,vehicle,12,35,65,130,5017,1005,695,rgb,0.6361,0.6-0.7,,104,2.154,False,0.464
nwpu_positive_371_001,nwpu_positive_371,train,10,vehicle,724,130,766,212,3418,1005,695,rgb,0.643,0.6-0.7,,90,2.489,False,0.422
nwpu_positive_371_002,nwpu_positive_371,train,10,vehicle,840,498,915,534,2704,1005,695,rgb,0.4145,0.4-0.5,,83,2.699,False,0.393
nwpu_positive_373_000,nwpu_positive_373,train,10,vehicle,557,34,613,80,2550,939,715,rgb,0.4575,0.4-0.5,,61,3.672,False,0.685
nwpu_positive_373_001,nwpu_positive_373,train,10,vehicle,402,608,445,678,3023,939,715,rgb,0.4891,0.4-0.5,,77,2.909,False,0.51
nwpu_positive_374_000,nwpu_positive_374,val,10,vehicle,87,241,156,282,2819,973,702,rgb,0.4511,0.4-0.5,,76,2.947,False,0.488
nwpu_positive_374_001,nwpu_positive_374,val,10,vehicle,808,366,888,445,6308,973,702,rgb,0.4393,0.4-0.5,,88,2.545,False,0.815
nwpu_positive_375_000,nwpu_positive_375,val,10,vehicle,202,79,241,135,2175,904,709,rgb,0.5177,0.5-0.6,,62,3.613,False,0.566
nwpu_positive_375_001,nwpu_positive_375,val,10,vehicle,104,555,207,638,8501,904,709,rgb,0.6926,0.6-0.7,,113,1.982,False,0.666
nwpu_positive_376_000,nwpu_positive_376,train,10,vehicle,143,349,201,411,3526,886,667,rgb,0.6646,0.6-0.7,,68,3.294,False,0.762
nwpu_positive_376_001,nwpu_positive_376,train,10,vehicle,285,207,369,269,5255,886,667,rgb,0.4145,0.4-0.5,,93,2.409,False,0.608
nwpu_positive_377_000,nwpu_positive_377,val,10,vehicle,158,179,212,239,3252,863,571,rgb,0.5427,0.5-0.6,,66,3.394,False,0.747
nwpu_positive_377_001,nwpu_positive_377,val,10,vehicle,508,99,589,166,5373,863,571,rgb,0.5529,0.5-0.6,,89,2.517,False,0.678
nwpu_positive_377_002,nwpu_positive_377,val,10,vehicle,615,111,693,172,4712,863,571,rgb,0.6586,0.6-0.7,,86,2.605,False,0.637
nwpu_positive_378_000,nwpu_positive_378,train,10,vehicle,400,573,463,621,2988,970,715,rgb,0.5425,0.5-0.6,,69,3.246,False,0.628
nwpu_positive_378_001,nwpu_positive_378,train,10,vehicle,480,671,560,715,3515,970,715,rgb,0.4023,0.4-0.5,,88,2.545,False,0.454
nwpu_positive_379_000,nwpu_positive_379,train,10,vehicle,380,139,437,207,3890,709,358,rgb,0.4672,0.4-0.5,,75,2.987,False,0.692
nwpu_positive_379_001,nwpu_positive_379,train,10,vehicle,442,264,472,308,1319,709,358,rgb,0.4549,0.4-0.5,,48,4.667,False,0.573
nwpu_positive_379_002,nwpu_positive_379,train,10,vehicle,282,190,349,228,2545,709,358,rgb,0.5762,0.5-0.6,,74,3.027,False,0.465
nwpu_positive_380_000,nwpu_positive_380,val,10,vehicle,93,94,128,157,2182,700,387,rgb,0.5929,0.5-0.6,,70,3.2,False,0.445
nwpu_positive_380_001,nwpu_positive_380,val,10,vehicle,378,195,436,262,3893,700,387,rgb,0.4071,0.4-0.5,,74,3.027,False,0.711
nwpu_positive_381_000,nwpu_positive_381,train,10,vehicle,841,422,930,480,5208,953,723,rgb,0.6155,0.6-0.7,,99,2.263,False,0.531
nwpu_positive_381_001,nwpu_positive_381,train,10,vehicle,146,104,213,158,3619,953,723,rgb,0.5382,0.5-0.6,,74,3.027,False,0.661
nwpu_positive_382_000,nwpu_positive_382,train,10,vehicle,831,457,877,513,2616,1002,669,rgb,0.6427,0.6-0.7,,62,3.613,False,0.681
nwpu_positive_382_001,nwpu_positive_382,train,10,vehicle,746,556,831,582,2276,1002,669,rgb,0.5968,0.5-0.6,,94,2.383,False,0.258
nwpu_positive_383_000,nwpu_positive_383,train,10,vehicle,489,284,526,360,2813,955,672,rgb,0.6621,0.6-0.7,,84,2.667,False,0.399
nwpu_positive_383_001,nwpu_positive_383,train,10,vehicle,431,567,487,619,2899,955,672,rgb,0.6639,0.6-0.7,,61,3.672,False,0.779
nwpu_positive_384_000,nwpu_positive_384,train,10,vehicle,329,47,364,89,1484,978,720,rgb,0.4793,0.4-0.5,,46,4.87,False,0.701
nwpu_positive_384_001,nwpu_positive_384,train,10,vehicle,334,660,396,693,1995,978,720,rgb,0.4282,0.4-0.5,,68,3.294,False,0.431
nwpu_positive_385_000,nwpu_positive_385,train,10,vehicle,106,488,157,518,1514,756,691,rgb,0.5461,0.5-0.6,,56,4.0,False,0.483
nwpu_positive_385_001,nwpu_positive_385,train,10,vehicle,28,545,109,605,4851,756,691,rgb,0.4043,0.4-0.5,,89,2.517,False,0.612
nwpu_positive_385_002,nwpu_positive_385,train,10,vehicle,116,496,180,554,3778,756,691,rgb,0.5805,0.5-0.6,,70,3.2,False,0.771
nwpu_positive_386_000,nwpu_positive_386,train,10,vehicle,809,388,878,420,2192,926,678,rgb,0.4208,0.4-0.5,,76,2.947,False,0.379
nwpu_positive_386_001,nwpu_positive_386,train,10,vehicle,485,619,569,664,3765,926,678,rgb,0.4059,0.4-0.5,,92,2.435,False,0.445
nwpu_positive_387_000,nwpu_positive_387,val,10,vehicle,72,123,117,149,1165,744,446,rgb,0.5118,0.5-0.6,,49,4.571,False,0.485
nwpu_positive_387_001,nwpu_positive_387,val,10,vehicle,110,167,135,208,1018,744,446,rgb,0.6109,0.6-0.7,,45,4.978,False,0.503
nwpu_positive_387_002,nwpu_positive_387,val,10,vehicle,264,130,306,159,1236,744,446,rgb,0.4613,0.4-0.5,,46,4.87,False,0.584
nwpu_positive_387_003,nwpu_positive_387,val,10,vehicle,561,39,619,66,1571,744,446,rgb,0.5178,0.5-0.6,,63,3.556,False,0.396
nwpu_positive_387_004,nwpu_positive_387,val,10,vehicle,623,30,699,73,3261,744,446,rgb,0.6292,0.6-0.7,,84,2.667,False,0.462
nwpu_positive_389_000,nwpu_positive_389,train,10,vehicle,396,377,454,427,2884,831,652,rgb,0.5653,0.5-0.6,,64,3.5,False,0.704
nwpu_positive_389_001,nwpu_positive_389,train,10,vehicle,246,412,296,464,2612,831,652,rgb,0.5427,0.5-0.6,,57,3.93,False,0.804
nwpu_positive_389_002,nwpu_positive_389,train,10,vehicle,121,479,190,505,1794,831,652,rgb,0.4286,0.4-0.5,,75,2.987,False,0.319
nwpu_positive_389_003,nwpu_positive_389,train,10,vehicle,741,209,831,243,3099,831,652,rgb,0.5616,0.5-0.6,,99,2.263,False,0.316
nwpu_positive_390_000,nwpu_positive_390,val,10,vehicle,637,347,693,406,3269,864,704,rgb,0.6969,0.6-0.7,,64,3.5,False,0.798
nwpu_positive_390_001,nwpu_positive_390,val,10,vehicle,498,371,539,459,3624,864,704,rgb,0.6738,0.6-0.7,,97,2.309,False,0.385
nwpu_positive_390_002,nwpu_positive_390,val,10,vehicle,516,475,566,562,4350,864,704,rgb,0.594,0.5-0.6,,96,2.333,False,0.472
nwpu_positive_390_003,nwpu_positive_390,val,10,vehicle,572,476,600,566,2528,864,704,rgb,0.5296,0.5-0.6,,99,2.263,False,0.258
nwpu_positive_390_004,nwpu_positive_390,val,10,vehicle,513,539,553,626,3528,864,704,rgb,0.4257,0.4-0.5,,97,2.309,False,0.375
nwpu_positive_391_000,nwpu_positive_391,train,10,vehicle,325,76,381,145,3873,970,637,rgb,0.5254,0.5-0.6,,77,2.909,False,0.653
nwpu_positive_391_001,nwpu_positive_391,train,10,vehicle,420,319,483,383,4023,970,637,rgb,0.6224,0.6-0.7,,70,3.2,False,0.821
nwpu_positive_391_002,nwpu_positive_391,train,10,vehicle,510,524,558,608,4045,970,637,rgb,0.4317,0.4-0.5,,93,2.409,False,0.468
nwpu_positive_391_003,nwpu_positive_391,train,10,vehicle,906,54,970,99,2899,970,637,rgb,0.6461,0.6-0.7,,70,3.2,False,0.592
nwpu_positive_392_000,nwpu_positive_392,train,10,vehicle,566,25,642,66,3118,975,700,rgb,0.5849,0.5-0.6,,84,2.667,False,0.442
nwpu_positive_392_001,nwpu_positive_392,train,10,vehicle,495,45,570,75,2264,975,700,rgb,0.6318,0.6-0.7,,82,2.732,False,0.337
nwpu_positive_392_002,nwpu_positive_392,train,10,vehicle,436,281,494,361,4612,975,700,rgb,0.4412,0.4-0.5,,87,2.575,False,0.609
nwpu_positive_392_003,nwpu_positive_392,train,10,vehicle,481,456,529,550,4448,975,700,rgb,0.5861,0.5-0.6,,104,2.154,False,0.411
nwpu_positive_392_004,nwpu_positive_392,train,10,vehicle,528,170,610,199,2379,975,700,rgb,0.4034,0.4-0.5,,91,2.462,False,0.287
nwpu_positive_394_000,nwpu_positive_394,train,10,vehicle,74,354,137,416,3959,855,681,rgb,0.6314,0.6-0.7,,69,3.246,False,0.832
nwpu_positive_394_001,nwpu_positive_394,train,10,vehicle,48,429,128,457,2218,855,681,rgb,0.4728,0.4-0.5,,88,2.545,False,0.286
nwpu_positive_394_002,nwpu_positive_394,train,10,vehicle,309,361,385,404,3224,855,681,rgb,0.4317,0.4-0.5,,84,2.667,False,0.457
nwpu_positive_394_003,nwpu_positive_394,train,10,vehicle,818,270,852,357,2933,855,681,rgb,0.5884,0.5-0.6,,97,2.309,False,0.312
nwpu_positive_395_000,nwpu_positive_395,train,10,vehicle,480,270,518,335,2439,868,713,rgb,0.6018,0.6-0.7,,72,3.111,False,0.47
nwpu_positive_395_001,nwpu_positive_395,train,10,vehicle,544,488,594,584,4743,868,713,rgb,0.6036,0.6-0.7,,105,2.133,False,0.43
nwpu_positive_395_002,nwpu_positive_395,train,10,vehicle,563,580,621,631,2997,868,713,rgb,0.517,0.5-0.6,,64,3.5,False,0.732
nwpu_positive_395_003,nwpu_positive_395,train,10,vehicle,591,644,621,698,1663,868,713,rgb,0.4968,0.4-0.5,,60,3.733,False,0.462
nwpu_positive_396_000,nwpu_positive_396,train,10,vehicle,422,521,471,563,2015,954,608,rgb,0.5758,0.5-0.6,,53,4.226,False,0.717
nwpu_positive_396_001,nwpu_positive_396,train,10,vehicle,526,441,612,496,4707,954,608,rgb,0.5191,0.5-0.6,,94,2.383,False,0.533
nwpu_positive_396_002,nwpu_positive_396,train,10,vehicle,579,472,663,519,3944,954,608,rgb,0.439,0.4-0.5,,92,2.435,False,0.466
nwpu_positive_396_003,nwpu_positive_396,train,10,vehicle,597,495,655,549,3162,954,608,rgb,0.6812,0.6-0.7,,64,3.5,False,0.772
nwpu_positive_396_004,nwpu_positive_396,train,10,vehicle,417,562,530,608,5178,954,608,rgb,0.4601,0.4-0.5,,124,1.806,False,0.337
nwpu_positive_397_000,nwpu_positive_397,train,10,vehicle,3,79,45,139,2470,975,623,rgb,0.4757,0.4-0.5,,66,3.394,False,0.567
nwpu_positive_397_001,nwpu_positive_397,train,10,vehicle,29,127,77,193,3167,975,623,rgb,0.5139,0.5-0.6,,72,3.111,False,0.611
nwpu_positive_397_002,nwpu_positive_397,train,10,vehicle,118,142,154,226,3011,975,623,rgb,0.6619,0.6-0.7,,92,2.435,False,0.356
nwpu_positive_397_003,nwpu_positive_397,train,10,vehicle,221,142,260,191,1902,975,623,rgb,0.4156,0.4-0.5,,54,4.148,False,0.652
nwpu_positive_397_004,nwpu_positive_397,train,10,vehicle,181,244,262,302,4714,975,623,rgb,0.4283,0.4-0.5,,89,2.517,False,0.595
nwpu_positive_397_005,nwpu_positive_397,train,10,vehicle,516,501,555,549,1839,975,623,rgb,0.427,0.4-0.5,,53,4.226,False,0.655
nwpu_positive_398_000,nwpu_positive_398,train,10,vehicle,493,48,548,70,1231,595,623,rgb,0.5528,0.5-0.6,,60,3.733,False,0.342
nwpu_positive_398_001,nwpu_positive_398,train,10,vehicle,520,141,577,176,1983,595,623,rgb,0.5149,0.5-0.6,,63,3.556,False,0.5
nwpu_positive_398_002,nwpu_positive_398,train,10,vehicle,520,176,564,212,1529,595,623,rgb,0.6306,0.6-0.7,,48,4.667,False,0.664
nwpu_positive_398_003,nwpu_positive_398,train,10,vehicle,432,246,454,287,893,595,623,rgb,0.5151,0.5-0.6,,45,4.978,False,0.441
nwpu_positive_398_004,nwpu_positive_398,train,10,vehicle,439,327,462,366,912,595,623,rgb,0.5278,0.5-0.6,,43,5.209,False,0.493
nwpu_positive_398_005,nwpu_positive_398,train,10,vehicle,454,399,500,450,2312,595,623,rgb,0.5477,0.5-0.6,,56,4.0,False,0.737
nwpu_positive_398_006,nwpu_positive_398,train,10,vehicle,382,191,446,224,2137,595,623,rgb,0.4816,0.4-0.5,,71,3.155,False,0.424
nwpu_positive_398_007,nwpu_positive_398,train,10,vehicle,254,247,329,273,1941,595,623,rgb,0.6431,0.6-0.7,,82,2.732,False,0.289
nwpu_positive_398_008,nwpu_positive_398,train,10,vehicle,99,255,159,309,3184,595,623,rgb,0.4043,0.4-0.5,,65,3.446,False,0.754
nwpu_positive_399_000,nwpu_positive_399,train,10,vehicle,2,378,81,406,2217,902,611,rgb,0.5636,0.5-0.6,,86,2.605,False,0.3
nwpu_positive_399_001,nwpu_positive_399,train,10,vehicle,142,178,219,219,3147,902,611,rgb,0.5957,0.5-0.6,,85,2.635,False,0.436
nwpu_positive_399_002,nwpu_positive_399,train,10,vehicle,380,103,452,152,3521,902,611,rgb,0.6753,0.6-0.7,,79,2.835,False,0.564
nwpu_positive_399_003,nwpu_positive_399,train,10,vehicle,494,135,542,174,1872,902,611,rgb,0.6691,0.6-0.7,,53,4.226,False,0.666
nwpu_positive_399_004,nwpu_positive_399,train,10,vehicle,472,171,511,222,1997,902,611,rgb,0.5275,0.5-0.6,,56,4.0,False,0.637
nwpu_positive_399_005,nwpu_positive_399,train,10,vehicle,557,45,601,96,2296,902,611,rgb,0.4941,0.4-0.5,,56,4.0,False,0.732
nwpu_positive_399_006,nwpu_positive_399,train,10,vehicle,271,160,363,178,1654,902,611,rgb,0.5178,0.5-0.6,,100,2.24,False,0.165
nwpu_positive_399_007,nwpu_positive_399,train,10,vehicle,552,209,598,245,1666,902,611,rgb,0.6132,0.6-0.7,,50,4.48,False,0.666
nwpu_positive_400_000,nwpu_positive_400,val,10,vehicle,65,47,123,105,3388,856,721,rgb,0.6152,0.6-0.7,,64,3.5,False,0.827
nwpu_positive_400_001,nwpu_positive_400,val,10,vehicle,45,518,81,582,2358,856,721,rgb,0.5188,0.5-0.6,,70,3.2,False,0.481
nwpu_positive_400_002,nwpu_positive_400,val,10,vehicle,120,567,178,638,4074,856,721,rgb,0.5001,0.5-0.6,,78,2.872,False,0.67
nwpu_positive_401_000,nwpu_positive_401,val,10,vehicle,336,139,399,197,3597,888,682,rgb,0.6846,0.6-0.7,,69,3.246,False,0.756
nwpu_positive_401_001,nwpu_positive_401,val,10,vehicle,153,266,211,311,2601,888,682,rgb,0.6864,0.6-0.7,,64,3.5,False,0.635
nwpu_positive_402_000,nwpu_positive_402,train,10,vehicle,818,434,842,486,1288,973,629,rgb,0.5416,0.5-0.6,,57,3.93,False,0.396
nwpu_positive_402_001,nwpu_positive_402,train,10,vehicle,704,532,751,613,3831,973,629,rgb,0.4451,0.4-0.5,,89,2.517,False,0.484
nwpu_positive_403_000,nwpu_positive_403,train,10,vehicle,47,151,153,197,4915,794,663,rgb,0.4021,0.4-0.5,,116,1.931,False,0.365
nwpu_positive_403_001,nwpu_positive_403,train,10,vehicle,141,160,222,190,2432,794,663,rgb,0.55,0.5-0.6,,90,2.489,False,0.3
nwpu_positive_403_002,nwpu_positive_403,train,10,vehicle,478,191,585,230,4166,794,663,rgb,0.5453,0.5-0.6,,118,1.898,False,0.299
nwpu_positive_403_003,nwpu_positive_403,train,10,vehicle,660,301,759,349,4668,794,663,rgb,0.4429,0.4-0.5,,109,2.055,False,0.393
nwpu_positive_404_000,nwpu_positive_404,train,10,vehicle,255,28,306,105,3929,804,596,rgb,0.4003,0.4-0.5,,85,2.635,False,0.544
nwpu_positive_404_001,nwpu_positive_404,train,10,vehicle,124,257,194,342,5936,804,596,rgb,0.48,0.4-0.5,,94,2.383,False,0.672
nwpu_positive_405_000,nwpu_positive_405,train,10,vehicle,380,118,469,195,6832,872,622,rgb,0.4636,0.4-0.5,,99,2.263,False,0.697
nwpu_positive_405_001,nwpu_positive_405,train,10,vehicle,128,111,202,167,4179,872,622,rgb,0.6352,0.6-0.7,,82,2.732,False,0.622
nwpu_positive_406_000,nwpu_positive_406,train,10,vehicle,292,55,357,105,3235,888,699,rgb,0.506,0.5-0.6,,72,3.111,False,0.624
nwpu_positive_406_001,nwpu_positive_406,train,10,vehicle,213,169,276,221,3337,888,699,rgb,0.6369,0.6-0.7,,70,3.2,False,0.681
nwpu_positive_406_002,nwpu_positive_406,train,10,vehicle,484,527,559,580,3995,888,699,rgb,0.4374,0.4-0.5,,83,2.699,False,0.58
nwpu_positive_408_000,nwpu_positive_408,val,10,vehicle,406,139,443,183,1638,974,657,rgb,0.6473,0.6-0.7,,48,4.667,False,0.711
nwpu_positive_408_001,nwpu_positive_408,val,10,vehicle,440,127,481,210,3393,974,657,rgb,0.5897,0.5-0.6,,92,2.435,False,0.401
nwpu_positive_409_000,nwpu_positive_409,train,10,vehicle,524,73,584,125,3107,612,732,rgb,0.5504,0.5-0.6,,66,3.394,False,0.713
nwpu_positive_409_001,nwpu_positive_409,train,10,vehicle,448,165,520,225,4355,612,732,rgb,0.4433,0.4-0.5,,79,2.835,False,0.698
nwpu_positive_409_002,nwpu_positive_409,train,10,vehicle,474,249,535,285,2161,612,732,rgb,0.4697,0.4-0.5,,66,3.394,False,0.496
nwpu_positive_409_003,nwpu_positive_409,train,10,vehicle,518,265,577,292,1617,612,732,rgb,0.4131,0.4-0.5,,65,3.446,False,0.383
nwpu_positive_409_004,nwpu_positive_409,train,10,vehicle,415,279,482,321,2802,612,732,rgb,0.5626,0.5-0.6,,73,3.068,False,0.526
nwpu_positive_409_005,nwpu_positive_409,train,10,vehicle,312,277,379,327,3350,612,732,rgb,0.6867,0.6-0.7,,73,3.068,False,0.629
nwpu_positive_409_006,nwpu_positive_409,train,10,vehicle,294,333,356,378,2818,612,732,rgb,0.6789,0.6-0.7,,69,3.246,False,0.592
nwpu_positive_409_007,nwpu_positive_409,train,10,vehicle,186,364,243,388,1336,612,732,rgb,0.5394,0.5-0.6,,62,3.613,False,0.348
nwpu_positive_409_008,nwpu_positive_409,train,10,vehicle,195,246,256,280,2069,612,732,rgb,0.5218,0.5-0.6,,67,3.343,False,0.461
nwpu_positive_409_009,nwpu_positive_409,train,10,vehicle,205,139,247,173,1399,612,732,rgb,0.5388,0.5-0.6,,46,4.87,False,0.661
nwpu_positive_410_000,nwpu_positive_410,train,10,vehicle,331,367,387,450,4665,949,617,rgb,0.4106,0.4-0.5,,91,2.462,False,0.563
nwpu_positive_410_001,nwpu_positive_410,train,10,vehicle,507,553,596,613,5376,949,617,rgb,0.4704,0.4-0.5,,98,2.286,False,0.56
nwpu_positive_411_000,nwpu_positive_411,train,10,vehicle,12,188,68,243,3112,877,660,rgb,0.4771,0.4-0.5,,62,3.613,False,0.81
nwpu_positive_411_001,nwpu_positive_411,train,10,vehicle,61,272,144,341,5774,877,660,rgb,0.4545,0.4-0.5,,92,2.435,False,0.682
nwpu_positive_411_002,nwpu_positive_411,train,10,vehicle,485,547,576,660,10237,877,660,rgb,0.5384,0.5-0.6,,124,1.806,False,0.666
nwpu_positive_412_000,nwpu_positive_412,train,10,vehicle,301,129,349,227,4740,976,666,rgb,0.4317,0.4-0.5,,109,2.055,False,0.399
nwpu_positive_412_001,nwpu_positive_412,train,10,vehicle,396,348,435,410,2434,976,666,rgb,0.5475,0.5-0.6,,68,3.294,False,0.526
nwpu_positive_412_002,nwpu_positive_412,train,10,vehicle,384,519,441,585,3807,976,666,rgb,0.5767,0.5-0.6,,73,3.068,False,0.714
nwpu_positive_414_000,nwpu_positive_414,val,10,vehicle,0,49,39,106,2258,618,529,rgb,0.5384,0.5-0.6,,63,3.556,False,0.569
nwpu_positive_414_001,nwpu_positive_414,val,10,vehicle,27,65,63,114,1728,618,529,rgb,0.491,0.4-0.5,,53,4.226,False,0.615
nwpu_positive_414_002,nwpu_positive_414,val,10,vehicle,52,52,82,94,1275,618,529,rgb,0.6139,0.6-0.7,,46,4.87,False,0.603
nwpu_positive_414_003,nwpu_positive_414,val,10,vehicle,81,28,110,92,1917,618,529,rgb,0.631,0.6-0.7,,71,3.155,False,0.38
nwpu_positive_414_004,nwpu_positive_414,val,10,vehicle,105,18,131,76,1532,618,529,rgb,0.6631,0.6-0.7,,64,3.5,False,0.374
nwpu_positive_414_005,nwpu_positive_414,val,10,vehicle,79,212,140,254,2585,618,529,rgb,0.4904,0.4-0.5,,67,3.343,False,0.576
nwpu_positive_414_006,nwpu_positive_414,val,10,vehicle,157,228,228,257,2001,618,529,rgb,0.6993,0.6-0.7,,77,2.909,False,0.337
nwpu_positive_414_007,nwpu_positive_414,val,10,vehicle,369,154,440,180,1882,618,529,rgb,0.6249,0.6-0.7,,78,2.872,False,0.309
nwpu_positive_415_000,nwpu_positive_415,train,10,vehicle,752,70,822,114,3125,949,676,rgb,0.4104,0.4-0.5,,77,2.909,False,0.527
nwpu_positive_415_001,nwpu_positive_415,train,10,vehicle,492,236,537,281,2060,949,676,rgb,0.5713,0.5-0.6,,50,4.48,False,0.824
nwpu_positive_415_002,nwpu_positive_415,train,10,vehicle,315,229,390,289,4444,949,676,rgb,0.5759,0.5-0.6,,82,2.732,False,0.661
nwpu_positive_415_003,nwpu_positive_415,train,10,vehicle,392,162,478,208,3989,949,676,rgb,0.6011,0.6-0.7,,94,2.383,False,0.451
nwpu_positive_415_004,nwpu_positive_415,train,10,vehicle,205,273,291,313,3376,949,676,rgb,0.5487,0.5-0.6,,94,2.383,False,0.382
nwpu_positive_415_005,nwpu_positive_415,train,10,vehicle,188,362,256,413,3485,949,676,rgb,0.6045,0.6-0.7,,75,2.987,False,0.62
nwpu_positive_415_006,nwpu_positive_415,train,10,vehicle,236,313,297,353,2457,949,676,rgb,0.6831,0.6-0.7,,68,3.294,False,0.531
nwpu_positive_422_000,nwpu_positive_422,train,10,vehicle,161,472,197,546,2668,1057,670,cir,0.5136,0.5-0.6,,81,2.765,False,0.407
nwpu_positive_422_001,nwpu_positive_422,train,10,vehicle,644,170,686,210,1701,1057,670,cir,0.5779,0.5-0.6,,46,4.87,False,0.804
nwpu_positive_422_002,nwpu_positive_422,train,10,vehicle,908,221,967,254,1981,1057,670,cir,0.4381,0.4-0.5,,66,3.394,False,0.455
nwpu_positive_422_003,nwpu_positive_422,train,10,vehicle,192,270,208,330,956,1057,670,cir,0.5218,0.5-0.6,,66,3.394,False,0.219
nwpu_positive_422_004,nwpu_positive_422,train,10,vehicle,117,6,141,55,1187,1057,670,cir,0.5931,0.5-0.6,,54,4.148,False,0.407
nwpu_positive_422_005,nwpu_positive_422,train,10,vehicle,746,280,773,325,1225,1057,670,cir,0.4322,0.4-0.5,,50,4.48,False,0.49
nwpu_positive_423_000,nwpu_positive_423,train,10,vehicle,242,510,317,540,2213,1072,696,cir,0.5231,0.5-0.6,,82,2.732,False,0.329
nwpu_positive_423_001,nwpu_positive_423,train,10,vehicle,408,527,432,594,1600,1072,696,cir,0.6625,0.6-0.7,,74,3.027,False,0.292
nwpu_positive_423_002,nwpu_positive_423,train,10,vehicle,361,204,382,263,1226,1072,696,cir,0.6272,0.6-0.7,,65,3.446,False,0.29
nwpu_positive_423_003,nwpu_positive_423,train,10,vehicle,510,86,582,122,2650,1072,696,cir,0.6232,0.6-0.7,,80,2.8,False,0.414
nwpu_positive_423_004,nwpu_positive_423,train,10,vehicle,696,126,734,164,1420,1072,696,cir,0.4936,0.4-0.5,,42,5.333,False,0.805
nwpu_positive_423_005,nwpu_positive_423,train,10,vehicle,97,3,148,37,1762,1072,696,cir,0.6346,0.6-0.7,,56,4.0,False,0.562
nwpu_positive_423_006,nwpu_positive_423,train,10,vehicle,475,70,536,99,1807,1072,696,cir,0.5373,0.5-0.6,,67,3.343,False,0.402
nwpu_positive_423_007,nwpu_positive_423,train,10,vehicle,936,132,993,161,1663,1072,696,cir,0.5863,0.5-0.6,,63,3.556,False,0.419
nwpu_positive_423_008,nwpu_positive_423,train,10,vehicle,1002,139,1053,169,1494,1072,696,cir,0.4242,0.4-0.5,,56,4.0,False,0.476
nwpu_positive_423_009,nwpu_positive_423,train,10,vehicle,261,552,341,570,1458,1072,696,cir,0.5903,0.5-0.6,,87,2.575,False,0.193
nwpu_positive_424_000,nwpu_positive_424,train,10,vehicle,386,65,415,140,2150,1055,647,cir,0.52,0.5-0.6,,82,2.732,False,0.32
nwpu_positive_424_001,nwpu_positive_424,train,10,vehicle,400,146,432,181,1085,1055,647,cir,0.6051,0.6-0.7,,38,5.895,False,0.752
nwpu_positive_424_002,nwpu_positive_424,train,10,vehicle,488,252,529,310,2387,1055,647,cir,0.597,0.5-0.6,,65,3.446,False,0.565
nwpu_positive_424_003,nwpu_positive_424,train,10,vehicle,478,315,509,369,1622,1055,647,cir,0.459,0.4-0.5,,59,3.797,False,0.466
nwpu_positive_424_004,nwpu_positive_424,train,10,vehicle,299,387,336,441,2000,1055,647,cir,0.6113,0.6-0.7,,60,3.733,False,0.555
nwpu_positive_425_000,nwpu_positive_425,train,10,vehicle,296,232,329,271,1285,969,676,cir,0.4895,0.4-0.5,,42,5.333,False,0.729
nwpu_positive_425_001,nwpu_positive_425,train,10,vehicle,443,306,497,363,3119,969,676,cir,0.5741,0.5-0.6,,63,3.556,False,0.786
nwpu_positive_425_002,nwpu_positive_425,train,10,vehicle,559,394,619,445,3101,969,676,cir,0.4556,0.4-0.5,,67,3.343,False,0.691
nwpu_positive_425_003,nwpu_positive_425,train,10,vehicle,791,268,863,302,2387,969,676,cir,0.6193,0.6-0.7,,79,2.835,False,0.382
nwpu_positive_425_004,nwpu_positive_425,train,10,vehicle,859,294,885,353,1513,969,676,cir,0.427,0.4-0.5,,65,3.446,False,0.358
nwpu_positive_425_005,nwpu_positive_425,train,10,vehicle,844,236,876,286,1644,969,676,cir,0.5456,0.5-0.6,,55,4.073,False,0.544
nwpu_positive_425_006,nwpu_positive_425,train,10,vehicle,774,278,828,325,2578,969,676,cir,0.4043,0.4-0.5,,60,3.733,False,0.716
nwpu_positive_426_000,nwpu_positive_426,train,10,vehicle,889,543,926,583,1486,1014,688,cir,0.6851,0.6-0.7,,44,5.091,False,0.768
nwpu_positive_426_001,nwpu_positive_426,train,10,vehicle,391,279,455,314,2269,1014,688,cir,0.5081,0.5-0.6,,70,3.2,False,0.463
nwpu_positive_426_002,nwpu_positive_426,train,10,vehicle,348,250,405,285,1976,1014,688,cir,0.4966,0.4-0.5,,63,3.556,False,0.498
nwpu_positive_426_003,nwpu_positive_426,train,10,vehicle,265,183,315,236,2679,1014,688,cir,0.5283,0.5-0.6,,58,3.862,False,0.796
nwpu_positive_426_004,nwpu_positive_426,train,10,vehicle,148,109,210,134,1576,1014,688,cir,0.5895,0.5-0.6,,68,3.294,False,0.341
nwpu_positive_426_005,nwpu_positive_426,train,10,vehicle,293,309,346,366,3045,1014,688,cir,0.4423,0.4-0.5,,63,3.556,False,0.767
nwpu_positive_426_006,nwpu_positive_426,train,10,vehicle,220,281,284,321,2547,1014,688,cir,0.5495,0.5-0.6,,71,3.155,False,0.505
nwpu_positive_426_007,nwpu_positive_426,train,10,vehicle,166,262,203,299,1338,1014,688,cir,0.6634,0.6-0.7,,40,5.6,False,0.836
nwpu_positive_426_008,nwpu_positive_426,train,10,vehicle,208,171,276,209,2617,1014,688,cir,0.5715,0.5-0.6,,74,3.027,False,0.478
nwpu_positive_426_009,nwpu_positive_426,train,10,vehicle,467,306,520,361,2941,1014,688,cir,0.5785,0.5-0.6,,60,3.733,False,0.817
nwpu_positive_426_010,nwpu_positive_426,train,10,vehicle,525,339,568,401,2618,1014,688,cir,0.4362,0.4-0.5,,68,3.294,False,0.566
nwpu_positive_426_011,nwpu_positive_426,train,10,vehicle,157,273,194,313,1507,1014,688,cir,0.4997,0.4-0.5,,45,4.978,False,0.744
nwpu_positive_426_012,nwpu_positive_426,train,10,vehicle,208,327,252,363,1605,1014,688,cir,0.4138,0.4-0.5,,49,4.571,False,0.669
nwpu_positive_427_000,nwpu_positive_427,train,10,vehicle,731,493,785,545,2786,1026,690,cir,0.4427,0.4-0.5,,59,3.797,False,0.8
nwpu_positive_427_001,nwpu_positive_427,train,10,vehicle,640,598,677,656,2182,1026,690,cir,0.6858,0.6-0.7,,64,3.5,False,0.533
nwpu_positive_427_002,nwpu_positive_427,train,10,vehicle,339,285,383,350,2833,1026,690,cir,0.5086,0.5-0.6,,71,3.155,False,0.562
nwpu_positive_427_003,nwpu_positive_427,train,10,vehicle,256,207,300,244,1682,1026,690,cir,0.5667,0.5-0.6,,49,4.571,False,0.701
nwpu_positive_427_004,nwpu_positive_427,train,10,vehicle,266,80,292,110,771,1026,690,cir,0.4819,0.4-0.5,,32,7.0,True,0.753
nwpu_positive_427_005,nwpu_positive_427,train,10,vehicle,475,466,514,519,2092,1026,690,cir,0.5107,0.5-0.6,,59,3.797,False,0.601
nwpu_positive_427_006,nwpu_positive_427,train,10,vehicle,460,439,525,467,1826,1026,690,cir,0.5366,0.5-0.6,,71,3.155,False,0.362
nwpu_positive_427_007,nwpu_positive_427,train,10,vehicle,666,540,707,598,2402,1026,690,cir,0.4955,0.4-0.5,,64,3.5,False,0.586
nwpu_positive_427_008,nwpu_positive_427,train,10,vehicle,715,490,767,556,3430,1026,690,cir,0.5333,0.5-0.6,,73,3.068,False,0.644
nwpu_positive_428_000,nwpu_positive_428,train,10,vehicle,917,467,960,512,1928,1061,704,cir,0.6871,0.6-0.7,,50,4.48,False,0.771
nwpu_positive_428_001,nwpu_positive_428,train,10,vehicle,403,598,444,633,1411,1061,704,cir,0.5358,0.5-0.6,,45,4.978,False,0.697
nwpu_positive_428_002,nwpu_positive_428,train,10,vehicle,460,498,483,538,953,1061,704,cir,0.471,0.4-0.5,,44,5.091,False,0.492
nwpu_positive_428_003,nwpu_positive_428,train,10,vehicle,583,301,623,348,1911,1061,704,cir,0.4458,0.4-0.5,,53,4.226,False,0.68
nwpu_positive_428_004,nwpu_positive_428,train,10,vehicle,657,281,687,321,1162,1061,704,cir,0.6703,0.6-0.7,,43,5.209,False,0.629
nwpu_positive_428_005,nwpu_positive_428,train,10,vehicle,435,175,479,224,2092,1061,704,cir,0.6573,0.6-0.7,,53,4.226,False,0.745
nwpu_positive_428_006,nwpu_positive_428,train,10,vehicle,271,141,313,174,1425,1061,704,cir,0.4763,0.4-0.5,,47,4.766,False,0.645
nwpu_positive_428_007,nwpu_positive_428,train,10,vehicle,702,38,740,78,1503,1061,704,cir,0.4421,0.4-0.5,,45,4.978,False,0.742
nwpu_positive_428_008,nwpu_positive_428,train,10,vehicle,721,36,757,91,1936,1061,704,cir,0.6471,0.6-0.7,,60,3.733,False,0.538
nwpu_positive_428_009,nwpu_positive_428,train,10,vehicle,771,54,794,86,723,1061,704,cir,0.4647,0.4-0.5,,35,6.4,True,0.59
nwpu_positive_428_010,nwpu_positive_428,train,10,vehicle,812,74,855,143,2902,1061,704,cir,0.6235,0.6-0.7,,75,2.987,False,0.516
nwpu_positive_428_011,nwpu_positive_428,train,10,vehicle,916,130,949,170,1326,1061,704,cir,0.6653,0.6-0.7,,44,5.091,False,0.685
nwpu_positive_428_012,nwpu_positive_428,train,10,vehicle,937,138,982,184,2100,1061,704,cir,0.6756,0.6-0.7,,51,4.392,False,0.808
nwpu_positive_428_013,nwpu_positive_428,train,10,vehicle,973,169,1007,205,1221,1061,704,cir,0.6167,0.6-0.7,,39,5.744,False,0.803
nwpu_positive_428_014,nwpu_positive_428,train,10,vehicle,1001,168,1024,225,1358,1061,704,cir,0.6199,0.6-0.7,,63,3.556,False,0.342
nwpu_positive_428_015,nwpu_positive_428,train,10,vehicle,119,15,161,70,2301,1061,704,cir,0.4796,0.4-0.5,,61,3.672,False,0.618
nwpu_positive_428_016,nwpu_positive_428,train,10,vehicle,124,200,178,262,3352,1061,704,cir,0.5098,0.5-0.6,,68,3.294,False,0.725
nwpu_positive_428_017,nwpu_positive_428,train,10,vehicle,507,281,559,305,1241,1061,704,cir,0.5592,0.5-0.6,,57,3.93,False,0.382
nwpu_positive_428_018,nwpu_positive_428,train,10,vehicle,712,499,750,563,2462,1061,704,cir,0.6645,0.6-0.7,,70,3.2,False,0.503
nwpu_positive_428_019,nwpu_positive_428,train,10,vehicle,716,526,768,588,3252,1061,704,cir,0.4872,0.4-0.5,,69,3.246,False,0.683
nwpu_positive_428_020,nwpu_positive_428,train,10,vehicle,862,438,902,478,1599,1061,704,cir,0.5387,0.5-0.6,,44,5.091,False,0.826
nwpu_positive_428_021,nwpu_positive_428,train,10,vehicle,779,39,821,116,3201,1061,704,cir,0.6441,0.6-0.7,,84,2.667,False,0.454
nwpu_positive_428_022,nwpu_positive_428,train,10,vehicle,478,459,514,502,1575,1061,704,cir,0.6282,0.6-0.7,,48,4.667,False,0.684
nwpu_positive_429_000,nwpu_positive_429,train,10,vehicle,634,579,677,634,2334,1076,706,cir,0.645,0.6-0.7,,60,3.733,False,0.648
nwpu_positive_429_001,nwpu_positive_429,train,10,vehicle,804,339,858,387,2600,1076,706,cir,0.5428,0.5-0.6,,60,3.733,False,0.722
nwpu_positive_429_002,nwpu_positive_429,train,10,vehicle,913,228,948,266,1312,1076,706,cir,0.5519,0.5-0.6,,42,5.333,False,0.744
nwpu_positive_429_003,nwpu_positive_429,train,10,vehicle,940,205,975,248,1507,1076,706,cir,0.6348,0.6-0.7,,48,4.667,False,0.654
nwpu_positive_429_004,nwpu_positive_429,train,10,vehicle,972,182,999,239,1523,1076,706,cir,0.6602,0.6-0.7,,62,3.613,False,0.396
nwpu_positive_429_005,nwpu_positive_429,train,10,vehicle,937,51,991,114,3424,1076,706,cir,0.6907,0.6-0.7,,69,3.246,False,0.719
nwpu_positive_429_006,nwpu_positive_429,train,10,vehicle,872,132,941,166,2398,1076,706,cir,0.6193,0.6-0.7,,76,2.947,False,0.415
nwpu_positive_429_007,nwpu_positive_429,train,10,vehicle,705,309,767,347,2321,1076,706,cir,0.539,0.5-0.6,,68,3.294,False,0.502
nwpu_positive_429_008,nwpu_positive_429,train,10,vehicle,619,352,702,385,2744,1076,706,cir,0.4566,0.4-0.5,,91,2.462,False,0.331
nwpu_positive_429_009,nwpu_positive_429,train,10,vehicle,604,378,654,414,1854,1076,706,cir,0.4943,0.4-0.5,,55,4.073,False,0.613
nwpu_positive_429_010,nwpu_positive_429,train,10,vehicle,673,105,704,160,1684,1076,706,cir,0.5159,0.5-0.6,,61,3.672,False,0.453
nwpu_positive_429_011,nwpu_positive_429,train,10,vehicle,659,120,714,180,3230,1076,706,cir,0.5,0.5-0.6,,65,3.446,False,0.765
nwpu_positive_429_012,nwpu_positive_429,train,10,vehicle,612,148,646,218,2424,1076,706,cir,0.6222,0.6-0.7,,77,2.909,False,0.409
nwpu_positive_429_013,nwpu_positive_429,train,10,vehicle,583,174,619,207,1159,1076,706,cir,0.4848,0.4-0.5,,39,5.744,False,0.762
nwpu_positive_429_014,nwpu_positive_429,train,10,vehicle,556,178,602,225,2156,1076,706,cir,0.6106,0.6-0.7,,52,4.308,False,0.797
nwpu_positive_429_015,nwpu_positive_429,train,10,vehicle,546,175,600,237,3360,1076,706,cir,0.4016,0.4-0.5,,68,3.294,False,0.727
nwpu_positive_429_016,nwpu_positive_429,train,10,vehicle,525,218,570,282,2878,1076,706,cir,0.5988,0.5-0.6,,71,3.155,False,0.571
nwpu_positive_429_017,nwpu_positive_429,train,10,vehicle,493,282,552,329,2777,1076,706,cir,0.55,0.5-0.6,,65,3.446,False,0.657
nwpu_positive_429_018,nwpu_positive_429,train,10,vehicle,500,325,556,355,1703,1076,706,cir,0.6252,0.6-0.7,,62,3.613,False,0.443
nwpu_positive_429_019,nwpu_positive_429,train,10,vehicle,526,334,574,361,1274,1076,706,cir,0.4802,0.4-0.5,,53,4.226,False,0.453
nwpu_positive_429_020,nwpu_positive_429,train,10,vehicle,558,349,581,414,1488,1076,706,cir,0.675,0.6-0.7,,72,3.111,False,0.287
nwpu_positive_429_021,nwpu_positive_429,train,10,vehicle,592,366,621,398,930,1076,706,cir,0.5579,0.5-0.6,,35,6.4,True,0.759
nwpu_positive_429_022,nwpu_positive_429,train,10,vehicle,617,309,637,364,1113,1076,706,cir,0.414,0.4-0.5,,61,3.672,False,0.299
nwpu_positive_429_023,nwpu_positive_429,train,10,vehicle,477,398,545,445,3181,1076,706,cir,0.5168,0.5-0.6,,75,2.987,False,0.565
nwpu_positive_429_024,nwpu_positive_429,train,10,vehicle,485,363,535,390,1375,1076,706,cir,0.4114,0.4-0.5,,55,4.073,False,0.454
nwpu_positive_429_025,nwpu_positive_429,train,10,vehicle,438,347,501,386,2461,1076,706,cir,0.5086,0.5-0.6,,69,3.246,False,0.517
nwpu_positive_429_026,nwpu_positive_429,train,10,vehicle,448,324,514,374,3291,1076,706,cir,0.456,0.4-0.5,,72,3.111,False,0.635
nwpu_positive_429_027,nwpu_positive_429,train,10,vehicle,415,298,479,359,3893,1076,706,cir,0.6329,0.6-0.7,,70,3.2,False,0.794
nwpu_positive_429_028,nwpu_positive_429,train,10,vehicle,386,285,454,322,2502,1076,706,cir,0.6509,0.6-0.7,,74,3.027,False,0.457
nwpu_positive_429_029,nwpu_positive_429,train,10,vehicle,403,237,452,290,2597,1076,706,cir,0.4767,0.4-0.5,,58,3.862,False,0.772
nwpu_positive_429_030,nwpu_positive_429,train,10,vehicle,397,227,443,268,1911,1076,706,cir,0.5303,0.5-0.6,,51,4.392,False,0.735
nwpu_positive_429_031,nwpu_positive_429,train,10,vehicle,386,192,423,236,1651,1076,706,cir,0.5528,0.5-0.6,,49,4.571,False,0.687
nwpu_positive_429_032,nwpu_positive_429,train,10,vehicle,328,336,405,367,2388,1076,706,cir,0.619,0.6-0.7,,84,2.667,False,0.338
nwpu_positive_429_033,nwpu_positive_429,train,10,vehicle,355,382,401,420,1738,1076,706,cir,0.5878,0.5-0.6,,50,4.48,False,0.695
nwpu_positive_429_034,nwpu_positive_429,train,10,vehicle,388,393,437,459,3187,1076,706,cir,0.4564,0.4-0.5,,72,3.111,False,0.615
nwpu_positive_429_035,nwpu_positive_429,train,10,vehicle,432,185,477,253,3034,1076,706,cir,0.4826,0.4-0.5,,74,3.027,False,0.554
nwpu_positive_429_036,nwpu_positive_429,train,10,vehicle,458,170,495,232,2276,1076,706,cir,0.4252,0.4-0.5,,68,3.294,False,0.492
nwpu_positive_429_037,nwpu_positive_429,train,10,vehicle,495,152,546,196,2218,1076,706,cir,0.4477,0.4-0.5,,56,4.0,False,0.707
nwpu_positive_429_038,nwpu_positive_429,train,10,vehicle,532,142,577,195,2364,1076,706,cir,0.6547,0.6-0.7,,58,3.862,False,0.703
nwpu_positive_429_039,nwpu_positive_429,train,10,vehicle,548,129,591,191,2627,1076,706,cir,0.5051,0.5-0.6,,68,3.294,False,0.568
nwpu_positive_429_040,nwpu_positive_429,train,10,vehicle,586,101,621,159,2061,1076,706,cir,0.5975,0.5-0.6,,64,3.5,False,0.503
nwpu_positive_429_041,nwpu_positive_429,train,10,vehicle,584,81,636,139,3016,1076,706,cir,0.6101,0.6-0.7,,64,3.5,False,0.736
nwpu_positive_429_042,nwpu_positive_429,train,10,vehicle,540,50,595,107,3122,1076,706,cir,0.6996,0.6-0.7,,63,3.556,False,0.787
nwpu_positive_429_043,nwpu_positive_429,train,10,vehicle,512,86,546,124,1284,1076,706,cir,0.4462,0.4-0.5,,42,5.333,False,0.728
nwpu_positive_429_044,nwpu_positive_429,train,10,vehicle,487,100,515,145,1254,1076,706,cir,0.6541,0.6-0.7,,50,4.48,False,0.501
nwpu_positive_429_045,nwpu_positive_429,train,10,vehicle,426,149,464,185,1379,1076,706,cir,0.4478,0.4-0.5,,42,5.333,False,0.782
nwpu_positive_429_046,nwpu_positive_429,train,10,vehicle,411,133,456,195,2798,1076,706,cir,0.5761,0.5-0.6,,69,3.246,False,0.588
nwpu_positive_429_047,nwpu_positive_429,train,10,vehicle,135,397,155,480,1661,1076,706,cir,0.407,0.4-0.5,,92,2.435,False,0.196
nwpu_positive_429_048,nwpu_positive_429,train,10,vehicle,208,416,229,464,981,1076,706,cir,0.6335,0.6-0.7,,52,4.308,False,0.363
nwpu_positive_429_049,nwpu_positive_429,train,10,vehicle,467,458,524,520,3610,1076,706,cir,0.6095,0.6-0.7,,69,3.246,False,0.758
nwpu_positive_429_050,nwpu_positive_429,train,10,vehicle,532,450,578,475,1160,1076,706,cir,0.5108,0.5-0.6,,50,4.48,False,0.464
nwpu_positive_429_051,nwpu_positive_429,train,10,vehicle,581,441,634,457,858,1076,706,cir,0.4213,0.4-0.5,,58,3.862,False,0.255
nwpu_positive_429_052,nwpu_positive_429,train,10,vehicle,615,413,649,440,934,1076,706,cir,0.5833,0.5-0.6,,37,6.054,True,0.682
nwpu_positive_429_053,nwpu_positive_429,train,10,vehicle,491,656,522,698,1312,1076,706,cir,0.4956,0.4-0.5,,46,4.87,False,0.62
nwpu_positive_429_054,nwpu_positive_429,train,10,vehicle,644,326,666,371,985,1076,706,cir,0.4761,0.4-0.5,,49,4.571,False,0.41
nwpu_positive_429_055,nwpu_positive_429,train,10,vehicle,676,292,693,335,726,1076,706,cir,0.6271,0.6-0.7,,47,4.766,False,0.329
nwpu_positive_429_056,nwpu_positive_429,train,10,vehicle,683,334,757,368,2466,1076,706,cir,0.4406,0.4-0.5,,81,2.765,False,0.376
nwpu_positive_429_057,nwpu_positive_429,train,10,vehicle,731,242,750,276,641,1076,706,cir,0.4912,0.4-0.5,,38,5.895,False,0.444
nwpu_positive_429_058,nwpu_positive_429,train,10,vehicle,733,286,775,304,765,1076,706,cir,0.6319,0.6-0.7,,47,4.766,False,0.346
nwpu_positive_429_059,nwpu_positive_429,train,10,vehicle,564,46,605,79,1330,1076,706,cir,0.6664,0.6-0.7,,45,4.978,False,0.657
nwpu_positive_429_060,nwpu_positive_429,train,10,vehicle,600,45,633,82,1234,1076,706,cir,0.4145,0.4-0.5,,41,5.463,False,0.734
nwpu_positive_429_061,nwpu_positive_429,train,10,vehicle,633,66,671,119,2059,1076,706,cir,0.4853,0.4-0.5,,59,3.797,False,0.592
nwpu_positive_429_062,nwpu_positive_429,train,10,vehicle,912,110,949,147,1374,1076,706,cir,0.5981,0.5-0.6,,41,5.463,False,0.817
nwpu_positive_429_063,nwpu_positive_429,train,10,vehicle,837,162,883,196,1568,1076,706,cir,0.499,0.4-0.5,,51,4.392,False,0.603
nwpu_positive_429_064,nwpu_positive_429,train,10,vehicle,795,600,831,673,2668,1076,706,cir,0.6315,0.6-0.7,,81,2.765,False,0.407
nwpu_positive_429_065,nwpu_positive_429,train,10,vehicle,470,255,509,286,1215,1076,706,cir,0.4967,0.4-0.5,,42,5.333,False,0.689
nwpu_positive_429_066,nwpu_positive_429,train,10,vehicle,498,232,543,283,2290,1076,706,cir,0.6472,0.6-0.7,,56,4.0,False,0.73
nwpu_positive_430_000,nwpu_positive_430,val,10,vehicle,330,342,394,370,1774,1079,706,cir,0.5517,0.5-0.6,,70,3.2,False,0.362
nwpu_positive_430_001,nwpu_positive_430,val,10,vehicle,341,497,370,537,1165,1079,706,cir,0.4333,0.4-0.5,,44,5.091,False,0.602
nwpu_positive_430_002,nwpu_positive_430,val,10,vehicle,483,187,530,232,2120,1079,706,cir,0.4512,0.4-0.5,,52,4.308,False,0.784
nwpu_positive_430_003,nwpu_positive_430,val,10,vehicle,642,140,683,187,1936,1079,706,cir,0.5003,0.5-0.6,,52,4.308,False,0.716
nwpu_positive_430_004,nwpu_positive_430,val,10,vehicle,682,55,712,111,1634,1079,706,cir,0.5361,0.5-0.6,,61,3.672,False,0.439
nwpu_positive_430_005,nwpu_positive_430,val,10,vehicle,643,102,689,155,2403,1079,706,cir,0.6647,0.6-0.7,,58,3.862,False,0.714
nwpu_positive_430_006,nwpu_positive_430,val,10,vehicle,679,46,732,71,1315,1079,706,cir,0.6234,0.6-0.7,,58,3.862,False,0.391
nwpu_positive_430_007,nwpu_positive_430,val,10,vehicle,621,169,669,199,1446,1079,706,cir,0.5953,0.5-0.6,,53,4.226,False,0.515
nwpu_positive_430_008,nwpu_positive_430,val,10,vehicle,445,252,486,315,2546,1079,706,cir,0.4929,0.4-0.5,,69,3.246,False,0.535
nwpu_positive_430_009,nwpu_positive_430,val,10,vehicle,426,324,464,359,1375,1079,706,cir,0.6481,0.6-0.7,,42,5.333,False,0.779
nwpu_positive_430_010,nwpu_positive_430,val,10,vehicle,266,634,308,669,1466,1079,706,cir,0.437,0.4-0.5,,46,4.87,False,0.693
nwpu_positive_430_011,nwpu_positive_430,val,10,vehicle,271,414,333,441,1681,1079,706,cir,0.6259,0.6-0.7,,68,3.294,False,0.364
nwpu_positive_431_000,nwpu_positive_431,val,10,vehicle,343,210,375,270,1891,1059,699,cir,0.5729,0.5-0.6,,66,3.394,False,0.434
nwpu_positive_431_001,nwpu_positive_431,val,10,vehicle,374,125,413,191,2583,1059,699,cir,0.404,0.4-0.5,,73,3.068,False,0.485
nwpu_positive_431_002,nwpu_positive_431,val,10,vehicle,263,568,330,606,2552,1059,699,cir,0.4787,0.4-0.5,,74,3.027,False,0.466
nwpu_positive_431_003,nwpu_positive_431,val,10,vehicle,775,577,824,622,2191,1059,699,cir,0.6497,0.6-0.7,,54,4.148,False,0.751
nwpu_positive_431_004,nwpu_positive_431,val,10,vehicle,832,611,899,646,2353,1059,699,cir,0.5516,0.5-0.6,,74,3.027,False,0.43
nwpu_positive_431_005,nwpu_positive_431,val,10,vehicle,589,73,645,96,1256,1059,699,cir,0.4287,0.4-0.5,,61,3.672,False,0.338
nwpu_positive_431_006,nwpu_positive_431,val,10,vehicle,585,119,632,148,1333,1059,699,cir,0.621,0.6-0.7,,51,4.392,False,0.513
nwpu_positive_431_007,nwpu_positive_431,val,10,vehicle,558,136,606,158,1016,1059,699,cir,0.6534,0.6-0.7,,53,4.226,False,0.362
nwpu_positive_431_008,nwpu_positive_431,val,10,vehicle,547,159,579,179,649,1059,699,cir,0.4894,0.4-0.5,,35,6.4,True,0.53
nwpu_positive_431_009,nwpu_positive_431,val,10,vehicle,522,178,580,208,1716,1059,699,cir,0.5924,0.5-0.6,,64,3.5,False,0.419
nwpu_positive_431_010,nwpu_positive_431,val,10,vehicle,523,182,566,232,2148,1059,699,cir,0.6408,0.6-0.7,,55,4.073,False,0.71
nwpu_positive_431_011,nwpu_positive_431,val,10,vehicle,509,220,548,243,869,1059,699,cir,0.512,0.5-0.6,,43,5.209,False,0.47
nwpu_positive_431_012,nwpu_positive_431,val,10,vehicle,481,250,538,289,2189,1059,699,cir,0.5206,0.5-0.6,,63,3.556,False,0.552
nwpu_positive_431_013,nwpu_positive_431,val,10,vehicle,485,271,522,306,1300,1059,699,cir,0.6893,0.6-0.7,,40,5.6,False,0.812
nwpu_positive_431_014,nwpu_positive_431,val,10,vehicle,525,285,585,310,1467,1059,699,cir,0.5782,0.5-0.6,,66,3.394,False,0.337
nwpu_positive_431_015,nwpu_positive_431,val,10,vehicle,525,306,585,333,1625,1059,699,cir,0.4552,0.4-0.5,,65,3.446,False,0.385
nwpu_positive_431_016,nwpu_positive_431,val,10,vehicle,461,316,523,350,2103,1059,699,cir,0.6457,0.6-0.7,,68,3.294,False,0.455
nwpu_positive_431_017,nwpu_positive_431,val,10,vehicle,517,328,553,365,1292,1059,699,cir,0.6035,0.6-0.7,,40,5.6,False,0.808
nwpu_positive_431_018,nwpu_positive_431,val,10,vehicle,275,314,319,355,1851,1059,699,cir,0.468,0.4-0.5,,49,4.571,False,0.771
nwpu_positive_431_019,nwpu_positive_431,val,10,vehicle,167,520,194,572,1378,1059,699,cir,0.5895,0.5-0.6,,58,3.862,False,0.409
nwpu_positive_431_020,nwpu_positive_431,val,10,vehicle,868,510,945,546,2803,1059,699,cir,0.4345,0.4-0.5,,85,2.635,False,0.388
nwpu_positive_432_000,nwpu_positive_432,train,10,vehicle,727,283,752,347,1656,1072,710,cir,0.6106,0.6-0.7,,71,3.155,False,0.328
nwpu_positive_432_001,nwpu_positive_432,train,10,vehicle,779,280,808,338,1711,1072,710,cir,0.6055,0.6-0.7,,64,3.5,False,0.418
nwpu_positive_432_002,nwpu_positive_432,train,10,vehicle,965,234,1016,296,3158,1072,710,cir,0.6042,0.6-0.7,,68,3.294,False,0.683
nwpu_positive_433_000,nwpu_positive_433,train,10,vehicle,64,112,115,136,1175,1079,707,cir,0.5517,0.5-0.6,,55,4.073,False,0.388
nwpu_positive_433_001,nwpu_positive_433,train,10,vehicle,412,368,431,438,1343,1079,707,cir,0.6001,0.6-0.7,,77,2.909,False,0.227
nwpu_positive_433_002,nwpu_positive_433,train,10,vehicle,242,586,328,611,2181,1079,707,cir,0.6383,0.6-0.7,,95,2.358,False,0.242
nwpu_positive_433_003,nwpu_positive_433,train,10,vehicle,347,584,386,611,1076,1079,707,cir,0.6709,0.6-0.7,,43,5.209,False,0.582
nwpu_positive_433_004,nwpu_positive_433,train,10,vehicle,630,580,688,608,1623,1079,707,cir,0.4651,0.4-0.5,,63,3.556,False,0.409
nwpu_positive_433_005,nwpu_positive_433,train,10,vehicle,670,578,735,615,2421,1079,707,cir,0.6244,0.6-0.7,,72,3.111,False,0.467
nwpu_positive_433_006,nwpu_positive_433,train,10,vehicle,737,493,768,518,796,1079,707,cir,0.4925,0.4-0.5,,34,6.588,True,0.688
nwpu_positive_433_007,nwpu_positive_433,train,10,vehicle,868,490,927,517,1622,1079,707,cir,0.4136,0.4-0.5,,65,3.446,False,0.384
nwpu_positive_433_008,nwpu_positive_433,train,10,vehicle,932,482,1000,505,1614,1079,707,cir,0.6142,0.6-0.7,,75,2.987,False,0.287
nwpu_positive_433_009,nwpu_positive_433,train,10,vehicle,667,506,720,523,869,1079,707,cir,0.6748,0.6-0.7,,58,3.862,False,0.258
nwpu_positive_433_010,nwpu_positive_433,train,10,vehicle,198,590,246,620,1409,1079,707,cir,0.6702,0.6-0.7,,52,4.308,False,0.521
nwpu_positive_434_000,nwpu_positive_434,train,10,vehicle,329,555,349,625,1394,1079,698,cir,0.5239,0.5-0.6,,76,2.947,False,0.241
nwpu_positive_434_001,nwpu_positive_434,train,10,vehicle,311,482,347,551,2481,1079,698,cir,0.5139,0.5-0.6,,76,2.947,False,0.43
nwpu_positive_434_002,nwpu_positive_434,train,10,vehicle,593,610,663,644,2351,1079,698,cir,0.659,0.6-0.7,,77,2.909,False,0.397
nwpu_positive_434_003,nwpu_positive_434,train,10,vehicle,326,406,408,434,2318,1079,698,cir,0.5485,0.5-0.6,,91,2.462,False,0.28
nwpu_positive_434_004,nwpu_positive_434,train,10,vehicle,561,330,579,398,1211,1079,698,cir,0.4126,0.4-0.5,,75,2.987,False,0.215
nwpu_positive_434_005,nwpu_positive_434,train,10,vehicle,630,315,663,360,1485,1079,698,cir,0.5224,0.5-0.6,,50,4.48,False,0.594
nwpu_positive_434_006,nwpu_positive_434,train,10,vehicle,815,306,836,361,1155,1079,698,cir,0.5568,0.5-0.6,,60,3.733,False,0.321
nwpu_positive_434_007,nwpu_positive_434,train,10,vehicle,849,305,892,371,2828,1079,698,cir,0.4698,0.4-0.5,,73,3.068,False,0.531
nwpu_positive_434_008,nwpu_positive_434,train,10,vehicle,868,315,906,379,2388,1079,698,cir,0.5064,0.5-0.6,,70,3.2,False,0.487
nwpu_positive_434_009,nwpu_positive_434,train,10,vehicle,900,315,930,358,1294,1079,698,cir,0.4966,0.4-0.5,,48,4.667,False,0.562
nwpu_positive_434_010,nwpu_positive_434,train,10,vehicle,909,308,941,351,1355,1079,698,cir,0.625,0.6-0.7,,47,4.766,False,0.613
nwpu_positive_434_011,nwpu_positive_434,train,10,vehicle,989,233,1025,284,1829,1079,698,cir,0.634,0.6-0.7,,56,4.0,False,0.583
nwpu_positive_434_012,nwpu_positive_434,train,10,vehicle,835,79,883,114,1693,1079,698,cir,0.6088,0.6-0.7,,53,4.226,False,0.603
nwpu_positive_434_013,nwpu_positive_434,train,10,vehicle,812,65,852,99,1357,1079,698,cir,0.5833,0.5-0.6,,44,5.091,False,0.701
nwpu_positive_434_014,nwpu_positive_434,train,10,vehicle,396,598,469,626,1999,1079,698,cir,0.5735,0.5-0.6,,80,2.8,False,0.312
nwpu_positive_434_015,nwpu_positive_434,train,10,vehicle,225,337,254,382,1288,1079,698,cir,0.6578,0.6-0.7,,49,4.571,False,0.537
nwpu_positive_434_016,nwpu_positive_434,train,10,vehicle,311,316,325,371,793,1079,698,cir,0.5174,0.5-0.6,,60,3.733,False,0.22
nwpu_positive_434_017,nwpu_positive_434,train,10,vehicle,347,325,389,395,3001,1079,698,cir,0.4501,0.4-0.5,,78,2.872,False,0.493
nwpu_positive_434_018,nwpu_positive_434,train,10,vehicle,521,312,543,359,1060,1079,698,cir,0.436,0.4-0.5,,52,4.308,False,0.392
nwpu_positive_434_019,nwpu_positive_434,train,10,vehicle,592,328,605,371,568,1079,698,cir,0.5659,0.5-0.6,,47,4.766,False,0.257
nwpu_positive_434_020,nwpu_positive_434,train,10,vehicle,615,320,650,369,1714,1079,698,cir,0.651,0.6-0.7,,54,4.148,False,0.588
nwpu_positive_434_021,nwpu_positive_434,train,10,vehicle,759,330,786,375,1221,1079,698,cir,0.4436,0.4-0.5,,50,4.48,False,0.489
nwpu_positive_434_022,nwpu_positive_434,train,10,vehicle,782,314,813,377,1972,1079,698,cir,0.4321,0.4-0.5,,70,3.2,False,0.402
nwpu_positive_434_023,nwpu_positive_434,train,10,vehicle,300,76,339,131,2164,1079,698,cir,0.6563,0.6-0.7,,60,3.733,False,0.601
nwpu_positive_434_024,nwpu_positive_434,train,10,vehicle,810,416,857,446,1375,1079,698,cir,0.6181,0.6-0.7,,51,4.392,False,0.529
nwpu_positive_434_025,nwpu_positive_434,train,10,vehicle,979,88,1009,129,1230,1079,698,cir,0.4436,0.4-0.5,,45,4.978,False,0.607
nwpu_positive_434_026,nwpu_positive_434,train,10,vehicle,993,174,1026,217,1409,1079,698,cir,0.6556,0.6-0.7,,47,4.766,False,0.638
nwpu_positive_434_027,nwpu_positive_434,train,10,vehicle,410,564,456,590,1199,1079,698,cir,0.6792,0.6-0.7,,50,4.48,False,0.479
nwpu_positive_435_000,nwpu_positive_435,train,10,vehicle,1003,495,1045,549,2297,1090,711,cir,0.585,0.5-0.6,,59,3.797,False,0.66
nwpu_positive_435_001,nwpu_positive_435,train,10,vehicle,953,379,979,441,1619,1090,711,cir,0.5754,0.5-0.6,,68,3.294,False,0.35
nwpu_positive_435_002,nwpu_positive_435,train,10,vehicle,892,273,929,341,2500,1090,711,cir,0.5384,0.5-0.6,,75,2.987,False,0.445
nwpu_positive_435_003,nwpu_positive_435,train,10,vehicle,245,157,297,208,2691,1090,711,cir,0.6342,0.6-0.7,,58,3.862,False,0.8
nwpu_positive_435_004,nwpu_positive_435,train,10,vehicle,104,604,161,639,1989,1090,711,cir,0.576,0.5-0.6,,62,3.613,False,0.517
nwpu_positive_435_005,nwpu_positive_435,train,10,vehicle,352,74,401,119,2206,1090,711,cir,0.6197,0.6-0.7,,55,4.073,False,0.729
nwpu_positive_435_006,nwpu_positive_435,train,10,vehicle,786,137,827,167,1233,1090,711,cir,0.4253,0.4-0.5,,46,4.87,False,0.583
nwpu_positive_435_007,nwpu_positive_435,train,10,vehicle,845,187,872,232,1210,1090,711,cir,0.4879,0.4-0.5,,49,4.571,False,0.504
nwpu_positive_435_008,nwpu_positive_435,train,10,vehicle,865,228,913,278,2380,1090,711,cir,0.5227,0.5-0.6,,55,4.073,False,0.787
nwpu_positive_435_009,nwpu_positive_435,train,10,vehicle,992,445,1030,490,1735,1090,711,cir,0.5415,0.5-0.6,,50,4.48,False,0.694
nwpu_positive_437_000,nwpu_positive_437,train,10,vehicle,991,86,1019,153,1902,1085,707,cir,0.4247,0.4-0.5,,74,3.027,False,0.347
nwpu_positive_437_001,nwpu_positive_437,train,10,vehicle,893,262,937,314,2247,1085,707,cir,0.5432,0.5-0.6,,57,3.93,False,0.691
nwpu_positive_437_002,nwpu_positive_437,train,10,vehicle,923,313,964,363,2018,1085,707,cir,0.6061,0.6-0.7,,55,4.073,False,0.667
nwpu_positive_437_003,nwpu_positive_437,train,10,vehicle,778,333,823,367,1547,1085,707,cir,0.4155,0.4-0.5,,50,4.48,False,0.619
nwpu_positive_437_004,nwpu_positive_437,train,10,vehicle,773,373,828,403,1680,1085,707,cir,0.5141,0.5-0.6,,60,3.733,False,0.467
nwpu_positive_437_005,nwpu_positive_437,train,10,vehicle,735,408,771,433,906,1085,707,cir,0.6102,0.6-0.7,,39,5.744,False,0.596
nwpu_positive_437_006,nwpu_positive_437,train,10,vehicle,602,395,663,425,1853,1085,707,cir,0.5266,0.5-0.6,,67,3.343,False,0.413
nwpu_positive_437_007,nwpu_positive_437,train,10,vehicle,606,444,672,489,2947,1085,707,cir,0.6404,0.6-0.7,,73,3.068,False,0.553
nwpu_positive_437_008,nwpu_positive_437,train,10,vehicle,545,455,604,505,2962,1085,707,cir,0.4143,0.4-0.5,,65,3.446,False,0.701
nwpu_positive_437_009,nwpu_positive_437,train,10,vehicle,291,591,353,631,2455,1085,707,cir,0.5944,0.5-0.6,,69,3.246,False,0.516
nwpu_positive_437_010,nwpu_positive_437,train,10,vehicle,270,529,337,577,3226,1085,707,cir,0.531,0.5-0.6,,74,3.027,False,0.589
nwpu_positive_437_011,nwpu_positive_437,train,10,vehicle,195,465,231,543,2729,1085,707,cir,0.6718,0.6-0.7,,85,2.635,False,0.378
nwpu_positive_437_012,nwpu_positive_437,train,10,vehicle,161,379,192,423,1334,1085,707,cir,0.6514,0.6-0.7,,48,4.667,False,0.579
nwpu_positive_437_013,nwpu_positive_437,train,10,vehicle,145,266,178,310,1437,1085,707,cir,0.6135,0.6-0.7,,48,4.667,False,0.624
nwpu_positive_437_014,nwpu_positive_437,train,10,vehicle,89,102,111,180,1661,1085,707,cir,0.5028,0.5-0.6,,85,2.635,False,0.23
nwpu_positive_437_015,nwpu_positive_437,train,10,vehicle,41,640,122,662,1802,1085,707,cir,0.6297,0.6-0.7,,89,2.517,False,0.228
nwpu_positive_437_016,nwpu_positive_437,train,10,vehicle,104,626,164,646,1189,1085,707,cir,0.6737,0.6-0.7,,65,3.446,False,0.281
nwpu_positive_437_017,nwpu_positive_437,train,10,vehicle,392,483,424,513,991,1085,707,cir,0.4121,0.4-0.5,,36,6.222,True,0.765
nwpu_positive_437_018,nwpu_positive_437,train,10,vehicle,559,412,618,443,1832,1085,707,cir,0.6156,0.6-0.7,,65,3.446,False,0.434
nwpu_positive_437_019,nwpu_positive_437,train,10,vehicle,958,241,1007,282,1986,1085,707,cir,0.626,0.6-0.7,,54,4.148,False,0.681
nwpu_positive_437_020,nwpu_positive_437,train,10,vehicle,91,292,113,344,1172,1085,707,cir,0.4599,0.4-0.5,,58,3.862,False,0.348
nwpu_positive_438_000,nwpu_positive_438,train,10,vehicle,714,336,752,373,1429,1052,687,cir,0.6045,0.6-0.7,,43,5.209,False,0.773
nwpu_positive_438_001,nwpu_positive_438,train,10,vehicle,640,444,680,483,1495,1052,687,cir,0.5217,0.5-0.6,,43,5.209,False,0.809
nwpu_positive_438_002,nwpu_positive_438,train,10,vehicle,466,490,523,549,3379,1052,687,cir,0.6309,0.6-0.7,,65,3.446,False,0.8
nwpu_positive_438_003,nwpu_positive_438,train,10,vehicle,334,506,388,554,2578,1052,687,cir,0.6114,0.6-0.7,,59,3.797,False,0.74
nwpu_positive_438_004,nwpu_positive_438,train,10,vehicle,246,124,294,176,2504,1052,687,cir,0.5319,0.5-0.6,,57,3.93,False,0.771
nwpu_positive_438_005,nwpu_positive_438,train,10,vehicle,297,80,351,130,2679,1052,687,cir,0.6667,0.6-0.7,,59,3.797,False,0.77
nwpu_positive_439_000,nwpu_positive_439,train,10,vehicle,68,465,120,515,2619,1068,704,cir,0.5326,0.5-0.6,,58,3.862,False,0.779
nwpu_positive_439_001,nwpu_positive_439,train,10,vehicle,823,523,867,593,3037,1068,704,cir,0.6122,0.6-0.7,,76,2.947,False,0.526
nwpu_positive_439_002,nwpu_positive_439,train,10,vehicle,556,236,610,295,3221,1068,704,cir,0.5052,0.5-0.6,,65,3.446,False,0.762
nwpu_positive_439_003,nwpu_positive_439,train,10,vehicle,656,139,690,184,1551,1068,704,cir,0.6762,0.6-0.7,,50,4.48,False,0.62
nwpu_positive_439_004,nwpu_positive_439,train,10,vehicle,72,347,138,388,2650,1068,704,cir,0.6045,0.6-0.7,,72,3.111,False,0.511
nwpu_positive_439_005,nwpu_positive_439,train,10,vehicle,399,136,430,174,1165,1068,704,cir,0.6475,0.6-0.7,,41,5.463,False,0.693
nwpu_positive_439_006,nwpu_positive_439,train,10,vehicle,374,78,429,137,3270,1068,704,cir,0.511,0.5-0.6,,65,3.446,False,0.774
nwpu_positive_440_000,nwpu_positive_440,train,10,vehicle,408,98,459,154,2880,1045,696,cir,0.4253,0.4-0.5,,62,3.613,False,0.749
nwpu_positive_440_001,nwpu_positive_440,train,10,vehicle,346,158,391,180,1036,1045,696,cir,0.5442,0.5-0.6,,50,4.48,False,0.414
nwpu_positive_440_002,nwpu_positive_440,train,10,vehicle,608,271,675,343,4875,1045,696,cir,0.69,0.6-0.7,,80,2.8,False,0.762
nwpu_positive_440_003,nwpu_positive_440,train,10,vehicle,292,186,360,216,2045,1045,696,cir,0.6446,0.6-0.7,,75,2.987,False,0.364
nwpu_positive_440_004,nwpu_positive_440,train,10,vehicle,232,220,294,250,1868,1045,696,cir,0.5476,0.5-0.6,,68,3.294,False,0.404
nwpu_positive_440_005,nwpu_positive_440,train,10,vehicle,70,278,112,322,1870,1045,696,cir,0.5575,0.5-0.6,,48,4.667,False,0.811
nwpu_positive_441_000,nwpu_positive_441,train,10,vehicle,753,203,815,244,2521,1039,698,cir,0.4607,0.4-0.5,,67,3.343,False,0.562
nwpu_positive_441_001,nwpu_positive_441,train,10,vehicle,563,235,590,298,1712,1039,698,cir,0.6605,0.6-0.7,,70,3.2,False,0.349
nwpu_positive_441_002,nwpu_positive_441,train,10,vehicle,470,269,490,331,1221,1039,698,cir,0.4262,0.4-0.5,,68,3.294,False,0.264
nwpu_positive_441_003,nwpu_positive_441,train,10,vehicle,448,337,495,386,2346,1039,698,cir,0.4721,0.4-0.5,,54,4.148,False,0.805
nwpu_positive_441_004,nwpu_positive_441,train,10,vehicle,473,470,509,532,2196,1039,698,cir,0.6366,0.6-0.7,,68,3.294,False,0.475
nwpu_positive_441_005,nwpu_positive_441,train,10,vehicle,230,141,296,192,3369,1039,698,cir,0.5186,0.5-0.6,,72,3.111,False,0.65
nwpu_positive_441_006,nwpu_positive_441,train,10,vehicle,166,281,207,337,2292,1039,698,cir,0.6109,0.6-0.7,,62,3.613,False,0.596
nwpu_positive_441_007,nwpu_positive_441,train,10,vehicle,157,416,199,467,2100,1039,698,cir,0.4296,0.4-0.5,,56,4.0,False,0.67
nwpu_positive_441_008,nwpu_positive_441,train,10,vehicle,109,406,146,461,2046,1039,698,cir,0.4878,0.4-0.5,,61,3.672,False,0.55
nwpu_positive_441_009,nwpu_positive_441,train,10,vehicle,59,372,93,439,2268,1039,698,cir,0.5829,0.5-0.6,,73,3.068,False,0.426
nwpu_positive_441_010,nwpu_positive_441,train,10,vehicle,68,65,140,99,2459,1039,698,cir,0.6433,0.6-0.7,,80,2.8,False,0.384
nwpu_positive_441_011,nwpu_positive_441,train,10,vehicle,55,91,121,116,1635,1039,698,cir,0.4086,0.4-0.5,,72,3.111,False,0.315
nwpu_positive_441_012,nwpu_positive_441,train,10,vehicle,75,119,140,150,2058,1039,698,cir,0.4498,0.4-0.5,,72,3.111,False,0.397
nwpu_positive_441_013,nwpu_positive_441,train,10,vehicle,61,149,128,197,3234,1039,698,cir,0.5454,0.5-0.6,,74,3.027,False,0.591
nwpu_positive_441_014,nwpu_positive_441,train,10,vehicle,346,15,372,85,1822,1039,698,cir,0.5186,0.5-0.6,,77,2.909,False,0.307
nwpu_positive_442_000,nwpu_positive_442,train,10,vehicle,161,359,209,410,2455,1069,678,cir,0.5143,0.5-0.6,,56,4.0,False,0.783
nwpu_positive_442_001,nwpu_positive_442,train,10,vehicle,127,67,199,126,4319,1069,678,cir,0.4375,0.4-0.5,,80,2.8,False,0.675
nwpu_positive_442_002,nwpu_positive_442,train,10,vehicle,251,121,273,188,1541,1069,678,cir,0.5468,0.5-0.6,,74,3.027,False,0.281
nwpu_positive_442_003,nwpu_positive_442,train,10,vehicle,271,148,310,220,2729,1069,678,cir,0.6412,0.6-0.7,,78,2.872,False,0.449
nwpu_positive_442_004,nwpu_positive_442,train,10,vehicle,439,157,521,195,3137,1069,678,cir,0.5297,0.5-0.6,,91,2.462,False,0.379
nwpu_positive_442_005,nwpu_positive_442,train,10,vehicle,546,311,568,372,1332,1069,678,cir,0.5831,0.5-0.6,,67,3.343,False,0.297
nwpu_positive_442_006,nwpu_positive_442,train,10,vehicle,592,338,630,404,2450,1069,678,cir,0.6064,0.6-0.7,,72,3.111,False,0.473
nwpu_positive_442_007,nwpu_positive_442,train,10,vehicle,614,360,641,405,1183,1069,678,cir,0.6372,0.6-0.7,,49,4.571,False,0.493
nwpu_positive_442_008,nwpu_positive_442,train,10,vehicle,782,454,803,504,1081,1069,678,cir,0.4933,0.4-0.5,,55,4.073,False,0.357
nwpu_positive_442_009,nwpu_positive_442,train,10,vehicle,807,493,852,559,3012,1069,678,cir,0.4504,0.4-0.5,,73,3.068,False,0.565
nwpu_positive_442_010,nwpu_positive_442,train,10,vehicle,952,594,986,643,1683,1069,678,cir,0.6937,0.6-0.7,,54,4.148,False,0.577
nwpu_positive_442_011,nwpu_positive_442,train,10,vehicle,942,111,976,165,1815,1069,678,cir,0.5313,0.5-0.6,,59,3.797,False,0.521
nwpu_positive_442_012,nwpu_positive_442,train,10,vehicle,980,128,1023,169,1760,1069,678,cir,0.5543,0.5-0.6,,47,4.766,False,0.797
nwpu_positive_442_013,nwpu_positive_442,train,10,vehicle,1022,172,1069,236,3035,1069,678,cir,0.4386,0.4-0.5,,71,3.155,False,0.602
nwpu_positive_442_014,nwpu_positive_442,train,10,vehicle,376,208,416,253,1815,1069,678,cir,0.473,0.4-0.5,,50,4.48,False,0.726
nwpu_positive_442_015,nwpu_positive_442,train,10,vehicle,449,270,485,317,1674,1069,678,cir,0.565,0.5-0.6,,51,4.392,False,0.644
nwpu_positive_442_016,nwpu_positive_442,train,10,vehicle,641,360,671,403,1319,1069,678,cir,0.5912,0.5-0.6,,47,4.766,False,0.597
nwpu_positive_442_017,nwpu_positive_442,train,10,vehicle,639,261,702,305,2789,1069,678,cir,0.5615,0.5-0.6,,69,3.246,False,0.586
nwpu_positive_443_000,nwpu_positive_443,train,10,vehicle,116,182,156,203,803,1083,700,cir,0.6049,0.6-0.7,,44,5.091,False,0.415
nwpu_positive_443_001,nwpu_positive_443,train,10,vehicle,261,214,310,250,1763,1083,700,cir,0.4179,0.4-0.5,,54,4.148,False,0.605
nwpu_positive_443_002,nwpu_positive_443,train,10,vehicle,686,597,768,638,3383,1083,700,cir,0.4489,0.4-0.5,,90,2.489,False,0.418
nwpu_positive_443_003,nwpu_positive_443,train,10,vehicle,894,120,937,167,1996,1083,700,cir,0.4706,0.4-0.5,,51,4.392,False,0.768
nwpu_positive_443_004,nwpu_positive_443,train,10,vehicle,1026,80,1048,120,897,1083,700,cir,0.4926,0.4-0.5,,43,5.209,False,0.485
nwpu_positive_443_005,nwpu_positive_443,train,10,vehicle,977,182,1013,230,1726,1083,700,cir,0.5025,0.5-0.6,,52,4.308,False,0.638
nwpu_positive_444_000,nwpu_positive_444,train,10,vehicle,163,12,227,53,2648,1077,667,cir,0.4031,0.4-0.5,,71,3.155,False,0.525
nwpu_positive_444_001,nwpu_positive_444,train,10,vehicle,142,98,184,167,2910,1077,667,cir,0.5056,0.5-0.6,,75,2.987,False,0.517
nwpu_positive_444_002,nwpu_positive_444,train,10,vehicle,353,139,405,173,1788,1077,667,cir,0.6779,0.6-0.7,,58,3.862,False,0.532
nwpu_positive_444_003,nwpu_positive_444,train,10,vehicle,408,153,446,207,2052,1077,667,cir,0.6348,0.6-0.7,,59,3.797,False,0.59
nwpu_positive_444_004,nwpu_positive_444,train,10,vehicle,523,230,574,284,2771,1077,667,cir,0.5454,0.5-0.6,,59,3.797,False,0.796
nwpu_positive_444_005,nwpu_positive_444,train,10,vehicle,420,323,457,376,1946,1077,667,cir,0.4068,0.4-0.5,,58,3.862,False,0.578
nwpu_positive_444_006,nwpu_positive_444,train,10,vehicle,910,350,966,390,2266,1077,667,cir,0.6019,0.6-0.7,,62,3.613,False,0.59
nwpu_positive_444_007,nwpu_positive_444,train,10,vehicle,918,408,978,437,1756,1077,667,cir,0.5431,0.5-0.6,,66,3.394,False,0.403
nwpu_positive_444_008,nwpu_positive_444,train,10,vehicle,744,99,766,142,959,1077,667,cir,0.5228,0.5-0.6,,47,4.766,False,0.434
nwpu_positive_445_000,nwpu_positive_445,train,10,vehicle,132,515,169,585,2631,1061,665,cir,0.6415,0.6-0.7,,77,2.909,False,0.444
nwpu_positive_445_001,nwpu_positive_445,train,10,vehicle,510,437,566,476,2186,1061,665,cir,0.4196,0.4-0.5,,61,3.672,False,0.588
nwpu_positive_445_002,nwpu_positive_445,train,10,vehicle,177,389,245,437,3313,1061,665,cir,0.6094,0.6-0.7,,76,2.947,False,0.574
nwpu_positive_446_000,nwpu_positive_446,train,10,vehicle,674,104,712,141,1431,1082,702,cir,0.4552,0.4-0.5,,42,5.333,False,0.811
nwpu_positive_446_001,nwpu_positive_446,train,10,vehicle,985,532,1024,590,2253,1082,702,cir,0.4917,0.4-0.5,,64,3.5,False,0.55
nwpu_positive_446_002,nwpu_positive_446,train,10,vehicle,714,298,759,338,1769,1082,702,cir,0.455,0.4-0.5,,49,4.571,False,0.737
nwpu_positive_446_003,nwpu_positive_446,train,10,vehicle,874,357,932,401,2574,1082,702,cir,0.5779,0.5-0.6,,64,3.5,False,0.628
nwpu_positive_447_000,nwpu_positive_447,train,10,vehicle,261,255,346,283,2366,1039,684,cir,0.517,0.5-0.6,,93,2.409,False,0.274
nwpu_positive_447_001,nwpu_positive_447,train,10,vehicle,522,194,588,225,2017,1039,684,cir,0.6257,0.6-0.7,,73,3.068,False,0.378
nwpu_positive_447_002,nwpu_positive_447,train,10,vehicle,904,210,959,233,1299,1039,684,cir,0.5703,0.5-0.6,,61,3.672,False,0.349
nwpu_positive_447_003,nwpu_positive_447,train,10,vehicle,703,178,746,202,1045,1039,684,cir,0.5271,0.5-0.6,,48,4.667,False,0.454
nwpu_positive_448_000,nwpu_positive_448,train,10,vehicle,200,270,242,291,873,1074,692,cir,0.4136,0.4-0.5,,46,4.87,False,0.413
nwpu_positive_448_001,nwpu_positive_448,train,10,vehicle,382,254,467,276,1809,1074,692,cir,0.4316,0.4-0.5,,93,2.409,False,0.209
nwpu_positive_448_002,nwpu_positive_448,train,10,vehicle,426,250,478,276,1343,1074,692,cir,0.4429,0.4-0.5,,57,3.93,False,0.413
nwpu_positive_448_003,nwpu_positive_448,train,10,vehicle,624,264,703,292,2168,1074,692,cir,0.5135,0.5-0.6,,87,2.575,False,0.286
nwpu_positive_448_004,nwpu_positive_448,train,10,vehicle,777,212,808,256,1389,1074,692,cir,0.4688,0.4-0.5,,49,4.571,False,0.579
nwpu_positive_448_005,nwpu_positive_448,train,10,vehicle,940,349,1000,378,1694,1074,692,cir,0.6726,0.6-0.7,,66,3.394,False,0.389
nwpu_positive_448_006,nwpu_positive_448,train,10,vehicle,112,282,178,302,1357,1074,692,cir,0.5039,0.5-0.6,,73,3.068,False,0.255
nwpu_positive_448_007,nwpu_positive_448,train,10,vehicle,523,248,571,276,1331,1074,692,cir,0.629,0.6-0.7,,54,4.148,False,0.456
nwpu_positive_448_008,nwpu_positive_448,train,10,vehicle,582,254,637,288,1865,1074,692,cir,0.6516,0.6-0.7,,61,3.672,False,0.501
nwpu_positive_449_000,nwpu_positive_449,train,10,vehicle,105,277,139,347,2372,1076,700,cir,0.599,0.5-0.6,,77,2.909,False,0.4
nwpu_positive_449_001,nwpu_positive_449,train,10,vehicle,242,383,288,417,1576,1076,700,cir,0.6173,0.6-0.7,,51,4.392,False,0.606
nwpu_positive_449_002,nwpu_positive_449,train,10,vehicle,458,271,504,313,1928,1076,700,cir,0.5253,0.5-0.6,,51,4.392,False,0.741
nwpu_positive_449_003,nwpu_positive_449,train,10,vehicle,459,334,514,359,1351,1076,700,cir,0.6515,0.6-0.7,,60,3.733,False,0.375
nwpu_positive_449_004,nwpu_positive_449,train,10,vehicle,507,170,587,201,2514,1076,700,cir,0.5815,0.5-0.6,,89,2.517,False,0.317
nwpu_positive_449_005,nwpu_positive_449,train,10,vehicle,599,297,667,323,1748,1076,700,cir,0.6201,0.6-0.7,,75,2.987,False,0.311
nwpu_positive_449_006,nwpu_positive_449,train,10,vehicle,793,204,857,229,1609,1076,700,cir,0.639,0.6-0.7,,71,3.155,False,0.319
nwpu_positive_449_007,nwpu_positive_449,train,10,vehicle,870,195,941,245,3531,1076,700,cir,0.664,0.6-0.7,,78,2.872,False,0.58
nwpu_positive_449_008,nwpu_positive_449,train,10,vehicle,456,382,525,409,1853,1076,700,cir,0.5281,0.5-0.6,,75,2.987,False,0.329
nwpu_positive_450_000,nwpu_positive_450,train,10,vehicle,509,330,555,391,2814,1065,641,cir,0.6732,0.6-0.7,,67,3.343,False,0.627
nwpu_positive_450_001,nwpu_positive_450,train,10,vehicle,721,329,781,360,1846,1065,641,cir,0.628,0.6-0.7,,66,3.394,False,0.424
nwpu_positive_450_002,nwpu_positive_450,train,10,vehicle,814,509,892,548,3071,1065,641,cir,0.5164,0.5-0.6,,87,2.575,False,0.406
nwpu_positive_450_003,nwpu_positive_450,train,10,vehicle,887,512,982,588,7198,1065,641,cir,0.4719,0.4-0.5,,105,2.133,False,0.653
nwpu_positive_450_004,nwpu_positive_450,train,10,vehicle,322,228,360,267,1491,1065,641,cir,0.5587,0.5-0.6,,43,5.209,False,0.806
nwpu_positive_450_005,nwpu_positive_450,train,10,vehicle,231,148,270,192,1737,1065,641,cir,0.4302,0.4-0.5,,48,4.667,False,0.754
nwpu_positive_451_000,nwpu_positive_451,train,10,vehicle,546,153,571,202,1256,1015,698,cir,0.6505,0.6-0.7,,54,4.148,False,0.431
nwpu_positive_451_001,nwpu_positive_451,train,10,vehicle,552,463,581,507,1295,1015,698,cir,0.4165,0.4-0.5,,49,4.571,False,0.54
nwpu_positive_451_002,nwpu_positive_451,train,10,vehicle,633,618,698,661,2787,1015,698,cir,0.5271,0.5-0.6,,71,3.155,False,0.553
nwpu_positive_451_003,nwpu_positive_451,train,10,vehicle,480,108,522,157,2043,1015,698,cir,0.4027,0.4-0.5,,54,4.148,False,0.701
nwpu_positive_451_004,nwpu_positive_451,train,10,vehicle,468,340,513,421,3666,1015,698,cir,0.4587,0.4-0.5,,89,2.517,False,0.463
nwpu_positive_452_000,nwpu_positive_452,train,10,vehicle,925,170,955,218,1429,1016,667,cir,0.6704,0.6-0.7,,53,4.226,False,0.509
nwpu_positive_452_001,nwpu_positive_452,train,10,vehicle,827,336,861,395,1983,1016,667,cir,0.4582,0.4-0.5,,65,3.446,False,0.469
nwpu_positive_452_002,nwpu_positive_452,train,10,vehicle,772,409,800,457,1354,1016,667,cir,0.4895,0.4-0.5,,52,4.308,False,0.501
nwpu_positive_452_003,nwpu_positive_452,train,10,vehicle,914,237,949,275,1328,1016,667,cir,0.4152,0.4-0.5,,43,5.209,False,0.718
nwpu_positive_452_004,nwpu_positive_452,train,10,vehicle,703,471,773,544,5135,1016,667,cir,0.6052,0.6-0.7,,81,2.765,False,0.783
nwpu_positive_453_000,nwpu_positive_453,val,10,vehicle,139,173,170,223,1559,1055,697,cir,0.4499,0.4-0.5,,55,4.073,False,0.515
nwpu_positive_453_001,nwpu_positive_453,val,10,vehicle,524,215,568,249,1479,1055,697,cir,0.4856,0.4-0.5,,48,4.667,False,0.642
nwpu_positive_453_002,nwpu_positive_453,val,10,vehicle,766,342,805,386,1733,1055,697,cir,0.6113,0.6-0.7,,49,4.571,False,0.722
nwpu_positive_453_003,nwpu_positive_453,val,10,vehicle,477,184,521,236,2291,1055,697,cir,0.448,0.4-0.5,,57,3.93,False,0.705
nwpu_positive_453_004,nwpu_positive_453,val,10,vehicle,416,175,487,238,4504,1055,697,cir,0.4744,0.4-0.5,,78,2.872,False,0.74
nwpu_positive_453_005,nwpu_positive_453,val,10,vehicle,144,377,197,410,1775,1055,697,cir,0.6708,0.6-0.7,,59,3.797,False,0.51
nwpu_positive_453_006,nwpu_positive_453,val,10,vehicle,115,493,146,526,1010,1055,697,cir,0.4671,0.4-0.5,,36,6.222,True,0.78
nwpu_positive_454_000,nwpu_positive_454,train,1,airplane,77,497,137,574,4614,1039,598,rgb,0.601,0.6-0.7,,85,2.635,False,0.639
nwpu_positive_454_001,nwpu_positive_454,train,1,airplane,142,306,208,352,3068,1039,598,rgb,0.6663,0.6-0.7,,73,3.068,False,0.576
nwpu_positive_454_002,nwpu_positive_454,train,1,airplane,357,230,407,299,3513,1039,598,rgb,0.6006,0.6-0.7,,76,2.947,False,0.608
nwpu_positive_454_003,nwpu_positive_454,train,1,airplane,590,66,634,121,2411,1039,598,rgb,0.609,0.6-0.7,,60,3.733,False,0.67
nwpu_positive_454_004,nwpu_positive_454,train,1,airplane,643,47,685,92,1923,1039,598,rgb,0.6865,0.6-0.7,,50,4.48,False,0.769
nwpu_positive_454_005,nwpu_positive_454,train,1,airplane,704,56,744,118,2488,1039,598,rgb,0.5121,0.5-0.6,,68,3.294,False,0.538
nwpu_positive_454_006,nwpu_positive_454,train,1,airplane,764,141,792,177,1004,1039,598,rgb,0.4401,0.4-0.5,,40,5.6,False,0.627
nwpu_positive_454_007,nwpu_positive_454,train,1,airplane,713,193,783,221,1981,1039,598,rgb,0.5843,0.5-0.6,,77,2.909,False,0.334
nwpu_positive_454_008,nwpu_positive_454,train,1,airplane,669,233,788,303,8385,1039,598,rgb,0.4909,0.4-0.5,,131,1.71,False,0.489
nwpu_positive_454_009,nwpu_positive_454,train,1,airplane,687,382,764,426,3385,1039,598,rgb,0.4681,0.4-0.5,,84,2.667,False,0.48
nwpu_positive_454_010,nwpu_positive_454,train,1,airplane,758,467,815,503,2059,1039,598,rgb,0.6557,0.6-0.7,,63,3.556,False,0.519
nwpu_positive_454_011,nwpu_positive_454,train,1,airplane,861,13,909,56,2090,1039,598,rgb,0.6195,0.6-0.7,,53,4.226,False,0.744
nwpu_positive_455_000,nwpu_positive_455,train,5,tennis_court,229,231,271,310,3328,753,513,rgb,0.6338,0.6-0.7,,87,2.575,False,0.44
nwpu_positive_455_001,nwpu_positive_455,train,5,tennis_court,277,189,362,282,7964,753,513,rgb,0.5035,0.5-0.6,,102,2.196,False,0.765
nwpu_positive_455_002,nwpu_positive_455,train,5,tennis_court,386,121,473,207,7401,753,513,rgb,0.4168,0.4-0.5,,95,2.358,False,0.82
nwpu_positive_455_003,nwpu_positive_455,train,5,tennis_court,457,103,508,180,3983,753,513,rgb,0.429,0.4-0.5,,85,2.635,False,0.551
nwpu_positive_456_000,nwpu_positive_456,val,7,ground_track_field,224,140,431,428,59550,715,546,rgb,0.4247,0.4-0.5,,317,0.707,False,0.593
nwpu_positive_457_000,nwpu_positive_457,train,6,basketball_court,219,163,263,266,4528,855,545,rgb,0.5723,0.5-0.6,,113,1.982,False,0.355
nwpu_positive_457_001,nwpu_positive_457,train,6,basketball_court,280,159,339,259,5838,855,545,rgb,0.6075,0.6-0.7,,110,2.036,False,0.483
nwpu_positive_457_002,nwpu_positive_457,train,6,basketball_court,310,152,397,259,9236,855,545,rgb,0.4577,0.4-0.5,,118,1.898,False,0.663
nwpu_positive_458_000,nwpu_positive_458,train,7,ground_track_field,548,80,762,382,64690,762,511,rgb,0.6025,0.6-0.7,,332,0.675,False,0.587
nwpu_positive_460_000,nwpu_positive_460,train,7,ground_track_field,145,0,242,238,23170,799,537,rgb,0.542,0.5-0.6,,262,0.855,False,0.338
nwpu_positive_461_000,nwpu_positive_461,train,7,ground_track_field,327,185,468,399,30293,884,534,rgb,0.5113,0.5-0.6,,236,0.949,False,0.544
nwpu_positive_463_000,nwpu_positive_463,train,4,baseball_diamond,740,91,831,173,7427,879,518,rgb,0.5067,0.5-0.6,,100,2.24,False,0.743
nwpu_positive_463_001,nwpu_positive_463,train,4,baseball_diamond,523,240,614,307,6051,879,518,rgb,0.4104,0.4-0.5,,100,2.24,False,0.605
nwpu_positive_463_002,nwpu_positive_463,train,4,baseball_diamond,797,342,863,398,3662,879,518,rgb,0.5132,0.5-0.6,,72,3.111,False,0.706
nwpu_positive_463_003,nwpu_positive_463,train,7,ground_track_field,281,128,503,448,71066,879,518,rgb,0.6181,0.6-0.7,,352,0.636,False,0.574
nwpu_positive_464_000,nwpu_positive_464,train,4,baseball_diamond,158,155,229,225,5067,885,533,rgb,0.5907,0.5-0.6,,79,2.835,False,0.812
nwpu_positive_464_001,nwpu_positive_464,train,4,baseball_diamond,301,43,405,115,7552,885,533,rgb,0.6526,0.6-0.7,,115,1.948,False,0.571
nwpu_positive_464_002,nwpu_positive_464,train,4,baseball_diamond,319,271,445,343,9015,885,533,rgb,0.6206,0.6-0.7,,138,1.623,False,0.473
nwpu_positive_464_003,nwpu_positive_464,train,7,ground_track_field,406,86,650,317,56342,885,533,rgb,0.6161,0.6-0.7,,268,0.836,False,0.784
nwpu_positive_465_000,nwpu_positive_465,train,7,ground_track_field,165,154,607,292,60913,964,549,rgb,0.4714,0.4-0.5,,486,0.461,False,0.258
nwpu_positive_468_000,nwpu_positive_468,val,7,ground_track_field,266,34,544,345,86401,914,535,rgb,0.5036,0.5-0.6,,342,0.655,False,0.739
nwpu_positive_471_000,nwpu_positive_471,val,4,baseball_diamond,568,338,766,442,20472,908,556,rgb,0.6299,0.6-0.7,,218,1.028,False,0.431
nwpu_positive_471_001,nwpu_positive_471,val,5,tennis_court,112,297,163,404,5461,908,556,rgb,0.5132,0.5-0.6,,118,1.898,False,0.392
nwpu_positive_471_002,nwpu_positive_471,val,5,tennis_court,160,298,215,349,2810,908,556,rgb,0.5264,0.5-0.6,,60,3.733,False,0.781
nwpu_positive_471_003,nwpu_positive_471,val,6,basketball_court,109,432,202,509,7132,908,556,rgb,0.4926,0.4-0.5,,103,2.175,False,0.672
nwpu_positive_472_000,nwpu_positive_472,train,4,baseball_diamond,124,215,234,309,10313,696,540,rgb,0.628,0.6-0.7,,121,1.851,False,0.704
nwpu_positive_472_001,nwpu_positive_472,train,7,ground_track_field,0,119,440,206,38358,696,540,rgb,0.4109,0.4-0.5,,484,0.463,False,0.164
nwpu_positive_473_000,nwpu_positive_473,train,6,basketball_court,48,159,121,228,4965,976,561,rgb,0.5039,0.5-0.6,,80,2.8,False,0.776
nwpu_positive_473_001,nwpu_positive_473,train,6,basketball_court,128,149,180,245,4953,976,561,rgb,0.6089,0.6-0.7,,105,2.133,False,0.449
nwpu_positive_473_002,nwpu_positive_473,train,6,basketball_court,54,261,117,314,3310,976,561,rgb,0.6367,0.6-0.7,,69,3.246,False,0.695
nwpu_positive_473_003,nwpu_positive_473,train,6,basketball_court,129,231,172,305,3155,976,561,rgb,0.6593,0.6-0.7,,80,2.8,False,0.493
nwpu_positive_473_004,nwpu_positive_473,train,6,basketball_court,69,340,131,400,3725,976,561,rgb,0.4643,0.4-0.5,,68,3.294,False,0.806
nwpu_positive_473_005,nwpu_positive_473,train,6,basketball_court,116,298,155,409,4349,976,561,rgb,0.4569,0.4-0.5,,122,1.836,False,0.292
nwpu_positive_474_000,nwpu_positive_474,train,7,ground_track_field,145,220,321,430,36923,776,483,rgb,0.6679,0.6-0.7,,231,0.97,False,0.692
nwpu_positive_475_000,nwpu_positive_475,val,7,ground_track_field,365,91,515,278,28142,822,519,rgb,0.6217,0.6-0.7,,206,1.087,False,0.663
nwpu_positive_478_000,nwpu_positive_478,train,4,baseball_diamond,244,101,306,135,2141,783,525,rgb,0.6094,0.6-0.7,,69,3.246,False,0.45
nwpu_positive_478_001,nwpu_positive_478,train,4,baseball_diamond,469,320,560,380,5436,783,525,rgb,0.4676,0.4-0.5,,100,2.24,False,0.544
nwpu_positive_478_002,nwpu_positive_478,train,7,ground_track_field,166,111,524,270,57120,783,525,rgb,0.621,0.6-0.7,,394,0.569,False,0.368
nwpu_positive_479_000,nwpu_positive_479,train,4,baseball_diamond,328,146,410,215,5622,827,576,rgb,0.4223,0.4-0.5,,89,2.517,False,0.71
nwpu_positive_479_001,nwpu_positive_479,train,4,baseball_diamond,673,115,768,171,5272,827,576,rgb,0.6649,0.6-0.7,,104,2.154,False,0.487
nwpu_positive_479_002,nwpu_positive_479,train,7,ground_track_field,251,196,688,372,76912,827,576,rgb,0.6373,0.6-0.7,,481,0.466,False,0.332
nwpu_positive_480_000,nwpu_positive_480,train,4,baseball_diamond,364,268,406,322,2231,901,565,rgb,0.5914,0.5-0.6,,59,3.797,False,0.641
nwpu_positive_480_001,nwpu_positive_480,train,4,baseball_diamond,492,236,554,317,5015,901,565,rgb,0.4625,0.4-0.5,,89,2.517,False,0.633
nwpu_positive_480_002,nwpu_positive_480,train,7,ground_track_field,702,39,805,340,31112,901,565,rgb,0.5578,0.5-0.6,,331,0.677,False,0.284
nwpu_positive_482_000,nwpu_positive_482,train,4,baseball_diamond,165,105,221,179,4153,863,530,rgb,0.6155,0.6-0.7,,81,2.765,False,0.633
nwpu_positive_482_001,nwpu_positive_482,train,4,baseball_diamond,127,215,212,301,7342,863,530,rgb,0.6374,0.6-0.7,,95,2.358,False,0.814
nwpu_positive_482_002,nwpu_positive_482,train,7,ground_track_field,342,60,548,362,62058,863,530,rgb,0.5907,0.5-0.6,,332,0.675,False,0.563
nwpu_positive_484_000,nwpu_positive_484,train,4,baseball_diamond,469,69,548,155,6802,883,547,rgb,0.4153,0.4-0.5,,95,2.358,False,0.754
nwpu_positive_484_001,nwpu_positive_484,train,4,baseball_diamond,623,59,699,111,3903,883,547,rgb,0.4331,0.4-0.5,,83,2.699,False,0.566
nwpu_positive_484_002,nwpu_positive_484,train,7,ground_track_field,589,37,872,409,105281,883,547,rgb,0.5774,0.5-0.6,,409,0.548,False,0.629
nwpu_positive_486_000,nwpu_positive_486,val,4,baseball_diamond,575,370,716,431,8681,934,572,rgb,0.415,0.4-0.5,,155,1.445,False,0.361
nwpu_positive_486_001,nwpu_positive_486,val,7,ground_track_field,557,102,881,344,78450,934,572,rgb,0.4107,0.4-0.5,,357,0.627,False,0.616
nwpu_positive_487_000,nwpu_positive_487,train,7,ground_track_field,351,176,584,501,75827,908,551,rgb,0.5796,0.5-0.6,,358,0.626,False,0.592
nwpu_positive_488_000,nwpu_positive_488,train,5,tennis_court,347,23,400,110,4671,859,562,rgb,0.6924,0.6-0.7,,96,2.333,False,0.507
nwpu_positive_488_001,nwpu_positive_488,train,5,tennis_court,398,34,439,105,2946,859,562,rgb,0.6856,0.6-0.7,,79,2.835,False,0.472
nwpu_positive_488_002,nwpu_positive_488,train,5,tennis_court,373,113,430,210,5400,859,562,rgb,0.6621,0.6-0.7,,106,2.113,False,0.481
nwpu_positive_488_003,nwpu_positive_488,train,5,tennis_court,407,121,476,219,6788,859,562,rgb,0.4694,0.4-0.5,,108,2.074,False,0.582
nwpu_positive_488_004,nwpu_positive_488,train,6,basketball_court,439,310,515,355,3435,859,562,rgb,0.4375,0.4-0.5,,84,2.667,False,0.487
nwpu_positive_488_005,nwpu_positive_488,train,6,basketball_court,460,384,532,451,4814,859,562,rgb,0.5959,0.5-0.6,,79,2.835,False,0.771
nwpu_positive_489_000,nwpu_positive_489,val,4,baseball_diamond,608,106,724,223,13467,860,571,rgb,0.498,0.4-0.5,,129,1.736,False,0.809
nwpu_positive_489_001,nwpu_positive_489,val,5,tennis_court,324,340,364,397,2329,860,571,rgb,0.5098,0.5-0.6,,63,3.556,False,0.587
nwpu_positive_489_002,nwpu_positive_489,val,5,tennis_court,382,302,438,379,4318,860,571,rgb,0.6004,0.6-0.7,,85,2.635,False,0.598
nwpu_positive_489_003,nwpu_positive_489,val,5,tennis_court,434,322,483,415,4621,860,571,rgb,0.4236,0.4-0.5,,103,2.175,False,0.436
nwpu_positive_489_004,nwpu_positive_489,val,5,tennis_court,507,343,544,407,2342,860,571,rgb,0.4314,0.4-0.5,,70,3.2,False,0.478
nwpu_positive_489_005,nwpu_positive_489,val,6,basketball_court,182,360,307,398,4699,860,571,rgb,0.5443,0.5-0.6,,138,1.623,False,0.247
nwpu_positive_490_000,nwpu_positive_490,train,2,ship,714,22,770,43,1148,988,567,rgb,0.5458,0.5-0.6,,61,3.672,False,0.308
nwpu_positive_490_001,nwpu_positive_490,train,2,ship,845,100,951,126,2827,988,567,rgb,0.5769,0.5-0.6,,117,1.915,False,0.207
nwpu_positive_490_002,nwpu_positive_490,train,2,ship,228,100,254,124,621,988,567,rgb,0.4948,0.4-0.5,,29,7.724,True,0.739
nwpu_positive_490_003,nwpu_positive_490,train,2,ship,166,248,212,282,1538,988,567,rgb,0.6169,0.6-0.7,,50,4.48,False,0.615
nwpu_positive_490_004,nwpu_positive_490,train,2,ship,152,428,214,457,1790,988,567,rgb,0.4379,0.4-0.5,,69,3.246,False,0.376
nwpu_positive_490_005,nwpu_positive_490,train,2,ship,468,188,528,232,2641,988,567,rgb,0.6868,0.6-0.7,,66,3.394,False,0.606
nwpu_positive_490_006,nwpu_positive_490,train,2,ship,664,204,758,258,5076,988,567,rgb,0.5532,0.5-0.6,,104,2.154,False,0.469
nwpu_positive_491_000,nwpu_positive_491,train,9,bridge,314,61,454,92,4343,901,570,rgb,0.6197,0.6-0.7,,154,1.455,False,0.183
nwpu_positive_491_001,nwpu_positive_491,train,9,bridge,526,374,682,506,20518,901,570,rgb,0.5534,0.5-0.6,,172,1.302,False,0.694
nwpu_positive_492_000,nwpu_positive_492,train,4,baseball_diamond,331,196,486,305,16812,879,571,rgb,0.6074,0.6-0.7,,171,1.31,False,0.575
nwpu_positive_492_001,nwpu_positive_492,train,4,baseball_diamond,169,341,279,450,11988,879,571,rgb,0.5123,0.5-0.6,,121,1.851,False,0.819
nwpu_positive_492_002,nwpu_positive_492,train,6,basketball_court,432,446,506,493,3454,879,571,rgb,0.6513,0.6-0.7,,81,2.765,False,0.526
nwpu_positive_492_003,nwpu_positive_492,train,6,basketball_court,525,380,593,429,3333,879,571,rgb,0.6799,0.6-0.7,,74,3.027,False,0.609
nwpu_positive_492_004,nwpu_positive_492,train,6,basketball_court,498,421,612,463,4758,879,571,rgb,0.5129,0.5-0.6,,125,1.792,False,0.305
nwpu_positive_493_000,nwpu_positive_493,val,5,tennis_court,581,251,636,330,4318,791,536,rgb,0.4118,0.4-0.5,,86,2.605,False,0.584
nwpu_positive_493_001,nwpu_positive_493,val,5,tennis_court,627,252,678,309,2914,791,536,rgb,0.623,0.6-0.7,,63,3.556,False,0.734
nwpu_positive_493_002,nwpu_positive_493,val,5,tennis_court,600,330,647,374,2059,791,536,rgb,0.5168,0.5-0.6,,52,4.308,False,0.761
nwpu_positive_493_003,nwpu_positive_493,val,5,tennis_court,655,347,685,409,1847,791,536,rgb,0.4047,0.4-0.5,,68,3.294,False,0.4
nwpu_positive_493_004,nwpu_positive_493,val,7,ground_track_field,122,74,584,232,72687,791,536,rgb,0.4933,0.4-0.5,,508,0.441,False,0.282
nwpu_positive_494_000,nwpu_positive_494,train,4,baseball_diamond,528,1,729,94,18649,959,565,rgb,0.6316,0.6-0.7,,221,1.014,False,0.382
nwpu_positive_494_001,nwpu_positive_494,train,6,basketball_court,626,283,718,371,8175,959,565,rgb,0.6005,0.6-0.7,,102,2.196,False,0.786
nwpu_positive_494_002,nwpu_positive_494,train,6,basketball_court,671,274,760,402,11313,959,565,rgb,0.4728,0.4-0.5,,140,1.6,False,0.577
nwpu_positive_495_000,nwpu_positive_495,train,4,baseball_diamond,160,296,330,414,20159,958,561,rgb,0.5574,0.5-0.6,,187,1.198,False,0.576
nwpu_positive_495_001,nwpu_positive_495,train,7,ground_track_field,537,108,858,401,94242,958,561,rgb,0.4162,0.4-0.5,,354,0.633,False,0.752
nwpu_positive_496_000,nwpu_positive_496,train,5,tennis_court,255,89,342,128,3398,907,568,rgb,0.4069,0.4-0.5,,95,2.358,False,0.376
nwpu_positive_496_001,nwpu_positive_496,train,5,tennis_court,296,116,344,145,1386,907,568,rgb,0.4764,0.4-0.5,,52,4.308,False,0.512
nwpu_positive_496_002,nwpu_positive_496,train,5,tennis_court,293,146,356,184,2367,907,568,rgb,0.625,0.6-0.7,,69,3.246,False,0.497
nwpu_positive_496_003,nwpu_positive_496,train,5,tennis_court,382,83,446,113,1944,907,568,rgb,0.6233,0.6-0.7,,70,3.2,False,0.397
nwpu_positive_496_004,nwpu_positive_496,train,5,tennis_court,457,80,532,108,2075,907,568,rgb,0.6393,0.6-0.7,,82,2.732,False,0.309
nwpu_positive_496_005,nwpu_positive_496,train,6,basketball_court,297,210,342,240,1377,907,568,rgb,0.4869,0.4-0.5,,50,4.48,False,0.551
nwpu_positive_496_006,nwpu_positive_496,train,6,basketball_court,289,231,334,268,1651,907,568,rgb,0.5658,0.5-0.6,,49,4.571,False,0.687
nwpu_positive_496_007,nwpu_positive_496,train,6,basketball_court,268,270,312,309,1722,907,568,rgb,0.5176,0.5-0.6,,49,4.571,False,0.717
nwpu_positive_496_008,nwpu_positive_496,train,6,basketball_court,284,301,355,353,3680,907,568,rgb,0.478,0.4-0.5,,78,2.872,False,0.605
nwpu_positive_496_009,nwpu_positive_496,train,7,ground_track_field,58,117,221,351,38165,907,568,rgb,0.6405,0.6-0.7,,258,0.868,False,0.573
nwpu_positive_497_000,nwpu_positive_497,train,4,baseball_diamond,140,364,261,481,14143,816,533,rgb,0.5033,0.5-0.6,,134,1.672,False,0.788
nwpu_positive_497_001,nwpu_positive_497,train,4,baseball_diamond,306,324,434,416,11712,816,533,rgb,0.6111,0.6-0.7,,140,1.6,False,0.598
nwpu_positive_497_002,nwpu_positive_497,train,7,ground_track_field,451,111,816,244,48605,816,533,rgb,0.4376,0.4-0.5,,401,0.559,False,0.302
nwpu_positive_498_000,nwpu_positive_498,train,6,basketball_court,372,203,538,322,19700,944,611,rgb,0.4701,0.4-0.5,,183,1.224,False,0.588
nwpu_positive_498_001,nwpu_positive_498,train,6,basketball_court,498,186,602,245,6152,944,611,rgb,0.5788,0.5-0.6,,114,1.965,False,0.473
nwpu_positive_498_002,nwpu_positive_498,train,6,basketball_court,474,267,603,328,7867,944,611,rgb,0.4508,0.4-0.5,,141,1.589,False,0.396
nwpu_positive_499_000,nwpu_positive_499,train,6,basketball_court,527,183,621,235,4942,720,516,rgb,0.41,0.4-0.5,,103,2.175,False,0.466
nwpu_positive_499_001,nwpu_positive_499,train,6,basketball_court,563,280,705,343,8874,720,516,rgb,0.497,0.4-0.5,,156,1.436,False,0.365
nwpu_positive_500_000,nwpu_positive_500,val,2,ship,68,77,126,151,4242,1137,547,rgb,0.5281,0.5-0.6,,81,2.765,False,0.647
nwpu_positive_500_001,nwpu_positive_500,val,2,ship,221,162,288,189,1799,1137,547,rgb,0.5919,0.5-0.6,,74,3.027,False,0.329
nwpu_positive_500_002,nwpu_positive_500,val,2,ship,465,42,580,94,6027,1137,547,rgb,0.5854,0.5-0.6,,127,1.764,False,0.374
nwpu_positive_500_003,nwpu_positive_500,val,2,ship,357,286,526,321,6015,1137,547,rgb,0.5473,0.5-0.6,,187,1.198,False,0.172
nwpu_positive_500_004,nwpu_positive_500,val,2,ship,576,436,668,515,7177,1137,547,rgb,0.4555,0.4-0.5,,100,2.24,False,0.718
nwpu_positive_500_005,nwpu_positive_500,val,2,ship,778,230,888,307,8471,1137,547,rgb,0.5645,0.5-0.6,,121,1.851,False,0.579
nwpu_positive_500_006,nwpu_positive_500,val,2,ship,946,68,1042,111,4193,1137,547,rgb,0.4466,0.4-0.5,,105,2.133,False,0.38
nwpu_positive_501_000,nwpu_positive_501,train,2,ship,75,248,136,324,4688,1207,559,rgb,0.5691,0.5-0.6,,85,2.635,False,0.649
nwpu_positive_501_001,nwpu_positive_501,train,2,ship,364,111,408,187,3325,1207,559,rgb,0.6101,0.6-0.7,,83,2.699,False,0.483
nwpu_positive_501_002,nwpu_positive_501,train,2,ship,509,31,554,79,2163,1207,559,rgb,0.5668,0.5-0.6,,52,4.308,False,0.8
nwpu_positive_501_003,nwpu_positive_501,train,2,ship,472,252,509,305,2001,1207,559,rgb,0.4941,0.4-0.5,,59,3.797,False,0.575
nwpu_positive_501_004,nwpu_positive_501,train,2,ship,746,269,778,377,3432,1207,559,rgb,0.5552,0.5-0.6,,120,1.867,False,0.238
nwpu_positive_501_005,nwpu_positive_501,train,2,ship,975,98,1035,168,4148,1207,559,rgb,0.5369,0.5-0.6,,77,2.909,False,0.7
nwpu_positive_501_006,nwpu_positive_501,train,2,ship,965,340,1047,430,7396,1207,559,rgb,0.4789,0.4-0.5,,98,2.286,False,0.77
nwpu_positive_502_000,nwpu_positive_502,train,2,ship,426,61,472,122,2803,1073,540,rgb,0.567,0.5-0.6,,67,3.343,False,0.624
nwpu_positive_502_001,nwpu_positive_502,train,2,ship,665,198,716,262,3243,1073,540,rgb,0.6763,0.6-0.7,,71,3.155,False,0.643
nwpu_positive_502_002,nwpu_positive_502,train,2,ship,404,372,524,471,11928,1073,540,rgb,0.665,0.6-0.7,,133,1.684,False,0.674
nwpu_positive_503_000,nwpu_positive_503,val,2,ship,66,439,104,514,2841,1233,558,rgb,0.6244,0.6-0.7,,82,2.732,False,0.422
nwpu_positive_503_001,nwpu_positive_503,val,2,ship,83,278,174,339,5436,1233,558,rgb,0.6944,0.6-0.7,,99,2.263,False,0.555
nwpu_positive_503_002,nwpu_positive_503,val,2,ship,278,331,331,406,3967,1233,558,rgb,0.4237,0.4-0.5,,82,2.732,False,0.59
nwpu_positive_503_003,nwpu_positive_503,val,2,ship,333,91,397,159,4322,1233,558,rgb,0.6797,0.6-0.7,,75,2.987,False,0.768
nwpu_positive_503_004,nwpu_positive_503,val,2,ship,534,34,578,64,1344,1233,558,rgb,0.5232,0.5-0.6,,48,4.667,False,0.583
nwpu_positive_503_005,nwpu_positive_503,val,2,ship,643,148,705,220,4557,1233,558,rgb,0.6561,0.6-0.7,,80,2.8,False,0.712
nwpu_positive_503_006,nwpu_positive_503,val,2,ship,664,272,741,312,3087,1233,558,rgb,0.4196,0.4-0.5,,84,2.667,False,0.438
nwpu_positive_503_007,nwpu_positive_503,val,2,ship,468,401,581,434,3818,1233,558,rgb,0.4057,0.4-0.5,,124,1.806,False,0.248
nwpu_positive_503_008,nwpu_positive_503,val,2,ship,807,67,863,98,1758,1233,558,rgb,0.5688,0.5-0.6,,62,3.613,False,0.457
nwpu_positive_503_009,nwpu_positive_503,val,2,ship,873,88,940,125,2470,1233,558,rgb,0.6924,0.6-0.7,,73,3.068,False,0.463
nwpu_positive_503_010,nwpu_positive_503,val,2,ship,876,244,959,276,2663,1233,558,rgb,0.4534,0.4-0.5,,91,2.462,False,0.322
nwpu_positive_503_011,nwpu_positive_503,val,2,ship,830,441,915,515,6369,1233,558,rgb,0.4683,0.4-0.5,,94,2.383,False,0.721
nwpu_positive_503_012,nwpu_positive_503,val,2,ship,1000,56,1052,101,2344,1233,558,rgb,0.5904,0.5-0.6,,57,3.93,False,0.722
nwpu_positive_503_013,nwpu_positive_503,val,2,ship,1054,156,1121,179,1516,1233,558,rgb,0.577,0.5-0.6,,74,3.027,False,0.277
nwpu_positive_503_014,nwpu_positive_503,val,2,ship,1126,118,1178,162,2288,1233,558,rgb,0.6075,0.6-0.7,,57,3.93,False,0.704
nwpu_positive_504_000,nwpu_positive_504,val,2,ship,30,106,79,164,2826,1267,549,rgb,0.6776,0.6-0.7,,63,3.556,False,0.712
nwpu_positive_504_001,nwpu_positive_504,val,2,ship,154,220,200,270,2299,1267,549,rgb,0.5639,0.5-0.6,,56,4.0,False,0.733
nwpu_positive_504_002,nwpu_positive_504,val,2,ship,346,166,407,191,1534,1267,549,rgb,0.4357,0.4-0.5,,67,3.343,False,0.342
nwpu_positive_504_003,nwpu_positive_504,val,2,ship,293,348,382,410,5413,1267,549,rgb,0.513,0.5-0.6,,97,2.309,False,0.575
nwpu_positive_504_004,nwpu_positive_504,val,2,ship,536,98,625,121,2037,1267,549,rgb,0.4416,0.4-0.5,,98,2.286,False,0.212
nwpu_positive_504_005,nwpu_positive_504,val,2,ship,585,408,699,439,3534,1267,549,rgb,0.5345,0.5-0.6,,125,1.792,False,0.226
nwpu_positive_504_006,nwpu_positive_504,val,2,ship,752,81,853,131,5031,1267,549,rgb,0.405,0.4-0.5,,111,2.018,False,0.408
nwpu_positive_504_007,nwpu_positive_504,val,2,ship,860,469,953,509,3698,1267,549,rgb,0.5331,0.5-0.6,,103,2.175,False,0.349
nwpu_positive_504_008,nwpu_positive_504,val,2,ship,1002,54,1064,94,2506,1267,549,rgb,0.6157,0.6-0.7,,68,3.294,False,0.542
nwpu_positive_504_009,nwpu_positive_504,val,2,ship,1096,190,1164,218,1905,1267,549,rgb,0.6214,0.6-0.7,,75,2.987,False,0.339
nwpu_positive_504_010,nwpu_positive_504,val,2,ship,1158,452,1267,497,4930,1267,549,rgb,0.5736,0.5-0.6,,120,1.867,False,0.342
nwpu_positive_506_000,nwpu_positive_506,train,2,ship,29,38,81,66,1440,960,559,rgb,0.5039,0.5-0.6,,57,3.93,False,0.443
nwpu_positive_506_001,nwpu_positive_506,train,2,ship,38,139,109,205,4689,960,559,rgb,0.4417,0.4-0.5,,78,2.872,False,0.771
nwpu_positive_506_002,nwpu_positive_506,train,2,ship,0,312,31,362,1580,960,559,rgb,0.6167,0.6-0.7,,55,4.073,False,0.522
nwpu_positive_506_003,nwpu_positive_506,train,2,ship,129,323,170,398,3088,960,559,rgb,0.4474,0.4-0.5,,83,2.699,False,0.448
nwpu_positive_506_004,nwpu_positive_506,train,2,ship,347,129,445,177,4722,960,559,rgb,0.492,0.4-0.5,,108,2.074,False,0.405
nwpu_positive_506_005,nwpu_positive_506,train,2,ship,291,345,409,452,12572,960,559,rgb,0.4838,0.4-0.5,,129,1.736,False,0.755
nwpu_positive_506_006,nwpu_positive_506,train,2,ship,498,62,536,103,1551,960,559,rgb,0.449,0.4-0.5,,45,4.978,False,0.766
nwpu_positive_506_007,nwpu_positive_506,train,2,ship,578,280,619,380,4113,960,559,rgb,0.6129,0.6-0.7,,110,2.036,False,0.34
nwpu_positive_506_008,nwpu_positive_506,train,2,ship,552,420,605,516,5025,960,559,rgb,0.6243,0.6-0.7,,106,2.113,False,0.447
nwpu_positive_506_009,nwpu_positive_506,train,2,ship,679,39,739,107,4074,960,559,rgb,0.4221,0.4-0.5,,75,2.987,False,0.724
nwpu_positive_507_000,nwpu_positive_507,train,2,ship,83,110,122,163,2050,1022,565,rgb,0.5008,0.5-0.6,,58,3.862,False,0.609
nwpu_positive_507_001,nwpu_positive_507,train,2,ship,94,285,183,314,2620,1022,565,rgb,0.5563,0.5-0.6,,97,2.309,False,0.278
nwpu_positive_507_002,nwpu_positive_507,train,2,ship,257,84,314,112,1559,1022,565,rgb,0.6447,0.6-0.7,,62,3.613,False,0.405
nwpu_positive_507_003,nwpu_positive_507,train,2,ship,318,378,360,409,1302,1022,565,rgb,0.5024,0.5-0.6,,46,4.87,False,0.615
nwpu_positive_507_004,nwpu_positive_507,train,2,ship,221,495,267,552,2612,1022,565,rgb,0.5116,0.5-0.6,,63,3.556,False,0.658
nwpu_positive_507_005,nwpu_positive_507,train,2,ship,354,57,383,127,2070,1022,565,rgb,0.5394,0.5-0.6,,77,2.909,False,0.349
nwpu_positive_507_006,nwpu_positive_507,train,2,ship,453,216,488,263,1674,1022,565,rgb,0.5332,0.5-0.6,,52,4.308,False,0.619
nwpu_positive_507_007,nwpu_positive_507,train,2,ship,540,5,582,73,2860,1022,565,rgb,0.6605,0.6-0.7,,75,2.987,False,0.509
nwpu_positive_507_008,nwpu_positive_507,train,2,ship,581,117,632,176,2993,1022,565,rgb,0.6149,0.6-0.7,,64,3.5,False,0.731
nwpu_positive_509_000,nwpu_positive_509,train,2,ship,87,396,158,443,3326,1085,565,rgb,0.6232,0.6-0.7,,78,2.872,False,0.547
nwpu_positive_509_001,nwpu_positive_509,train,2,ship,290,144,326,162,619,1085,565,rgb,0.4096,0.4-0.5,,40,5.6,False,0.387
nwpu_positive_509_002,nwpu_positive_509,train,2,ship,375,136,426,157,1048,1085,565,rgb,0.652,0.6-0.7,,56,4.0,False,0.334
nwpu_positive_509_003,nwpu_positive_509,train,2,ship,524,86,607,116,2456,1085,565,rgb,0.4241,0.4-0.5,,91,2.462,False,0.297
nwpu_positive_509_004,nwpu_positive_509,train,2,ship,1006,347,1069,373,1602,1085,565,rgb,0.4206,0.4-0.5,,69,3.246,False,0.337
nwpu_positive_511_000,nwpu_positive_511,train,2,ship,43,450,98,518,3748,1189,559,rgb,0.6534,0.6-0.7,,74,3.027,False,0.684
nwpu_positive_511_001,nwpu_positive_511,train,2,ship,256,241,276,295,1124,1189,559,rgb,0.5511,0.5-0.6,,60,3.733,False,0.312
nwpu_positive_511_002,nwpu_positive_511,train,2,ship,293,390,321,438,1382,1189,559,rgb,0.6803,0.6-0.7,,53,4.226,False,0.492
nwpu_positive_511_003,nwpu_positive_511,train,2,ship,525,163,565,213,1966,1189,559,rgb,0.5254,0.5-0.6,,55,4.073,False,0.65
nwpu_positive_511_004,nwpu_positive_511,train,2,ship,485,388,511,449,1593,1189,559,rgb,0.445,0.4-0.5,,67,3.343,False,0.355
nwpu_positive_511_005,nwpu_positive_511,train,2,ship,635,65,721,103,3345,1189,559,rgb,0.6364,0.6-0.7,,95,2.358,False,0.371
nwpu_positive_511_006,nwpu_positive_511,train,2,ship,671,178,725,209,1635,1189,559,rgb,0.4397,0.4-0.5,,58,3.862,False,0.486
nwpu_positive_511_007,nwpu_positive_511,train,2,ship,918,133,1016,160,2680,1189,559,rgb,0.4255,0.4-0.5,,107,2.093,False,0.234
nwpu_positive_511_008,nwpu_positive_511,train,2,ship,1064,124,1144,151,2156,1189,559,rgb,0.5846,0.5-0.6,,88,2.545,False,0.278
nwpu_positive_511_009,nwpu_positive_511,train,2,ship,783,269,817,349,2753,1189,559,rgb,0.5706,0.5-0.6,,88,2.545,False,0.356
nwpu_positive_511_010,nwpu_positive_511,train,2,ship,1021,270,1105,333,5292,1189,559,rgb,0.6325,0.6-0.7,,92,2.435,False,0.625
nwpu_positive_511_011,nwpu_positive_511,train,2,ship,1034,446,1102,499,3644,1189,559,rgb,0.601,0.6-0.7,,75,2.987,False,0.648
nwpu_positive_512_000,nwpu_positive_512,train,2,ship,90,72,137,116,2077,961,565,rgb,0.5231,0.5-0.6,,51,4.392,False,0.798
nwpu_positive_512_001,nwpu_positive_512,train,2,ship,202,312,246,411,4368,961,565,rgb,0.521,0.5-0.6,,109,2.055,False,0.368
nwpu_positive_512_002,nwpu_positive_512,train,2,ship,388,222,405,267,756,961,565,rgb,0.6139,0.6-0.7,,51,4.392,False,0.291
nwpu_positive_512_003,nwpu_positive_512,train,2,ship,446,387,497,475,4431,961,565,rgb,0.5347,0.5-0.6,,97,2.309,False,0.471
nwpu_positive_512_004,nwpu_positive_512,train,2,ship,588,112,629,187,3072,961,565,rgb,0.5218,0.5-0.6,,83,2.699,False,0.446
nwpu_positive_512_005,nwpu_positive_512,train,2,ship,565,254,590,317,1577,961,565,rgb,0.5581,0.5-0.6,,69,3.246,False,0.331
nwpu_positive_512_006,nwpu_positive_512,train,2,ship,782,45,822,119,3031,961,565,rgb,0.4169,0.4-0.5,,82,2.732,False,0.451
nwpu_positive_512_007,nwpu_positive_512,train,2,ship,805,276,835,374,2999,961,565,rgb,0.5986,0.5-0.6,,108,2.074,False,0.257
nwpu_positive_513_000,nwpu_positive_513,train,2,ship,46,122,118,171,3479,1213,559,rgb,0.5311,0.5-0.6,,79,2.835,False,0.557
nwpu_positive_513_001,nwpu_positive_513,train,2,ship,103,355,156,407,2736,1213,559,rgb,0.4568,0.4-0.5,,58,3.862,False,0.813
nwpu_positive_513_002,nwpu_positive_513,train,2,ship,669,365,712,406,1748,1213,559,rgb,0.5715,0.5-0.6,,47,4.766,False,0.791
nwpu_positive_513_003,nwpu_positive_513,train,2,ship,807,46,885,82,2828,1213,559,rgb,0.6527,0.6-0.7,,86,2.605,False,0.382
nwpu_positive_513_004,nwpu_positive_513,train,2,ship,826,256,882,324,3801,1213,559,rgb,0.6951,0.6-0.7,,75,2.987,False,0.676
nwpu_positive_513_005,nwpu_positive_513,train,2,ship,798,447,849,488,2099,1213,559,rgb,0.6084,0.6-0.7,,56,4.0,False,0.669
nwpu_positive_513_006,nwpu_positive_513,train,2,ship,925,415,990,451,2364,1213,559,rgb,0.6162,0.6-0.7,,71,3.155,False,0.469
nwpu_positive_513_007,nwpu_positive_513,train,2,ship,1060,226,1147,283,4865,1213,559,rgb,0.5503,0.5-0.6,,96,2.333,False,0.528
nwpu_positive_513_008,nwpu_positive_513,train,2,ship,1052,354,1107,389,1904,1213,559,rgb,0.4301,0.4-0.5,,60,3.733,False,0.529
nwpu_positive_513_009,nwpu_positive_513,train,2,ship,1144,499,1179,546,1631,1213,559,rgb,0.4671,0.4-0.5,,51,4.392,False,0.627
nwpu_positive_513_010,nwpu_positive_513,train,2,ship,1117,16,1173,67,2880,1213,559,rgb,0.657,0.6-0.7,,63,3.556,False,0.726
nwpu_positive_513_011,nwpu_positive_513,train,2,ship,662,527,718,559,1791,1213,559,rgb,0.4719,0.4-0.5,,61,3.672,False,0.481
nwpu_positive_514_000,nwpu_positive_514,train,2,ship,9,11,56,41,1384,956,554,rgb,0.5394,0.5-0.6,,51,4.392,False,0.532
nwpu_positive_514_001,nwpu_positive_514,train,2,ship,96,391,183,462,6195,956,554,rgb,0.5867,0.5-0.6,,96,2.333,False,0.672
nwpu_positive_514_002,nwpu_positive_514,train,2,ship,233,81,277,132,2273,956,554,rgb,0.6958,0.6-0.7,,57,3.93,False,0.7
nwpu_positive_514_003,nwpu_positive_514,train,2,ship,176,283,253,355,5531,956,554,rgb,0.6596,0.6-0.7,,85,2.635,False,0.766
nwpu_positive_514_004,nwpu_positive_514,train,2,ship,415,41,468,66,1326,956,554,rgb,0.5376,0.5-0.6,,59,3.797,False,0.381
nwpu_positive_514_005,nwpu_positive_514,train,2,ship,400,346,495,395,4628,956,554,rgb,0.457,0.4-0.5,,104,2.154,False,0.428
nwpu_positive_514_006,nwpu_positive_514,train,2,ship,672,272,757,345,6268,956,554,rgb,0.4544,0.4-0.5,,94,2.383,False,0.709
nwpu_positive_514_007,nwpu_positive_514,train,2,ship,852,217,923,274,3992,956,554,rgb,0.5639,0.5-0.6,,77,2.909,False,0.673
nwpu_positive_515_000,nwpu_positive_515,train,1,airplane,352,69,447,138,6627,953,553,rgb,0.4695,0.4-0.5,,105,2.133,False,0.601
nwpu_positive_515_001,nwpu_positive_515,train,1,airplane,337,130,443,199,7291,953,553,rgb,0.5646,0.5-0.6,,117,1.915,False,0.533
nwpu_positive_515_002,nwpu_positive_515,train,1,airplane,300,170,366,274,6940,953,553,rgb,0.6045,0.6-0.7,,115,1.948,False,0.525
nwpu_positive_515_003,nwpu_positive_515,train,1,airplane,391,280,449,326,2604,953,553,rgb,0.5155,0.5-0.6,,63,3.556,False,0.656
nwpu_positive_515_004,nwpu_positive_515,train,1,airplane,474,301,570,400,9494,953,553,rgb,0.6218,0.6-0.7,,109,2.055,False,0.799
nwpu_positive_515_005,nwpu_positive_515,train,1,airplane,551,263,598,295,1506,953,553,rgb,0.526,0.5-0.6,,52,4.308,False,0.557
nwpu_positive_515_006,nwpu_positive_515,train,1,airplane,551,214,611,244,1839,953,553,rgb,0.6455,0.6-0.7,,67,3.343,False,0.41
nwpu_positive_516_000,nwpu_positive_516,train,1,airplane,107,9,170,45,2274,1183,568,rgb,0.4034,0.4-0.5,,69,3.246,False,0.478
nwpu_positive_516_001,nwpu_positive_516,train,1,airplane,94,66,186,123,5241,1183,568,rgb,0.6188,0.6-0.7,,101,2.218,False,0.514
nwpu_positive_516_002,nwpu_positive_516,train,1,airplane,66,131,164,169,3702,1183,568,rgb,0.5602,0.5-0.6,,108,2.074,False,0.317
nwpu_positive_516_003,nwpu_positive_516,train,1,airplane,76,190,141,225,2241,1183,568,rgb,0.4149,0.4-0.5,,71,3.155,False,0.444
nwpu_positive_516_004,nwpu_positive_516,train,1,airplane,86,251,170,315,5379,1183,568,rgb,0.6524,0.6-0.7,,93,2.409,False,0.622
nwpu_positive_516_005,nwpu_positive_516,train,1,airplane,50,329,147,400,6844,1183,568,rgb,0.6774,0.6-0.7,,106,2.113,False,0.609
nwpu_positive_516_006,nwpu_positive_516,train,1,airplane,651,74,718,101,1784,1183,568,rgb,0.6212,0.6-0.7,,73,3.068,False,0.335
nwpu_positive_516_007,nwpu_positive_516,train,1,airplane,838,394,921,499,8774,1183,568,rgb,0.5157,0.5-0.6,,116,1.931,False,0.652
nwpu_positive_516_008,nwpu_positive_516,train,1,airplane,1059,365,1156,451,8392,1183,568,rgb,0.4165,0.4-0.5,,107,2.093,False,0.733
nwpu_positive_517_000,nwpu_positive_517,train,2,ship,115,135,167,197,3241,1060,563,rgb,0.4017,0.4-0.5,,68,3.294,False,0.701
nwpu_positive_517_001,nwpu_positive_517,train,2,ship,373,36,427,83,2508,1060,563,rgb,0.5817,0.5-0.6,,60,3.733,False,0.697
nwpu_positive_517_002,nwpu_positive_517,train,2,ship,227,269,292,292,1550,1060,563,rgb,0.6541,0.6-0.7,,72,3.111,False,0.299
nwpu_positive_517_003,nwpu_positive_517,train,2,ship,83,476,195,517,4562,1060,563,rgb,0.5975,0.5-0.6,,123,1.821,False,0.302
nwpu_positive_517_004,nwpu_positive_517,train,2,ship,449,266,506,306,2271,1060,563,rgb,0.4239,0.4-0.5,,63,3.556,False,0.572
nwpu_positive_517_005,nwpu_positive_517,train,2,ship,424,478,485,541,3799,1060,563,rgb,0.6114,0.6-0.7,,69,3.246,False,0.798
nwpu_positive_517_006,nwpu_positive_517,train,2,ship,597,42,655,67,1460,1060,563,rgb,0.606,0.6-0.7,,64,3.5,False,0.356
nwpu_positive_517_007,nwpu_positive_517,train,2,ship,620,206,675,253,2580,1060,563,rgb,0.6173,0.6-0.7,,61,3.672,False,0.693
nwpu_positive_517_008,nwpu_positive_517,train,2,ship,863,101,917,127,1409,1060,563,rgb,0.6512,0.6-0.7,,59,3.797,False,0.405
nwpu_positive_517_009,nwpu_positive_517,train,2,ship,772,416,831,442,1552,1060,563,rgb,0.6421,0.6-0.7,,65,3.446,False,0.367
nwpu_positive_518_000,nwpu_positive_518,train,2,ship,32,151,112,190,3180,1137,548,rgb,0.6332,0.6-0.7,,89,2.517,False,0.401
nwpu_positive_518_001,nwpu_positive_518,train,2,ship,151,225,263,251,2876,1137,548,rgb,0.5858,0.5-0.6,,123,1.821,False,0.19
nwpu_positive_518_002,nwpu_positive_518,train,2,ship,419,27,463,104,3369,1137,548,rgb,0.4567,0.4-0.5,,85,2.635,False,0.466
nwpu_positive_518_003,nwpu_positive_518,train,2,ship,417,240,493,268,2164,1137,548,rgb,0.6232,0.6-0.7,,84,2.667,False,0.307
nwpu_positive_518_004,nwpu_positive_518,train,2,ship,341,416,440,439,2288,1137,548,rgb,0.6185,0.6-0.7,,109,2.055,False,0.193
nwpu_positive_518_005,nwpu_positive_518,train,2,ship,637,229,739,314,8716,1137,548,rgb,0.5131,0.5-0.6,,112,2.0,False,0.695
nwpu_positive_518_006,nwpu_positive_518,train,2,ship,546,492,603,522,1676,1137,548,rgb,0.6444,0.6-0.7,,63,3.556,False,0.422
nwpu_positive_518_007,nwpu_positive_518,train,2,ship,1083,189,1112,289,2893,1137,548,rgb,0.4717,0.4-0.5,,110,2.036,False,0.239
nwpu_positive_518_008,nwpu_positive_518,train,2,ship,908,453,943,496,1476,1137,548,rgb,0.6952,0.6-0.7,,47,4.766,False,0.668
nwpu_positive_519_000,nwpu_positive_519,val,2,ship,23,161,103,199,3044,1045,541,rgb,0.4205,0.4-0.5,,88,2.545,False,0.393
nwpu_positive_519_001,nwpu_positive_519,val,2,ship,252,33,296,85,2303,1045,541,rgb,0.5467,0.5-0.6,,58,3.862,False,0.684
nwpu_positive_519_002,nwpu_positive_519,val,2,ship,189,195,328,251,7744,1045,541,rgb,0.4263,0.4-0.5,,153,1.464,False,0.331
nwpu_positive_519_003,nwpu_positive_519,val,2,ship,267,315,389,392,9440,1045,541,rgb,0.4177,0.4-0.5,,135,1.659,False,0.518
nwpu_positive_519_004,nwpu_positive_519,val,2,ship,502,150,562,214,3822,1045,541,rgb,0.4749,0.4-0.5,,71,3.155,False,0.758
nwpu_positive_519_005,nwpu_positive_519,val,2,ship,584,26,658,50,1784,1045,541,rgb,0.4202,0.4-0.5,,81,2.765,False,0.272
nwpu_positive_519_006,nwpu_positive_519,val,2,ship,908,48,958,68,989,1045,541,rgb,0.5154,0.5-0.6,,55,4.073,False,0.327
nwpu_positive_519_007,nwpu_positive_519,val,2,ship,884,216,921,244,1064,1045,541,rgb,0.5219,0.5-0.6,,41,5.463,False,0.633
nwpu_positive_520_000,nwpu_positive_520,train,2,ship,706,81,814,121,4372,1043,552,rgb,0.4589,0.4-0.5,,119,1.882,False,0.309
nwpu_positive_520_001,nwpu_positive_520,train,2,ship,828,104,911,174,5877,1043,552,rgb,0.5015,0.5-0.6,,92,2.435,False,0.694
nwpu_positive_520_002,nwpu_positive_520,train,2,ship,890,347,941,378,1628,1043,552,rgb,0.4081,0.4-0.5,,56,4.0,False,0.519
nwpu_positive_522_000,nwpu_positive_522,train,8,harbor,75,252,268,371,22971,1126,564,rgb,0.6307,0.6-0.7,,213,1.052,False,0.506
nwpu_positive_522_001,nwpu_positive_522,train,8,harbor,39,329,241,441,22657,1126,564,rgb,0.652,0.6-0.7,,222,1.009,False,0.46
nwpu_positive_522_002,nwpu_positive_522,train,8,harbor,465,39,571,139,10663,1126,564,rgb,0.6066,0.6-0.7,,117,1.915,False,0.779
nwpu_positive_522_003,nwpu_positive_522,train,8,harbor,576,45,651,126,6126,1126,564,rgb,0.6165,0.6-0.7,,89,2.517,False,0.773
nwpu_positive_522_004,nwpu_positive_522,train,8,harbor,694,62,783,176,10097,1126,564,rgb,0.4437,0.4-0.5,,125,1.792,False,0.646
nwpu_positive_522_005,nwpu_positive_522,train,8,harbor,786,37,861,149,8392,1126,564,rgb,0.6527,0.6-0.7,,122,1.836,False,0.564
nwpu_positive_522_006,nwpu_positive_522,train,8,harbor,845,15,919,131,8491,1126,564,rgb,0.5176,0.5-0.6,,127,1.764,False,0.526
nwpu_positive_522_007,nwpu_positive_522,train,8,harbor,931,23,976,124,4525,1126,564,rgb,0.6796,0.6-0.7,,111,2.018,False,0.367
nwpu_positive_522_008,nwpu_positive_522,train,8,harbor,840,298,905,417,7683,1126,564,rgb,0.464,0.4-0.5,,131,1.71,False,0.448
nwpu_positive_522_009,nwpu_positive_522,train,8,harbor,952,237,1075,287,6074,1126,564,rgb,0.5659,0.5-0.6,,135,1.659,False,0.333
nwpu_positive_522_010,nwpu_positive_522,train,8,harbor,854,327,1064,382,11531,1126,564,rgb,0.5583,0.5-0.6,,231,0.97,False,0.216
nwpu_positive_523_000,nwpu_positive_523,train,8,harbor,295,22,327,144,3829,940,555,rgb,0.5957,0.5-0.6,,134,1.672,False,0.213
nwpu_positive_523_001,nwpu_positive_523,train,8,harbor,150,120,273,157,4648,940,555,rgb,0.438,0.4-0.5,,135,1.659,False,0.255
nwpu_positive_523_002,nwpu_positive_523,train,8,harbor,162,200,363,245,9154,940,555,rgb,0.67,0.6-0.7,,220,1.018,False,0.189
nwpu_positive_523_003,nwpu_positive_523,train,8,harbor,186,271,328,321,7069,940,555,rgb,0.4281,0.4-0.5,,157,1.427,False,0.287
nwpu_positive_523_004,nwpu_positive_523,train,8,harbor,305,278,435,317,5062,940,555,rgb,0.492,0.4-0.5,,143,1.566,False,0.248
nwpu_positive_523_005,nwpu_positive_523,train,8,harbor,384,36,492,69,3654,940,555,rgb,0.5399,0.5-0.6,,119,1.882,False,0.258
nwpu_positive_523_006,nwpu_positive_523,train,8,harbor,396,83,533,157,10154,940,555,rgb,0.4222,0.4-0.5,,151,1.483,False,0.445
nwpu_positive_523_007,nwpu_positive_523,train,8,harbor,368,179,471,225,4730,940,555,rgb,0.5422,0.5-0.6,,113,1.982,False,0.37
nwpu_positive_523_008,nwpu_positive_523,train,8,harbor,543,47,656,117,7905,940,555,rgb,0.4419,0.4-0.5,,124,1.806,False,0.514
nwpu_positive_523_009,nwpu_positive_523,train,8,harbor,516,125,698,180,9978,940,555,rgb,0.6368,0.6-0.7,,200,1.12,False,0.249
nwpu_positive_523_010,nwpu_positive_523,train,8,harbor,576,211,698,259,5841,940,555,rgb,0.4739,0.4-0.5,,134,1.672,False,0.325
nwpu_positive_523_011,nwpu_positive_523,train,8,harbor,603,311,698,393,7786,940,555,rgb,0.5207,0.5-0.6,,104,2.154,False,0.72
nwpu_positive_523_012,nwpu_positive_523,train,8,harbor,533,398,749,439,8967,940,555,rgb,0.5172,0.5-0.6,,237,0.945,False,0.16
nwpu_positive_524_000,nwpu_positive_524,val,7,ground_track_field,323,146,478,464,49025,839,538,rgb,0.5426,0.5-0.6,,349,0.642,False,0.403
nwpu_positive_525_000,nwpu_positive_525,train,4,baseball_diamond,424,192,505,261,5581,743,546,rgb,0.5615,0.5-0.6,,88,2.545,False,0.721
nwpu_positive_525_001,nwpu_positive_525,train,4,baseball_diamond,353,373,427,459,6250,743,546,rgb,0.5538,0.5-0.6,,94,2.383,False,0.707
nwpu_positive_525_002,nwpu_positive_525,train,7,ground_track_field,486,212,705,410,43372,743,546,rgb,0.5547,0.5-0.6,,241,0.929,False,0.747
nwpu_positive_526_000,nwpu_positive_526,train,2,ship,233,124,304,191,4725,949,589,rgb,0.5962,0.5-0.6,,78,2.872,False,0.777
nwpu_positive_526_001,nwpu_positive_526,train,2,ship,389,308,457,425,7965,949,589,rgb,0.5281,0.5-0.6,,128,1.75,False,0.486
nwpu_positive_526_002,nwpu_positive_526,train,2,ship,423,303,645,393,19926,949,589,rgb,0.635,0.6-0.7,,244,0.918,False,0.335
nwpu_positive_526_003,nwpu_positive_526,train,2,ship,769,335,900,384,6451,949,589,rgb,0.6165,0.6-0.7,,144,1.556,False,0.311
nwpu_positive_526_004,nwpu_positive_526,train,2,ship,756,445,861,484,4149,949,589,rgb,0.6391,0.6-0.7,,116,1.931,False,0.308
nwpu_positive_526_005,nwpu_positive_526,train,9,bridge,637,352,738,589,24082,949,589,rgb,0.6438,0.6-0.7,,261,0.858,False,0.354
nwpu_positive_527_000,nwpu_positive_527,train,2,ship,10,19,107,50,3020,1031,626,rgb,0.5763,0.5-0.6,,107,2.093,False,0.264
nwpu_positive_527_001,nwpu_positive_527,train,2,ship,31,69,94,95,1659,1031,626,rgb,0.6082,0.6-0.7,,70,3.2,False,0.339
nwpu_positive_527_002,nwpu_positive_527,train,2,ship,141,47,213,76,2075,1031,626,rgb,0.547,0.5-0.6,,79,2.835,False,0.332
nwpu_positive_527_003,nwpu_positive_527,train,2,ship,184,47,283,97,4922,1031,626,rgb,0.4914,0.4-0.5,,109,2.055,False,0.414
nwpu_positive_527_004,nwpu_positive_527,train,2,ship,244,141,357,208,7648,1031,626,rgb,0.6779,0.6-0.7,,124,1.806,False,0.497
nwpu_positive_527_005,nwpu_positive_527,train,2,ship,399,213,470,278,4690,1031,626,rgb,0.5486,0.5-0.6,,79,2.835,False,0.751
nwpu_positive_527_006,nwpu_positive_527,train,2,ship,486,176,580,249,6828,1031,626,rgb,0.479,0.4-0.5,,103,2.175,False,0.644
nwpu_positive_527_007,nwpu_positive_527,train,2,ship,597,250,742,335,12439,1031,626,rgb,0.6164,0.6-0.7,,160,1.4,False,0.486
nwpu_positive_527_008,nwpu_positive_527,train,2,ship,724,341,877,442,15470,1031,626,rgb,0.6159,0.6-0.7,,168,1.333,False,0.548
nwpu_positive_527_009,nwpu_positive_527,train,2,ship,735,409,815,561,12232,1031,626,rgb,0.6159,0.6-0.7,,168,1.333,False,0.433
nwpu_positive_528_000,nwpu_positive_528,train,9,bridge,256,108,449,344,45419,872,549,rgb,0.506,0.5-0.6,,259,0.865,False,0.677
nwpu_positive_528_001,nwpu_positive_528,train,9,bridge,510,1,711,236,47031,872,549,rgb,0.4064,0.4-0.5,,258,0.868,False,0.707
nwpu_positive_529_000,nwpu_positive_529,train,4,baseball_diamond,726,346,806,495,11970,1131,548,rgb,0.4586,0.4-0.5,,164,1.366,False,0.445
nwpu_positive_529_001,nwpu_positive_529,train,9,bridge,127,0,243,222,25802,1131,548,rgb,0.4094,0.4-0.5,,244,0.918,False,0.433
nwpu_positive_529_002,nwpu_positive_529,train,9,bridge,860,37,1038,237,35640,1131,548,rgb,0.459,0.4-0.5,,220,1.018,False,0.736
nwpu_positive_530_000,nwpu_positive_530,train,9,bridge,33,111,228,269,30640,1158,558,rgb,0.4151,0.4-0.5,,214,1.047,False,0.669
nwpu_positive_530_001,nwpu_positive_530,train,9,bridge,430,127,598,328,33717,1158,558,rgb,0.6018,0.6-0.7,,221,1.014,False,0.69
nwpu_positive_530_002,nwpu_positive_530,train,9,bridge,938,315,1053,449,15453,1158,558,rgb,0.4131,0.4-0.5,,148,1.514,False,0.705
nwpu_positive_531_000,nwpu_positive_531,train,9,bridge,48,166,135,274,9448,1266,547,rgb,0.5904,0.5-0.6,,119,1.882,False,0.667
nwpu_positive_531_001,nwpu_positive_531,train,9,bridge,421,27,563,128,14381,1266,547,rgb,0.5036,0.5-0.6,,156,1.436,False,0.591
nwpu_positive_531_002,nwpu_positive_531,train,9,bridge,969,277,1031,352,4680,1266,547,rgb,0.6158,0.6-0.7,,83,2.699,False,0.679
nwpu_positive_531_003,nwpu_positive_531,train,9,bridge,1100,262,1188,340,6852,1266,547,rgb,0.6231,0.6-0.7,,96,2.333,False,0.743
nwpu_positive_531_004,nwpu_positive_531,train,9,bridge,1159,165,1233,284,8788,1266,547,rgb,0.6291,0.6-0.7,,132,1.697,False,0.504
nwpu_positive_533_000,nwpu_positive_533,train,8,harbor,60,299,160,379,8030,1016,623,rgb,0.5365,0.5-0.6,,110,2.036,False,0.664
nwpu_positive_533_001,nwpu_positive_533,train,8,harbor,179,216,292,301,9721,1016,623,rgb,0.5157,0.5-0.6,,125,1.792,False,0.622
nwpu_positive_533_002,nwpu_positive_533,train,8,harbor,244,183,332,282,8662,1016,623,rgb,0.6902,0.6-0.7,,109,2.055,False,0.729
nwpu_positive_533_003,nwpu_positive_533,train,8,harbor,358,142,424,197,3577,1016,623,rgb,0.4126,0.4-0.5,,72,3.111,False,0.69
nwpu_positive_533_004,nwpu_positive_533,train,8,harbor,438,18,529,169,13705,1016,623,rgb,0.6348,0.6-0.7,,166,1.349,False,0.497
nwpu_positive_533_005,nwpu_positive_533,train,8,harbor,516,38,591,148,8268,1016,623,rgb,0.6638,0.6-0.7,,121,1.851,False,0.565
nwpu_positive_533_006,nwpu_positive_533,train,8,harbor,585,89,648,195,6641,1016,623,rgb,0.4242,0.4-0.5,,117,1.915,False,0.485
nwpu_positive_533_007,nwpu_positive_533,train,8,harbor,647,60,690,167,4553,1016,623,rgb,0.6692,0.6-0.7,,118,1.898,False,0.327
nwpu_positive_533_008,nwpu_positive_533,train,8,harbor,685,31,747,218,11598,1016,623,rgb,0.5156,0.5-0.6,,207,1.082,False,0.271
nwpu_positive_533_009,nwpu_positive_533,train,8,harbor,746,32,798,139,5595,1016,623,rgb,0.5263,0.5-0.6,,118,1.898,False,0.402
nwpu_positive_533_010,nwpu_positive_533,train,8,harbor,805,7,838,145,4604,1016,623,rgb,0.4141,0.4-0.5,,152,1.474,False,0.199
nwpu_positive_533_011,nwpu_positive_533,train,8,harbor,833,0,895,196,12124,1016,623,rgb,0.5001,0.5-0.6,,215,1.042,False,0.262
nwpu_positive_533_012,nwpu_positive_533,train,8,harbor,683,178,823,223,6274,1016,623,rgb,0.4579,0.4-0.5,,154,1.455,False,0.265
nwpu_positive_533_013,nwpu_positive_533,train,8,harbor,584,217,899,283,20741,1016,623,rgb,0.4927,0.4-0.5,,347,0.646,False,0.172
nwpu_positive_533_014,nwpu_positive_533,train,8,harbor,611,283,916,334,15586,1016,623,rgb,0.6987,0.6-0.7,,335,0.669,False,0.139
nwpu_positive_533_015,nwpu_positive_533,train,8,harbor,615,357,981,397,14578,1016,623,rgb,0.5871,0.5-0.6,,403,0.556,False,0.09
nwpu_positive_533_016,nwpu_positive_533,train,8,harbor,659,406,1016,459,18809,1016,623,rgb,0.6716,0.6-0.7,,392,0.571,False,0.122
nwpu_positive_533_017,nwpu_positive_533,train,8,harbor,701,484,927,569,19372,1016,623,rgb,0.5271,0.5-0.6,,248,0.903,False,0.315
nwpu_positive_534_000,nwpu_positive_534,train,8,harbor,104,54,235,73,2613,1053,558,rgb,0.6555,0.6-0.7,,144,1.556,False,0.126
nwpu_positive_534_001,nwpu_positive_534,train,8,harbor,119,86,260,129,6073,1053,558,rgb,0.5821,0.5-0.6,,155,1.445,False,0.253
nwpu_positive_534_002,nwpu_positive_534,train,8,harbor,151,144,257,195,5352,1053,558,rgb,0.4987,0.4-0.5,,116,1.931,False,0.398
nwpu_positive_534_003,nwpu_positive_534,train,8,harbor,96,212,209,274,7052,1053,558,rgb,0.4425,0.4-0.5,,125,1.792,False,0.451
nwpu_positive_534_004,nwpu_positive_534,train,8,harbor,76,293,226,358,9838,1053,558,rgb,0.6032,0.6-0.7,,165,1.358,False,0.361
nwpu_positive_534_005,nwpu_positive_534,train,8,harbor,121,382,208,474,8108,1053,558,rgb,0.6313,0.6-0.7,,102,2.196,False,0.779
nwpu_positive_534_006,nwpu_positive_534,train,8,harbor,365,44,439,86,3107,1053,558,rgb,0.5615,0.5-0.6,,81,2.765,False,0.474
nwpu_positive_534_007,nwpu_positive_534,train,8,harbor,445,19,515,76,3971,1053,558,rgb,0.489,0.4-0.5,,77,2.909,False,0.67
nwpu_positive_534_008,nwpu_positive_534,train,8,harbor,425,115,501,159,3330,1053,558,rgb,0.5505,0.5-0.6,,83,2.699,False,0.483
nwpu_positive_534_009,nwpu_positive_534,train,8,harbor,852,316,913,345,1772,1053,558,rgb,0.4003,0.4-0.5,,67,3.343,False,0.395
nwpu_positive_534_010,nwpu_positive_534,train,8,harbor,812,347,953,398,7143,1053,558,rgb,0.402,0.4-0.5,,155,1.445,False,0.297
nwpu_positive_534_011,nwpu_positive_534,train,8,harbor,842,416,968,470,6810,1053,558,rgb,0.4228,0.4-0.5,,138,1.623,False,0.358
nwpu_positive_535_000,nwpu_positive_535,train,8,harbor,198,200,254,273,4174,1172,567,rgb,0.6004,0.6-0.7,,81,2.765,False,0.636
nwpu_positive_535_001,nwpu_positive_535,train,8,harbor,92,272,215,328,6884,1172,567,rgb,0.6054,0.6-0.7,,136,1.647,False,0.372
nwpu_positive_535_002,nwpu_positive_535,train,8,harbor,253,147,317,321,11147,1172,567,rgb,0.4025,0.4-0.5,,192,1.167,False,0.302
nwpu_positive_535_003,nwpu_positive_535,train,8,harbor,346,173,470,313,17400,1172,567,rgb,0.4794,0.4-0.5,,154,1.455,False,0.734
nwpu_positive_535_004,nwpu_positive_535,train,8,harbor,111,333,267,419,13449,1172,567,rgb,0.5205,0.5-0.6,,172,1.302,False,0.455
nwpu_positive_535_005,nwpu_positive_535,train,8,harbor,488,184,530,333,6112,1172,567,rgb,0.557,0.5-0.6,,163,1.374,False,0.23
nwpu_positive_535_006,nwpu_positive_535,train,8,harbor,573,207,633,363,9249,1172,567,rgb,0.6316,0.6-0.7,,172,1.302,False,0.313
nwpu_positive_535_007,nwpu_positive_535,train,8,harbor,431,383,674,447,15404,1172,567,rgb,0.6331,0.6-0.7,,268,0.836,False,0.214
nwpu_positive_535_008,nwpu_positive_535,train,8,harbor,640,178,723,404,18646,1172,567,rgb,0.6143,0.6-0.7,,249,0.9,False,0.301
nwpu_positive_535_009,nwpu_positive_535,train,8,harbor,862,56,1056,226,32892,1172,567,rgb,0.6052,0.6-0.7,,213,1.052,False,0.725
nwpu_positive_535_010,nwpu_positive_535,train,8,harbor,775,144,976,281,27681,1172,567,rgb,0.5011,0.5-0.6,,222,1.009,False,0.562
nwpu_positive_535_011,nwpu_positive_535,train,8,harbor,899,159,1153,331,43385,1172,567,rgb,0.4397,0.4-0.5,,279,0.803,False,0.557
nwpu_positive_536_000,nwpu_positive_536,train,8,harbor,39,24,106,239,14356,989,630,rgb,0.5329,0.5-0.6,,236,0.949,False,0.258
nwpu_positive_536_001,nwpu_positive_536,train,8,harbor,103,130,199,239,10460,989,630,rgb,0.4396,0.4-0.5,,120,1.867,False,0.726
nwpu_positive_536_002,nwpu_positive_536,train,8,harbor,200,102,395,207,20487,989,630,rgb,0.6184,0.6-0.7,,214,1.047,False,0.447
nwpu_positive_536_003,nwpu_positive_536,train,8,harbor,299,0,558,163,42220,989,630,rgb,0.5355,0.5-0.6,,285,0.786,False,0.52
nwpu_positive_536_004,nwpu_positive_536,train,8,harbor,68,331,346,399,18868,989,630,rgb,0.5261,0.5-0.6,,305,0.734,False,0.203
nwpu_positive_536_005,nwpu_positive_536,train,8,harbor,94,438,171,550,8630,989,630,rgb,0.6259,0.6-0.7,,124,1.806,False,0.561
nwpu_positive_536_006,nwpu_positive_536,train,8,harbor,198,474,253,567,5025,989,630,rgb,0.5872,0.5-0.6,,102,2.196,False,0.483
nwpu_positive_536_007,nwpu_positive_536,train,8,harbor,274,442,371,567,12051,989,630,rgb,0.6379,0.6-0.7,,137,1.635,False,0.642
nwpu_positive_536_008,nwpu_positive_536,train,8,harbor,348,290,394,411,5625,989,630,rgb,0.4733,0.4-0.5,,134,1.672,False,0.313
nwpu_positive_536_009,nwpu_positive_536,train,8,harbor,443,136,532,245,9731,989,630,rgb,0.4195,0.4-0.5,,120,1.867,False,0.676
nwpu_positive_536_010,nwpu_positive_536,train,8,harbor,545,157,637,244,8055,989,630,rgb,0.6161,0.6-0.7,,102,2.196,False,0.774
nwpu_positive_536_011,nwpu_positive_536,train,8,harbor,651,156,724,293,10027,989,630,rgb,0.606,0.6-0.7,,151,1.483,False,0.44
nwpu_positive_536_012,nwpu_positive_536,train,8,harbor,703,155,771,338,12396,989,630,rgb,0.5584,0.5-0.6,,201,1.114,False,0.307
nwpu_positive_536_013,nwpu_positive_536,train,8,harbor,791,192,833,321,5407,989,630,rgb,0.6706,0.6-0.7,,142,1.577,False,0.268
nwpu_positive_536_014,nwpu_positive_536,train,8,harbor,861,181,975,352,19430,989,630,rgb,0.4241,0.4-0.5,,188,1.191,False,0.55
nwpu_positive_536_015,nwpu_positive_536,train,8,harbor,820,400,943,438,4615,989,630,rgb,0.6482,0.6-0.7,,135,1.659,False,0.253
nwpu_positive_536_016,nwpu_positive_536,train,8,harbor,826,461,915,537,6750,989,630,rgb,0.5506,0.5-0.6,,97,2.309,False,0.717
nwpu_positive_536_017,nwpu_positive_536,train,8,harbor,776,520,907,606,11301,989,630,rgb,0.6196,0.6-0.7,,145,1.545,False,0.538
nwpu_positive_537_000,nwpu_positive_537,train,8,harbor,0,167,105,325,16483,1118,557,rgb,0.6241,0.6-0.7,,173,1.295,False,0.551
nwpu_positive_537_001,nwpu_positive_537,train,8,harbor,96,219,204,331,12020,1118,557,rgb,0.4053,0.4-0.5,,122,1.836,False,0.808
nwpu_positive_537_002,nwpu_positive_537,train,8,harbor,241,132,295,300,9069,1118,557,rgb,0.627,0.6-0.7,,185,1.211,False,0.265
nwpu_positive_537_003,nwpu_positive_537,train,8,harbor,334,143,395,331,11396,1118,557,rgb,0.5721,0.5-0.6,,206,1.087,False,0.269
nwpu_positive_537_004,nwpu_positive_537,train,8,harbor,405,172,457,335,8529,1118,557,rgb,0.6752,0.6-0.7,,180,1.244,False,0.263
nwpu_positive_537_005,nwpu_positive_537,train,8,harbor,467,101,532,277,11471,1118,557,rgb,0.644,0.6-0.7,,193,1.161,False,0.308
nwpu_positive_537_006,nwpu_positive_537,train,8,harbor,554,147,597,274,5434,1118,557,rgb,0.5291,0.5-0.6,,140,1.6,False,0.277
nwpu_positive_537_007,nwpu_positive_537,train,8,harbor,628,113,700,330,15587,1118,557,rgb,0.6889,0.6-0.7,,239,0.937,False,0.273
nwpu_positive_537_008,nwpu_positive_537,train,8,harbor,739,199,846,299,10635,1118,557,rgb,0.4742,0.4-0.5,,117,1.915,False,0.777
nwpu_positive_537_009,nwpu_positive_537,train,8,harbor,808,183,947,325,19704,1118,557,rgb,0.5116,0.5-0.6,,156,1.436,False,0.81
nwpu_positive_537_010,nwpu_positive_537,train,8,harbor,838,262,965,370,13801,1118,557,rgb,0.517,0.5-0.6,,140,1.6,False,0.704
nwpu_positive_537_011,nwpu_positive_537,train,8,harbor,872,363,1030,435,11339,1118,557,rgb,0.5551,0.5-0.6,,174,1.287,False,0.375
nwpu_positive_537_012,nwpu_positive_537,train,8,harbor,938,462,1074,513,6897,1118,557,rgb,0.4469,0.4-0.5,,149,1.503,False,0.311
nwpu_positive_538_000,nwpu_positive_538,train,9,bridge,206,30,397,122,17463,730,599,rgb,0.667,0.6-0.7,,209,1.072,False,0.4
nwpu_positive_538_001,nwpu_positive_538,train,9,bridge,348,404,523,478,13099,730,599,rgb,0.427,0.4-0.5,,193,1.161,False,0.352
nwpu_positive_541_000,nwpu_positive_541,train,9,bridge,19,160,276,255,24497,1162,570,rgb,0.4933,0.4-0.5,,283,0.792,False,0.306
nwpu_positive_541_001,nwpu_positive_541,train,9,bridge,890,179,1064,335,27125,1162,570,rgb,0.4569,0.4-0.5,,191,1.173,False,0.744
nwpu_positive_543_000,nwpu_positive_543,train,4,baseball_diamond,197,165,349,269,15791,876,589,rgb,0.5216,0.5-0.6,,168,1.333,False,0.559
nwpu_positive_543_001,nwpu_positive_543,train,5,tennis_court,402,185,477,263,5802,876,589,rgb,0.5998,0.5-0.6,,85,2.635,False,0.803
nwpu_positive_543_002,nwpu_positive_543,train,5,tennis_court,429,219,496,273,3628,876,589,rgb,0.6164,0.6-0.7,,74,3.027,False,0.663
nwpu_positive_543_003,nwpu_positive_543,train,6,basketball_court,483,238,562,320,6430,876,589,rgb,0.5661,0.5-0.6,,90,2.489,False,0.794
nwpu_positive_543_004,nwpu_positive_543,train,6,basketball_court,524,267,599,320,3977,876,589,rgb,0.63,0.6-0.7,,83,2.699,False,0.577
nwpu_positive_544_000,nwpu_positive_544,val,9,bridge,119,143,308,234,17268,947,568,rgb,0.6211,0.6-0.7,,207,1.082,False,0.403
nwpu_positive_544_001,nwpu_positive_544,val,9,bridge,784,149,908,327,21947,947,568,rgb,0.6582,0.6-0.7,,195,1.149,False,0.577
nwpu_positive_545_000,nwpu_positive_545,train,7,ground_track_field,230,197,512,350,43267,792,493,rgb,0.5949,0.5-0.6,,310,0.723,False,0.45
nwpu_positive_546_000,nwpu_positive_546,train,4,baseball_diamond,446,34,498,65,1617,891,534,rgb,0.6408,0.6-0.7,,57,3.93,False,0.498
nwpu_positive_546_001,nwpu_positive_546,train,7,ground_track_field,196,125,481,352,64339,891,534,rgb,0.4731,0.4-0.5,,313,0.716,False,0.657
nwpu_positive_547_000,nwpu_positive_547,train,9,bridge,175,336,261,583,21217,1072,608,rgb,0.5907,0.5-0.6,,271,0.827,False,0.289
nwpu_positive_547_001,nwpu_positive_547,train,9,bridge,444,358,554,460,11228,1072,608,rgb,0.454,0.4-0.5,,121,1.851,False,0.767
nwpu_positive_547_002,nwpu_positive_547,train,9,bridge,889,77,1026,154,10468,1072,608,rgb,0.681,0.6-0.7,,151,1.483,False,0.459
nwpu_positive_548_000,nwpu_positive_548,train,9,bridge,93,248,179,407,13636,1225,571,rgb,0.468,0.4-0.5,,175,1.28,False,0.445
nwpu_positive_548_001,nwpu_positive_548,train,9,bridge,515,40,671,250,32720,1225,571,rgb,0.5391,0.5-0.6,,231,0.97,False,0.613
nwpu_positive_548_002,nwpu_positive_548,train,9,bridge,1002,102,1137,174,9583,1225,571,rgb,0.6434,0.6-0.7,,148,1.514,False,0.438
nwpu_positive_549_000,nwpu_positive_549,val,4,baseball_diamond,153,282,221,322,2681,818,583,rgb,0.4485,0.4-0.5,,75,2.987,False,0.477
nwpu_positive_549_001,nwpu_positive_549,val,9,bridge,553,35,759,177,29141,818,583,rgb,0.6352,0.6-0.7,,227,0.987,False,0.566
nwpu_positive_550_000,nwpu_positive_550,train,9,bridge,64,312,258,410,18960,1038,580,rgb,0.6097,0.6-0.7,,213,1.052,False,0.418
nwpu_positive_550_001,nwpu_positive_550,train,9,bridge,843,0,1038,138,26918,1038,580,rgb,0.4064,0.4-0.5,,215,1.042,False,0.582
nwpu_positive_553_000,nwpu_positive_553,train,9,bridge,361,0,600,164,39192,902,611,rgb,0.5061,0.5-0.6,,264,0.848,False,0.562
nwpu_positive_553_001,nwpu_positive_553,train,9,bridge,402,353,548,520,24412,902,611,rgb,0.5495,0.5-0.6,,184,1.217,False,0.721
nwpu_positive_555_000,nwpu_positive_555,train,9,bridge,53,118,214,224,17004,995,527,rgb,0.623,0.6-0.7,,177,1.266,False,0.543
nwpu_positive_555_001,nwpu_positive_555,train,9,bridge,829,110,939,211,11166,995,527,rgb,0.5184,0.5-0.6,,122,1.836,False,0.75
nwpu_positive_556_000,nwpu_positive_556,train,4,baseball_diamond,130,205,191,241,2163,874,558,rgb,0.4635,0.4-0.5,,66,3.394,False,0.497
nwpu_positive_556_001,nwpu_positive_556,train,4,baseball_diamond,258,289,306,326,1736,874,558,rgb,0.5473,0.5-0.6,,53,4.226,False,0.618
nwpu_positive_556_002,nwpu_positive_556,train,4,baseball_diamond,523,321,620,380,5789,874,558,rgb,0.4633,0.4-0.5,,107,2.093,False,0.506
nwpu_positive_556_003,nwpu_positive_556,train,7,ground_track_field,180,330,367,558,42678,874,558,rgb,0.5466,0.5-0.6,,251,0.892,False,0.677
nwpu_positive_557_000,nwpu_positive_557,val,9,bridge,154,270,399,398,31149,1008,587,rgb,0.515,0.5-0.6,,269,0.833,False,0.43
nwpu_positive_557_001,nwpu_positive_557,val,9,bridge,841,36,939,219,17823,1008,587,rgb,0.6513,0.6-0.7,,201,1.114,False,0.441
nwpu_positive_558_000,nwpu_positive_558,train,9,bridge,213,22,573,113,32457,887,619,rgb,0.6246,0.6-0.7,,396,0.566,False,0.207
nwpu_positive_558_001,nwpu_positive_558,train,9,bridge,247,302,578,368,21876,887,619,rgb,0.562,0.5-0.6,,364,0.615,False,0.165
nwpu_positive_558_002,nwpu_positive_558,train,9,bridge,324,435,522,538,20482,887,619,rgb,0.4956,0.4-0.5,,218,1.028,False,0.431
nwpu_positive_559_000,nwpu_positive_559,val,9,bridge,50,124,193,261,19633,1220,533,rgb,0.6779,0.6-0.7,,157,1.427,False,0.797
nwpu_positive_559_001,nwpu_positive_559,val,9,bridge,601,48,673,232,13198,1220,533,rgb,0.4888,0.4-0.5,,202,1.109,False,0.323
nwpu_positive_559_002,nwpu_positive_559,val,9,bridge,984,87,1120,188,13832,1220,533,rgb,0.4568,0.4-0.5,,150,1.493,False,0.615
nwpu_positive_560_000,nwpu_positive_560,train,4,baseball_diamond,181,192,243,237,2791,975,583,rgb,0.4856,0.4-0.5,,68,3.294,False,0.604
nwpu_positive_560_001,nwpu_positive_560,train,9,bridge,447,183,645,308,24865,975,583,rgb,0.579,0.5-0.6,,218,1.028,False,0.523
nwpu_positive_561_000,nwpu_positive_561,val,9,bridge,447,73,623,149,13337,741,596,rgb,0.593,0.5-0.6,,194,1.155,False,0.354
nwpu_positive_561_001,nwpu_positive_561,val,9,bridge,411,421,644,553,30719,741,596,rgb,0.6203,0.6-0.7,,256,0.875,False,0.469
nwpu_positive_562_000,nwpu_positive_562,train,9,bridge,86,210,256,347,23365,1230,562,rgb,0.6503,0.6-0.7,,187,1.198,False,0.668
nwpu_positive_562_001,nwpu_positive_562,train,9,bridge,559,83,679,256,20630,1230,562,rgb,0.6375,0.6-0.7,,191,1.173,False,0.566
nwpu_positive_562_002,nwpu_positive_562,train,9,bridge,1119,186,1171,360,9100,1230,562,rgb,0.5925,0.5-0.6,,191,1.173,False,0.249
nwpu_positive_563_000,nwpu_positive_563,val,1,airplane,79,394,158,434,3155,1040,591,rgb,0.5215,0.5-0.6,,87,2.575,False,0.417
nwpu_positive_563_001,nwpu_positive_563,val,1,airplane,101,513,174,582,5040,1040,591,rgb,0.5557,0.5-0.6,,81,2.765,False,0.768
nwpu_positive_563_002,nwpu_positive_563,val,1,airplane,165,351,256,435,7573,1040,591,rgb,0.403,0.4-0.5,,99,2.263,False,0.773
nwpu_positive_563_003,nwpu_positive_563,val,1,airplane,272,370,320,439,3323,1040,591,rgb,0.4761,0.4-0.5,,76,2.947,False,0.575
nwpu_positive_563_004,nwpu_positive_563,val,1,airplane,214,234,260,272,1713,1040,591,rgb,0.4949,0.4-0.5,,50,4.48,False,0.685
nwpu_positive_563_005,nwpu_positive_563,val,1,airplane,276,180,354,220,3116,1040,591,rgb,0.5814,0.5-0.6,,86,2.605,False,0.421
nwpu_positive_563_006,nwpu_positive_563,val,1,airplane,386,90,428,139,2058,1040,591,rgb,0.4258,0.4-0.5,,54,4.148,False,0.706
nwpu_positive_563_007,nwpu_positive_563,val,1,airplane,606,27,696,74,4260,1040,591,rgb,0.4854,0.4-0.5,,99,2.263,False,0.435
nwpu_positive_563_008,nwpu_positive_563,val,1,airplane,570,146,644,204,4284,1040,591,rgb,0.5368,0.5-0.6,,82,2.732,False,0.637
nwpu_positive_563_009,nwpu_positive_563,val,1,airplane,701,194,755,237,2335,1040,591,rgb,0.4678,0.4-0.5,,59,3.797,False,0.671
nwpu_positive_563_010,nwpu_positive_563,val,1,airplane,795,153,846,207,2756,1040,591,rgb,0.6475,0.6-0.7,,60,3.733,False,0.766
nwpu_positive_563_011,nwpu_positive_563,val,1,airplane,733,329,808,424,7189,1040,591,rgb,0.5366,0.5-0.6,,104,2.154,False,0.665
nwpu_positive_563_012,nwpu_positive_563,val,1,airplane,952,226,997,297,3223,1040,591,rgb,0.6074,0.6-0.7,,78,2.872,False,0.53
nwpu_positive_563_013,nwpu_positive_563,val,1,airplane,932,288,986,352,3517,1040,591,rgb,0.5283,0.5-0.6,,71,3.155,False,0.698
nwpu_positive_564_000,nwpu_positive_564,train,7,ground_track_field,449,167,681,545,87923,821,545,rgb,0.4742,0.4-0.5,,416,0.538,False,0.508
nwpu_positive_564_001,nwpu_positive_564,train,4,baseball_diamond,367,41,471,98,5854,821,545,rgb,0.6783,0.6-0.7,,114,1.965,False,0.45
nwpu_positive_564_002,nwpu_positive_564,train,5,tennis_court,205,168,245,208,1597,821,545,rgb,0.6059,0.6-0.7,,44,5.091,False,0.825
nwpu_positive_564_003,nwpu_positive_564,train,5,tennis_court,243,175,271,232,1601,821,545,rgb,0.6008,0.6-0.7,,63,3.556,False,0.403
nwpu_positive_565_000,nwpu_positive_565,train,6,basketball_court,349,227,437,310,7276,918,541,rgb,0.5983,0.5-0.6,,96,2.333,False,0.789
nwpu_positive_565_001,nwpu_positive_565,train,6,basketball_court,437,213,491,297,4470,918,541,rgb,0.6417,0.6-0.7,,92,2.435,False,0.528
nwpu_positive_566_000,nwpu_positive_566,val,7,ground_track_field,239,43,388,278,35028,845,508,rgb,0.4463,0.4-0.5,,258,0.868,False,0.526
nwpu_positive_566_001,nwpu_positive_566,val,4,baseball_diamond,650,166,727,225,4487,845,508,rgb,0.6475,0.6-0.7,,85,2.635,False,0.621
nwpu_positive_567_000,nwpu_positive_567,train,7,ground_track_field,336,36,605,404,98952,787,548,rgb,0.4659,0.4-0.5,,404,0.554,False,0.606
nwpu_positive_567_001,nwpu_positive_567,train,4,baseball_diamond,153,436,217,516,5172,787,548,rgb,0.6688,0.6-0.7,,88,2.545,False,0.668
nwpu_positive_567_002,nwpu_positive_567,train,4,baseball_diamond,270,401,315,483,3717,787,548,rgb,0.5512,0.5-0.6,,91,2.462,False,0.449
nwpu_positive_569_000,nwpu_positive_569,train,4,baseball_diamond,497,208,572,276,5127,823,524,rgb,0.4172,0.4-0.5,,82,2.732,False,0.762
nwpu_positive_569_001,nwpu_positive_569,train,6,basketball_court,674,113,720,207,4391,823,524,rgb,0.5359,0.5-0.6,,103,2.175,False,0.414
nwpu_positive_569_002,nwpu_positive_569,train,6,basketball_court,714,209,814,273,6307,823,524,rgb,0.4348,0.4-0.5,,110,2.036,False,0.521
nwpu_positive_570_000,nwpu_positive_570,train,4,baseball_diamond,144,267,245,379,11236,892,489,rgb,0.4424,0.4-0.5,,123,1.821,False,0.743
nwpu_positive_570_001,nwpu_positive_570,train,4,baseball_diamond,327,28,538,173,30527,892,489,rgb,0.4403,0.4-0.5,,232,0.966,False,0.567
nwpu_positive_570_002,nwpu_positive_570,train,4,baseball_diamond,635,208,784,331,18273,892,489,rgb,0.413,0.4-0.5,,164,1.366,False,0.679
nwpu_positive_570_003,nwpu_positive_570,train,6,basketball_court,388,212,451,281,4317,892,489,rgb,0.5802,0.5-0.6,,75,2.987,False,0.767
nwpu_positive_570_004,nwpu_positive_570,train,6,basketball_court,469,204,533,281,4880,892,489,rgb,0.439,0.4-0.5,,85,2.635,False,0.675
nwpu_positive_570_005,nwpu_positive_570,train,5,tennis_court,400,265,449,353,4342,892,489,rgb,0.4339,0.4-0.5,,97,2.309,False,0.461
nwpu_positive_570_006,nwpu_positive_570,train,5,tennis_court,441,287,467,373,2175,892,489,rgb,0.5294,0.5-0.6,,95,2.358,False,0.241
nwpu_positive_570_007,nwpu_positive_570,train,5,tennis_court,468,297,513,379,3740,892,489,rgb,0.4356,0.4-0.5,,91,2.462,False,0.452
nwpu_positive_571_000,nwpu_positive_571,train,6,basketball_court,238,192,295,257,3764,854,597,rgb,0.5101,0.5-0.6,,72,3.111,False,0.726
nwpu_positive_571_001,nwpu_positive_571,train,6,basketball_court,276,184,332,245,3388,854,597,rgb,0.499,0.4-0.5,,67,3.343,False,0.755
nwpu_positive_572_000,nwpu_positive_572,train,4,baseball_diamond,209,335,268,387,3058,886,542,rgb,0.6178,0.6-0.7,,65,3.446,False,0.724
nwpu_positive_572_001,nwpu_positive_572,train,4,baseball_diamond,324,238,430,322,8929,886,542,rgb,0.4549,0.4-0.5,,117,1.915,False,0.652
nwpu_positive_572_002,nwpu_positive_572,train,7,ground_track_field,543,125,750,346,45624,886,542,rgb,0.6249,0.6-0.7,,243,0.922,False,0.773
nwpu_positive_573_000,nwpu_positive_573,train,4,baseball_diamond,122,111,169,165,2490,844,528,rgb,0.4102,0.4-0.5,,59,3.797,False,0.715
nwpu_positive_573_001,nwpu_positive_573,train,7,ground_track_field,335,277,643,383,32844,844,528,rgb,0.5494,0.5-0.6,,338,0.663,False,0.287
nwpu_positive_573_002,nwpu_positive_573,train,4,baseball_diamond,683,271,731,328,2740,844,528,rgb,0.6759,0.6-0.7,,63,3.556,False,0.69
nwpu_positive_574_000,nwpu_positive_574,train,1,airplane,82,296,142,340,2628,1032,586,rgb,0.529,0.5-0.6,,66,3.394,False,0.603
nwpu_positive_574_001,nwpu_positive_574,train,1,airplane,268,198,306,256,2174,1032,586,rgb,0.6421,0.6-0.7,,63,3.556,False,0.548
nwpu_positive_574_002,nwpu_positive_574,train,1,airplane,296,0,353,57,3234,1032,586,rgb,0.4865,0.4-0.5,,63,3.556,False,0.815
nwpu_positive_574_003,nwpu_positive_574,train,1,airplane,388,13,426,74,2311,1032,586,rgb,0.6663,0.6-0.7,,67,3.343,False,0.515
nwpu_positive_574_004,nwpu_positive_574,train,1,airplane,722,94,778,150,3136,1032,586,rgb,0.5424,0.5-0.6,,62,3.613,False,0.816
nwpu_positive_574_005,nwpu_positive_574,train,1,airplane,565,354,650,408,4613,1032,586,rgb,0.5718,0.5-0.6,,93,2.409,False,0.533
nwpu_positive_574_006,nwpu_positive_574,train,1,airplane,832,303,919,365,5387,1032,586,rgb,0.6882,0.6-0.7,,95,2.358,False,0.597
nwpu_positive_574_007,nwpu_positive_574,train,1,airplane,826,405,931,467,6532,1032,586,rgb,0.4338,0.4-0.5,,115,1.948,False,0.494
nwpu_positive_574_008,nwpu_positive_574,train,1,airplane,817,454,890,521,4873,1032,586,rgb,0.679,0.6-0.7,,80,2.8,False,0.761
nwpu_positive_575_000,nwpu_positive_575,val,4,baseball_diamond,224,172,316,214,3858,808,551,rgb,0.5858,0.5-0.6,,101,2.218,False,0.378
nwpu_positive_575_001,nwpu_positive_575,val,4,baseball_diamond,218,377,382,477,16495,808,551,rgb,0.672,0.6-0.7,,181,1.238,False,0.503
nwpu_positive_575_002,nwpu_positive_575,val,7,ground_track_field,279,0,579,352,105658,808,551,rgb,0.5412,0.5-0.6,,387,0.579,False,0.705
nwpu_positive_576_000,nwpu_positive_576,train,4,baseball_diamond,321,119,412,165,4153,933,520,rgb,0.6205,0.6-0.7,,101,2.218,False,0.407
nwpu_positive_576_001,nwpu_positive_576,train,4,baseball_diamond,309,265,429,324,7025,933,520,rgb,0.5184,0.5-0.6,,132,1.697,False,0.403
nwpu_positive_576_002,nwpu_positive_576,train,4,baseball_diamond,199,282,279,381,7848,933,520,rgb,0.5964,0.5-0.6,,109,2.055,False,0.661
nwpu_positive_576_003,nwpu_positive_576,train,7,ground_track_field,83,115,295,276,34139,933,520,rgb,0.6568,0.6-0.7,,233,0.961,False,0.629
nwpu_positive_577_000,nwpu_positive_577,train,4,baseball_diamond,394,170,464,225,3795,955,526,rgb,0.6284,0.6-0.7,,76,2.947,False,0.657
nwpu_positive_577_001,nwpu_positive_577,train,4,baseball_diamond,487,176,522,206,1061,955,526,rgb,0.5099,0.5-0.6,,39,5.744,False,0.698
nwpu_positive_577_002,nwpu_positive_577,train,4,baseball_diamond,380,240,481,294,5475,955,526,rgb,0.6517,0.6-0.7,,111,2.018,False,0.444
nwpu_positive_577_003,nwpu_positive_577,train,4,baseball_diamond,488,216,582,274,5403,955,526,rgb,0.4124,0.4-0.5,,103,2.175,False,0.509
nwpu_positive_578_000,nwpu_positive_578,train,4,baseball_diamond,586,176,643,257,4642,972,557,rgb,0.6545,0.6-0.7,,89,2.517,False,0.586
nwpu_positive_578_001,nwpu_positive_578,train,4,baseball_diamond,160,259,327,373,19047,972,557,rgb,0.5124,0.5-0.6,,184,1.217,False,0.563
nwpu_positive_578_002,nwpu_positive_578,train,4,baseball_diamond,728,239,831,318,8195,972,557,rgb,0.5048,0.5-0.6,,113,1.982,False,0.642
nwpu_positive_578_003,nwpu_positive_578,train,4,baseball_diamond,217,58,270,125,3558,972,557,rgb,0.4531,0.4-0.5,,74,3.027,False,0.65
nwpu_positive_578_004,nwpu_positive_578,train,5,tennis_court,380,351,434,400,2645,972,557,rgb,0.658,0.6-0.7,,59,3.797,False,0.76
nwpu_positive_578_005,nwpu_positive_578,train,5,tennis_court,403,338,467,432,6023,972,557,rgb,0.51,0.5-0.6,,103,2.175,False,0.568
nwpu_positive_579_000,nwpu_positive_579,train,4,baseball_diamond,136,144,252,228,9718,896,552,rgb,0.5141,0.5-0.6,,128,1.75,False,0.593
nwpu_positive_579_001,nwpu_positive_579,train,4,baseball_diamond,410,74,519,202,14016,896,552,rgb,0.4797,0.4-0.5,,140,1.6,False,0.715
nwpu_positive_579_002,nwpu_positive_579,train,4,baseball_diamond,255,321,344,386,5747,896,552,rgb,0.5135,0.5-0.6,,98,2.286,False,0.598
nwpu_positive_579_003,nwpu_positive_579,train,4,baseball_diamond,492,313,578,400,7556,896,552,rgb,0.6194,0.6-0.7,,96,2.333,False,0.82
nwpu_positive_579_004,nwpu_positive_579,train,6,basketball_court,34,314,83,380,3260,896,552,rgb,0.5999,0.5-0.6,,73,3.068,False,0.612
nwpu_positive_579_005,nwpu_positive_579,train,6,basketball_court,68,304,98,396,2805,896,552,rgb,0.5158,0.5-0.6,,101,2.218,False,0.275
nwpu_positive_579_006,nwpu_positive_579,train,7,ground_track_field,559,0,816,113,29093,896,552,rgb,0.6226,0.6-0.7,,282,0.794,False,0.366
nwpu_positive_580_000,nwpu_positive_580,val,4,baseball_diamond,575,43,649,104,4572,942,543,rgb,0.4265,0.4-0.5,,82,2.732,False,0.68
nwpu_positive_580_001,nwpu_positive_580,val,4,baseball_diamond,755,132,814,217,5080,942,543,rgb,0.5309,0.5-0.6,,94,2.383,False,0.575
nwpu_positive_580_002,nwpu_positive_580,val,4,baseball_diamond,454,99,533,166,5338,942,543,rgb,0.6182,0.6-0.7,,87,2.575,False,0.705
nwpu_positive_580_003,nwpu_positive_580,val,4,baseball_diamond,408,249,469,331,5045,942,543,rgb,0.5143,0.5-0.6,,90,2.489,False,0.623
nwpu_positive_580_004,nwpu_positive_580,val,4,baseball_diamond,164,238,268,394,16170,942,543,rgb,0.562,0.5-0.6,,172,1.302,False,0.547
nwpu_positive_581_000,nwpu_positive_581,train,4,baseball_diamond,70,163,133,252,5603,819,460,rgb,0.6434,0.6-0.7,,99,2.263,False,0.572
nwpu_positive_581_001,nwpu_positive_581,train,7,ground_track_field,119,45,337,141,20985,819,460,rgb,0.5007,0.5-0.6,,240,0.933,False,0.364
nwpu_positive_582_000,nwpu_positive_582,train,4,baseball_diamond,253,67,323,122,3853,1078,558,rgb,0.5388,0.5-0.6,,77,2.909,False,0.65
nwpu_positive_582_001,nwpu_positive_582,train,9,bridge,453,65,708,280,54942,1078,558,rgb,0.4908,0.4-0.5,,280,0.8,False,0.701
nwpu_positive_582_002,nwpu_positive_582,train,4,baseball_diamond,892,340,1017,399,7425,1078,558,rgb,0.5427,0.5-0.6,,137,1.635,False,0.396
nwpu_positive_582_003,nwpu_positive_582,train,7,ground_track_field,75,206,235,499,46879,1078,558,rgb,0.4941,0.4-0.5,,323,0.693,False,0.449
nwpu_positive_583_000,nwpu_positive_583,train,9,bridge,416,87,582,203,19269,857,547,rgb,0.5167,0.5-0.6,,182,1.231,False,0.582
nwpu_positive_583_001,nwpu_positive_583,train,9,bridge,447,315,570,416,12509,857,547,rgb,0.5528,0.5-0.6,,135,1.659,False,0.686
nwpu_positive_584_000,nwpu_positive_584,val,4,baseball_diamond,232,193,314,279,7148,882,537,rgb,0.415,0.4-0.5,,95,2.358,False,0.792
nwpu_positive_584_001,nwpu_positive_584,val,4,baseball_diamond,408,241,462,281,2150,882,537,rgb,0.6219,0.6-0.7,,60,3.733,False,0.597
nwpu_positive_584_002,nwpu_positive_584,val,4,baseball_diamond,663,27,757,79,4875,882,537,rgb,0.4017,0.4-0.5,,104,2.154,False,0.451
nwpu_positive_584_003,nwpu_positive_584,val,4,baseball_diamond,720,106,793,161,4004,882,537,rgb,0.4611,0.4-0.5,,80,2.8,False,0.626
nwpu_positive_584_004,nwpu_positive_584,val,4,baseball_diamond,58,346,125,409,4217,882,537,rgb,0.6979,0.6-0.7,,74,3.027,False,0.77
nwpu_positive_585_000,nwpu_positive_585,train,9,bridge,248,104,413,195,15017,796,542,rgb,0.4815,0.4-0.5,,182,1.231,False,0.453
nwpu_positive_586_000,nwpu_positive_586,train,4,baseball_diamond,126,137,220,271,12539,813,517,rgb,0.6491,0.6-0.7,,147,1.524,False,0.58
nwpu_positive_586_001,nwpu_positive_586,train,4,baseball_diamond,311,136,385,215,5942,813,517,rgb,0.6215,0.6-0.7,,87,2.575,False,0.785
nwpu_positive_586_002,nwpu_positive_586,train,4,baseball_diamond,595,216,674,270,4210,813,517,rgb,0.437,0.4-0.5,,86,2.605,False,0.569
nwpu_positive_586_003,nwpu_positive_586,train,5,tennis_court,450,173,538,214,3580,813,517,rgb,0.5607,0.5-0.6,,96,2.333,False,0.388
nwpu_positive_586_004,nwpu_positive_586,train,5,tennis_court,449,198,518,247,3359,813,517,rgb,0.617,0.6-0.7,,76,2.947,False,0.582
nwpu_positive_586_005,nwpu_positive_586,train,5,tennis_court,457,243,552,270,2666,813,517,rgb,0.574,0.5-0.6,,105,2.133,False,0.242
nwpu_positive_586_006,nwpu_positive_586,train,5,tennis_court,432,262,532,303,4077,813,517,rgb,0.6037,0.6-0.7,,110,2.036,False,0.337
nwpu_positive_586_007,nwpu_positive_586,train,5,tennis_court,461,306,516,344,2112,813,517,rgb,0.6439,0.6-0.7,,61,3.672,False,0.568
nwpu_positive_587_000,nwpu_positive_587,train,4,baseball_diamond,515,110,653,191,11178,886,553,rgb,0.6216,0.6-0.7,,152,1.474,False,0.484
nwpu_positive_587_001,nwpu_positive_587,train,4,baseball_diamond,99,47,153,104,3100,886,553,rgb,0.5005,0.5-0.6,,62,3.613,False,0.807
nwpu_positive_587_002,nwpu_positive_587,train,7,ground_track_field,216,317,623,553,96004,886,553,rgb,0.5213,0.5-0.6,,448,0.5,False,0.478
nwpu_positive_588_000,nwpu_positive_588,train,7,ground_track_field,70,0,265,288,56007,867,517,rgb,0.4489,0.4-0.5,,317,0.707,False,0.557
nwpu_positive_588_001,nwpu_positive_588,train,4,baseball_diamond,442,222,518,331,8343,867,517,rgb,0.597,0.5-0.6,,120,1.867,False,0.579
nwpu_positive_588_002,nwpu_positive_588,train,5,tennis_court,360,123,381,180,1225,867,517,rgb,0.4472,0.4-0.5,,63,3.556,False,0.309
nwpu_positive_588_003,nwpu_positive_588,train,5,tennis_court,335,142,360,179,931,867,517,rgb,0.6394,0.6-0.7,,41,5.463,False,0.554
nwpu_positive_588_004,nwpu_positive_588,train,5,tennis_court,314,146,352,194,1814,867,517,rgb,0.6155,0.6-0.7,,52,4.308,False,0.671
nwpu_positive_588_005,nwpu_positive_588,train,5,tennis_court,286,162,324,192,1115,867,517,rgb,0.5618,0.5-0.6,,41,5.463,False,0.663
nwpu_positive_589_000,nwpu_positive_589,val,7,ground_track_field,347,129,799,330,90826,1042,551,rgb,0.6351,0.6-0.7,,497,0.451,False,0.368
nwpu_positive_589_001,nwpu_positive_589,val,4,baseball_diamond,478,22,571,97,6934,1042,551,rgb,0.5161,0.5-0.6,,102,2.196,False,0.666
nwpu_positive_589_002,nwpu_positive_589,val,4,baseball_diamond,627,14,755,98,10657,1042,551,rgb,0.4666,0.4-0.5,,141,1.589,False,0.536
nwpu_positive_589_003,nwpu_positive_589,val,4,baseball_diamond,949,284,1014,345,3938,1042,551,rgb,0.6737,0.6-0.7,,72,3.111,False,0.76
nwpu_positive_589_004,nwpu_positive_589,val,4,baseball_diamond,236,163,315,233,5515,1042,551,rgb,0.4635,0.4-0.5,,86,2.605,False,0.746
nwpu_positive_589_005,nwpu_positive_589,val,4,baseball_diamond,55,370,196,483,15930,1042,551,rgb,0.4213,0.4-0.5,,155,1.445,False,0.663
nwpu_positive_589_006,nwpu_positive_589,val,5,tennis_court,753,204,833,230,2106,1042,551,rgb,0.455,0.4-0.5,,88,2.545,False,0.272
nwpu_positive_589_007,nwpu_positive_589,val,5,tennis_court,746,227,793,251,1100,1042,551,rgb,0.6806,0.6-0.7,,51,4.392,False,0.423
nwpu_positive_589_008,nwpu_positive_589,val,5,tennis_court,770,249,842,278,2072,1042,551,rgb,0.4268,0.4-0.5,,79,2.835,False,0.332
nwpu_positive_589_009,nwpu_positive_589,val,5,tennis_court,763,275,845,299,2029,1042,551,rgb,0.6169,0.6-0.7,,90,2.489,False,0.25
nwpu_positive_590_000,nwpu_positive_590,train,4,baseball_diamond,226,1,309,113,9287,812,533,rgb,0.5132,0.5-0.6,,123,1.821,False,0.614
nwpu_positive_590_001,nwpu_positive_590,train,7,ground_track_field,278,0,489,436,92046,812,533,rgb,0.6664,0.6-0.7,,480,0.467,False,0.4
nwpu_positive_591_000,nwpu_positive_591,train,7,ground_track_field,133,132,380,396,65110,874,443,rgb,0.4134,0.4-0.5,,290,0.772,False,0.774
nwpu_positive_592_000,nwpu_positive_592,train,4,baseball_diamond,431,42,539,148,11518,831,540,rgb,0.5042,0.5-0.6,,120,1.867,False,0.8
nwpu_positive_592_001,nwpu_positive_592,train,4,baseball_diamond,648,416,733,475,4992,831,540,rgb,0.6403,0.6-0.7,,94,2.383,False,0.565
nwpu_positive_592_002,nwpu_positive_592,train,7,ground_track_field,265,138,454,369,43569,831,540,rgb,0.6583,0.6-0.7,,254,0.882,False,0.675
nwpu_positive_593_000,nwpu_positive_593,val,4,baseball_diamond,792,299,914,375,9290,979,541,rgb,0.5462,0.5-0.6,,135,1.659,False,0.51
nwpu_positive_593_001,nwpu_positive_593,val,5,tennis_court,418,171,506,289,10377,979,541,rgb,0.5936,0.5-0.6,,130,1.723,False,0.614
nwpu_positive_593_002,nwpu_positive_593,val,5,tennis_court,394,162,455,279,7112,979,541,rgb,0.449,0.4-0.5,,128,1.75,False,0.434
nwpu_positive_593_003,nwpu_positive_593,val,6,basketball_court,487,265,616,388,15805,979,541,rgb,0.6732,0.6-0.7,,142,1.577,False,0.784
nwpu_positive_593_004,nwpu_positive_593,val,6,basketball_court,439,283,548,436,16641,979,541,rgb,0.6851,0.6-0.7,,168,1.333,False,0.59
nwpu_positive_594_000,nwpu_positive_594,train,7,ground_track_field,398,136,527,428,37443,874,535,rgb,0.6228,0.6-0.7,,320,0.7,False,0.366
nwpu_positive_594_001,nwpu_positive_594,train,4,baseball_diamond,228,68,283,138,3844,874,535,rgb,0.4196,0.4-0.5,,77,2.909,False,0.648
nwpu_positive_594_002,nwpu_positive_594,train,4,baseball_diamond,25,243,152,345,12924,874,535,rgb,0.4514,0.4-0.5,,140,1.6,False,0.659
nwpu_positive_595_000,nwpu_positive_595,train,4,baseball_diamond,720,19,779,76,3388,951,555,rgb,0.6725,0.6-0.7,,65,3.446,False,0.802
nwpu_positive_595_001,nwpu_positive_595,train,4,baseball_diamond,508,93,578,138,3166,951,555,rgb,0.4634,0.4-0.5,,77,2.909,False,0.534
nwpu_positive_595_002,nwpu_positive_595,train,4,baseball_diamond,337,196,465,267,9054,951,555,rgb,0.5595,0.5-0.6,,141,1.589,False,0.455
nwpu_positive_595_003,nwpu_positive_595,train,4,baseball_diamond,418,357,525,433,8093,951,555,rgb,0.528,0.5-0.6,,118,1.898,False,0.581
nwpu_positive_595_004,nwpu_positive_595,train,4,baseball_diamond,96,257,161,324,4394,951,555,rgb,0.6127,0.6-0.7,,73,3.068,False,0.825
nwpu_positive_595_005,nwpu_positive_595,train,4,baseball_diamond,328,419,405,496,5937,951,555,rgb,0.5632,0.5-0.6,,85,2.635,False,0.822
nwpu_positive_596_000,nwpu_positive_596,train,6,basketball_court,268,190,322,302,6054,863,558,rgb,0.4205,0.4-0.5,,123,1.821,False,0.4
nwpu_positive_596_001,nwpu_positive_596,train,5,tennis_court,476,168,511,260,3216,863,558,rgb,0.6488,0.6-0.7,,101,2.218,False,0.315
nwpu_positive_596_002,nwpu_positive_596,train,5,tennis_court,515,172,578,293,7526,863,558,rgb,0.5339,0.5-0.6,,133,1.684,False,0.425
nwpu_positive_596_003,nwpu_positive_596,train,5,tennis_court,569,137,620,251,5846,863,558,rgb,0.6806,0.6-0.7,,126,1.778,False,0.368
nwpu_positive_596_004,nwpu_positive_596,train,5,tennis_court,618,118,666,243,6056,863,558,rgb,0.4226,0.4-0.5,,137,1.635,False,0.323
nwpu_positive_597_000,nwpu_positive_597,train,7,ground_track_field,447,35,593,447,60200,756,503,rgb,0.635,0.6-0.7,,453,0.494,False,0.293
nwpu_positive_597_001,nwpu_positive_597,train,4,baseball_diamond,609,38,714,102,6640,756,503,rgb,0.5403,0.5-0.6,,115,1.948,False,0.502
nwpu_positive_598_000,nwpu_positive_598,train,4,baseball_diamond,298,146,404,230,8861,781,536,rgb,0.41,0.4-0.5,,117,1.915,False,0.647
nwpu_positive_598_001,nwpu_positive_598,train,4,baseball_diamond,334,216,408,274,4298,781,536,rgb,0.4762,0.4-0.5,,81,2.765,False,0.655
nwpu_positive_598_002,nwpu_positive_598,train,4,baseball_diamond,138,177,206,238,4130,781,536,rgb,0.4626,0.4-0.5,,75,2.987,False,0.734
nwpu_positive_598_003,nwpu_positive_598,train,4,baseball_diamond,210,266,268,310,2511,781,536,rgb,0.4819,0.4-0.5,,64,3.5,False,0.613
nwpu_positive_598_004,nwpu_positive_598,train,4,baseball_diamond,325,317,377,373,2948,781,536,rgb,0.5839,0.5-0.6,,61,3.672,False,0.792
nwpu_positive_599_000,nwpu_positive_599,train,7,ground_track_field,154,0,434,370,103874,846,536,rgb,0.4827,0.4-0.5,,407,0.55,False,0.627
nwpu_positive_599_001,nwpu_positive_599,train,4,baseball_diamond,482,98,567,178,6878,846,536,rgb,0.6068,0.6-0.7,,94,2.383,False,0.778
nwpu_positive_600_000,nwpu_positive_600,train,7,ground_track_field,179,98,547,420,118464,818,539,rgb,0.5529,0.5-0.6,,405,0.553,False,0.722
nwpu_positive_601_000,nwpu_positive_601,val,7,ground_track_field,196,172,372,487,55358,885,540,rgb,0.4182,0.4-0.5,,346,0.647,False,0.462
nwpu_positive_603_000,nwpu_positive_603,train,4,baseball_diamond,229,76,302,136,4298,918,556,rgb,0.6495,0.6-0.7,,80,2.8,False,0.672
nwpu_positive_603_001,nwpu_positive_603,train,4,baseball_diamond,466,161,528,242,4987,918,556,rgb,0.6526,0.6-0.7,,89,2.517,False,0.63
nwpu_positive_603_002,nwpu_positive_603,train,4,baseball_diamond,564,97,707,214,16777,918,556,rgb,0.4219,0.4-0.5,,157,1.427,False,0.681
nwpu_positive_603_003,nwpu_positive_603,train,4,baseball_diamond,596,256,668,322,4733,918,556,rgb,0.5694,0.5-0.6,,78,2.872,False,0.778
nwpu_positive_603_004,nwpu_positive_603,train,4,baseball_diamond,476,274,528,336,3268,918,556,rgb,0.619,0.6-0.7,,68,3.294,False,0.707
nwpu_positive_603_005,nwpu_positive_603,train,4,baseball_diamond,256,203,350,283,7579,918,556,rgb,0.4238,0.4-0.5,,104,2.154,False,0.701
nwpu_positive_603_006,nwpu_positive_603,train,4,baseball_diamond,256,295,349,449,14266,918,556,rgb,0.5712,0.5-0.6,,169,1.325,False,0.499
nwpu_positive_603_007,nwpu_positive_603,train,4,baseball_diamond,629,387,684,459,3983,918,556,rgb,0.5238,0.5-0.6,,79,2.835,False,0.638
nwpu_positive_604_000,nwpu_positive_604,train,6,basketball_court,327,201,389,237,2206,775,568,rgb,0.563,0.5-0.6,,68,3.294,False,0.477
nwpu_positive_604_001,nwpu_positive_604,train,6,basketball_court,292,239,395,285,4720,775,568,rgb,0.677,0.6-0.7,,113,1.982,False,0.37
nwpu_positive_604_002,nwpu_positive_604,train,9,bridge,283,22,353,71,3445,775,568,rgb,0.5894,0.5-0.6,,78,2.872,False,0.566
nwpu_positive_604_003,nwpu_positive_604,train,9,bridge,655,19,685,105,2613,775,568,rgb,0.593,0.5-0.6,,95,2.358,False,0.29
nwpu_positive_605_000,nwpu_positive_605,train,7,ground_track_field,325,0,750,293,124551,876,536,rgb,0.5753,0.5-0.6,,468,0.479,False,0.569
nwpu_positive_605_001,nwpu_positive_605,train,4,baseball_diamond,291,183,413,309,15471,876,536,rgb,0.5708,0.5-0.6,,139,1.612,False,0.801
nwpu_positive_605_002,nwpu_positive_605,train,4,baseball_diamond,54,310,170,419,12572,876,536,rgb,0.57,0.5-0.6,,127,1.764,False,0.779
nwpu_positive_607_000,nwpu_positive_607,val,5,tennis_court,317,127,347,191,1945,946,556,rgb,0.4593,0.4-0.5,,71,3.155,False,0.386
nwpu_positive_607_001,nwpu_positive_607,val,5,tennis_court,346,155,399,211,2994,946,556,rgb,0.6565,0.6-0.7,,62,3.613,False,0.779
nwpu_positive_607_002,nwpu_positive_607,val,5,tennis_court,385,149,428,221,3119,946,556,rgb,0.6347,0.6-0.7,,80,2.8,False,0.487
nwpu_positive_607_003,nwpu_positive_607,val,5,tennis_court,288,229,340,306,4019,946,556,rgb,0.5326,0.5-0.6,,84,2.667,False,0.57
nwpu_positive_607_004,nwpu_positive_607,val,5,tennis_court,340,227,385,291,2908,946,556,rgb,0.6082,0.6-0.7,,71,3.155,False,0.577
nwpu_positive_607_005,nwpu_positive_607,val,5,tennis_court,382,217,412,282,1901,946,556,rgb,0.541,0.5-0.6,,71,3.155,False,0.377
nwpu_positive_607_006,nwpu_positive_607,val,5,tennis_court,550,238,599,321,4044,946,556,rgb,0.4089,0.4-0.5,,92,2.435,False,0.478
nwpu_positive_607_007,nwpu_positive_607,val,5,tennis_court,613,269,651,330,2257,946,556,rgb,0.5125,0.5-0.6,,66,3.394,False,0.518
nwpu_positive_607_008,nwpu_positive_607,val,6,basketball_court,657,283,718,328,2820,946,556,rgb,0.4225,0.4-0.5,,68,3.294,False,0.61
nwpu_positive_609_000,nwpu_positive_609,train,7,ground_track_field,0,150,545,374,121885,1078,555,rgb,0.6115,0.6-0.7,,555,0.404,False,0.396
nwpu_positive_609_001,nwpu_positive_609,train,6,basketball_court,855,150,980,181,3921,1078,555,rgb,0.4589,0.4-0.5,,138,1.623,False,0.206
nwpu_positive_609_002,nwpu_positive_609,train,6,basketball_court,820,184,945,232,6013,1078,555,rgb,0.6615,0.6-0.7,,137,1.635,False,0.32
nwpu_positive_609_003,nwpu_positive_609,train,5,tennis_court,861,239,949,282,3838,1078,555,rgb,0.6043,0.6-0.7,,97,2.309,False,0.408
nwpu_positive_609_004,nwpu_positive_609,train,5,tennis_court,886,278,974,331,4676,1078,555,rgb,0.6567,0.6-0.7,,97,2.309,False,0.497
nwpu_positive_610_000,nwpu_positive_610,val,5,tennis_court,364,102,474,197,10533,809,531,rgb,0.472,0.4-0.5,,122,1.836,False,0.708
nwpu_positive_610_001,nwpu_positive_610,val,6,basketball_court,327,207,410,309,8479,809,531,rgb,0.5219,0.5-0.6,,112,2.0,False,0.676
nwpu_positive_611_000,nwpu_positive_611,train,7,ground_track_field,0,107,583,301,112989,888,555,rgb,0.4248,0.4-0.5,,555,0.404,False,0.367
nwpu_positive_611_001,nwpu_positive_611,train,4,baseball_diamond,667,207,798,340,17385,888,555,rgb,0.6093,0.6-0.7,,146,1.534,False,0.816
nwpu_positive_611_002,nwpu_positive_611,train,4,baseball_diamond,91,160,255,313,25057,888,555,rgb,0.551,0.5-0.6,,180,1.244,False,0.773
nwpu_positive_611_003,nwpu_positive_611,train,6,basketball_court,635,410,757,487,9415,888,555,rgb,0.6127,0.6-0.7,,134,1.672,False,0.524
nwpu_positive_611_004,nwpu_positive_611,train,6,basketball_court,772,437,881,513,8244,888,555,rgb,0.608,0.6-0.7,,120,1.867,False,0.573
nwpu_positive_614_000,nwpu_positive_614,train,4,baseball_diamond,607,104,713,173,7375,880,524,rgb,0.4159,0.4-0.5,,117,1.915,False,0.539
nwpu_positive_614_001,nwpu_positive_614,train,4,baseball_diamond,789,101,870,159,4658,880,524,rgb,0.6123,0.6-0.7,,89,2.517,False,0.588
nwpu_positive_614_002,nwpu_positive_614,train,4,baseball_diamond,315,69,393,116,3721,880,524,rgb,0.5994,0.5-0.6,,86,2.605,False,0.503
nwpu_positive_614_003,nwpu_positive_614,train,7,ground_track_field,243,95,457,393,63763,880,524,rgb,0.5343,0.5-0.6,,328,0.683,False,0.593
nwpu_positive_615_000,nwpu_positive_615,val,4,baseball_diamond,738,142,861,251,13350,948,540,rgb,0.4222,0.4-0.5,,136,1.647,False,0.722
nwpu_positive_615_001,nwpu_positive_615,val,5,tennis_court,326,265,360,332,2245,948,540,rgb,0.5988,0.5-0.6,,74,3.027,False,0.41
nwpu_positive_615_002,nwpu_positive_615,val,5,tennis_court,249,245,320,344,7031,948,540,rgb,0.5476,0.5-0.6,,109,2.055,False,0.592
nwpu_positive_615_003,nwpu_positive_615,val,5,tennis_court,204,255,264,332,4639,948,540,rgb,0.6067,0.6-0.7,,85,2.635,False,0.642
nwpu_positive_615_004,nwpu_positive_615,val,6,basketball_court,135,236,226,352,10534,948,540,rgb,0.512,0.5-0.6,,127,1.764,False,0.653
nwpu_positive_616_000,nwpu_positive_616,train,4,baseball_diamond,568,155,658,225,6266,946,533,rgb,0.6219,0.6-0.7,,99,2.263,False,0.639
nwpu_positive_616_001,nwpu_positive_616,train,7,ground_track_field,118,183,461,345,55714,946,533,rgb,0.6795,0.6-0.7,,378,0.593,False,0.39
nwpu_positive_617_000,nwpu_positive_617,train,4,baseball_diamond,308,14,380,111,6918,926,532,rgb,0.542,0.5-0.6,,107,2.093,False,0.604
nwpu_positive_617_001,nwpu_positive_617,train,7,ground_track_field,329,126,475,462,49167,926,532,rgb,0.6658,0.6-0.7,,369,0.607,False,0.361
nwpu_positive_618_000,nwpu_positive_618,train,5,tennis_court,171,299,220,354,2705,939,564,rgb,0.4061,0.4-0.5,,61,3.672,False,0.727
nwpu_positive_618_001,nwpu_positive_618,train,5,tennis_court,213,316,247,403,2972,939,564,rgb,0.6611,0.6-0.7,,96,2.333,False,0.322
nwpu_positive_618_002,nwpu_positive_618,train,5,tennis_court,128,434,187,518,4943,939,564,rgb,0.5804,0.5-0.6,,93,2.409,False,0.572
nwpu_positive_618_003,nwpu_positive_618,train,5,tennis_court,191,468,228,537,2551,939,564,rgb,0.5001,0.5-0.6,,75,2.987,False,0.453
nwpu_positive_618_004,nwpu_positive_618,train,6,basketball_court,502,173,586,206,2852,939,564,rgb,0.6996,0.6-0.7,,92,2.435,False,0.337
nwpu_positive_618_005,nwpu_positive_618,train,6,basketball_court,523,81,593,130,3445,939,564,rgb,0.5669,0.5-0.6,,77,2.909,False,0.581
nwpu_positive_618_006,nwpu_positive_618,train,6,basketball_court,623,27,688,71,2841,939,564,rgb,0.5667,0.5-0.6,,71,3.155,False,0.564
nwpu_positive_618_007,nwpu_positive_618,train,6,basketball_court,608,66,667,115,2881,939,564,rgb,0.5078,0.5-0.6,,65,3.446,False,0.682
nwpu_positive_618_008,nwpu_positive_618,train,4,baseball_diamond,349,143,440,233,8202,939,564,rgb,0.6003,0.6-0.7,,100,2.24,False,0.82
nwpu_positive_619_000,nwpu_positive_619,train,4,baseball_diamond,142,164,391,296,32759,914,562,rgb,0.6546,0.6-0.7,,273,0.821,False,0.44
nwpu_positive_619_001,nwpu_positive_619,train,5,tennis_court,410,125,471,248,7481,914,562,rgb,0.4792,0.4-0.5,,135,1.659,False,0.41
nwpu_positive_619_002,nwpu_positive_619,train,5,tennis_court,474,159,557,288,10645,914,562,rgb,0.5834,0.5-0.6,,142,1.577,False,0.528
nwpu_positive_619_003,nwpu_positive_619,train,6,basketball_court,546,196,633,319,10721,914,562,rgb,0.5787,0.5-0.6,,136,1.647,False,0.58
nwpu_positive_619_004,nwpu_positive_619,train,6,basketball_court,610,223,705,303,7513,914,562,rgb,0.6076,0.6-0.7,,104,2.154,False,0.695
nwpu_positive_620_000,nwpu_positive_620,val,7,ground_track_field,275,81,617,526,152207,901,554,rgb,0.5603,0.5-0.6,,490,0.457,False,0.634
nwpu_positive_621_000,nwpu_positive_621,train,7,ground_track_field,306,124,502,312,36716,825,538,rgb,0.5225,0.5-0.6,,215,1.042,False,0.794
nwpu_positive_622_000,nwpu_positive_622,train,7,ground_track_field,285,198,595,422,69541,870,547,rgb,0.603,0.6-0.7,,341,0.657,False,0.598
nwpu_positive_623_000,nwpu_positive_623,train,7,ground_track_field,461,69,767,519,137212,936,551,rgb,0.6007,0.6-0.7,,494,0.453,False,0.562
nwpu_positive_623_001,nwpu_positive_623,train,4,baseball_diamond,129,21,233,93,7460,936,551,rgb,0.6606,0.6-0.7,,114,1.965,False,0.574
nwpu_positive_623_002,nwpu_positive_623,train,4,baseball_diamond,327,12,414,93,7062,936,551,rgb,0.4321,0.4-0.5,,96,2.333,False,0.766
nwpu_positive_623_003,nwpu_positive_623,train,4,baseball_diamond,257,85,384,172,11091,936,551,rgb,0.4471,0.4-0.5,,139,1.612,False,0.574
nwpu_positive_623_004,nwpu_positive_623,train,4,baseball_diamond,326,264,479,392,19541,936,551,rgb,0.6949,0.6-0.7,,168,1.333,False,0.692
nwpu_positive_624_000,nwpu_positive_624,train,8,harbor,98,135,166,204,4610,1074,452,rgb,0.5274,0.5-0.6,,76,2.947,False,0.798
nwpu_positive_624_001,nwpu_positive_624,train,8,harbor,192,90,258,171,5447,1074,452,rgb,0.5423,0.5-0.6,,90,2.489,False,0.673
nwpu_positive_624_002,nwpu_positive_624,train,8,harbor,316,103,407,199,8688,1074,452,rgb,0.4518,0.4-0.5,,106,2.113,False,0.773
nwpu_positive_624_003,nwpu_positive_624,train,8,harbor,397,141,454,204,3519,1074,452,rgb,0.4288,0.4-0.5,,69,3.246,False,0.739
nwpu_positive_624_004,nwpu_positive_624,train,8,harbor,487,131,558,193,4457,1074,452,rgb,0.5854,0.5-0.6,,79,2.835,False,0.714
nwpu_positive_624_005,nwpu_positive_624,train,8,harbor,644,52,747,213,16502,1074,452,rgb,0.5769,0.5-0.6,,177,1.266,False,0.527
nwpu_positive_624_006,nwpu_positive_624,train,8,harbor,782,76,868,200,10614,1074,452,rgb,0.5334,0.5-0.6,,137,1.635,False,0.566
nwpu_positive_624_007,nwpu_positive_624,train,8,harbor,903,122,978,209,6511,1074,452,rgb,0.4362,0.4-0.5,,96,2.333,False,0.706
nwpu_positive_625_000,nwpu_positive_625,train,7,ground_track_field,466,36,702,359,76122,786,536,rgb,0.5109,0.5-0.6,,355,0.631,False,0.604
nwpu_positive_625_001,nwpu_positive_625,train,4,baseball_diamond,123,184,239,302,13807,786,536,rgb,0.5871,0.5-0.6,,131,1.71,False,0.805
nwpu_positive_626_000,nwpu_positive_626,train,9,bridge,434,112,670,171,14086,811,535,rgb,0.4285,0.4-0.5,,260,0.862,False,0.208
nwpu_positive_627_000,nwpu_positive_627,val,7,ground_track_field,45,61,510,355,136684,863,538,rgb,0.5763,0.5-0.6,,511,0.438,False,0.523
nwpu_positive_628_000,nwpu_positive_628,train,7,ground_track_field,67,77,192,395,39691,961,559,rgb,0.6625,0.6-0.7,,350,0.64,False,0.324
nwpu_positive_628_001,nwpu_positive_628,train,5,tennis_court,74,13,100,62,1264,961,559,rgb,0.4504,0.4-0.5,,54,4.148,False,0.433
nwpu_positive_628_002,nwpu_positive_628,train,5,tennis_court,50,0,90,41,1631,961,559,rgb,0.6378,0.6-0.7,,45,4.978,False,0.805
nwpu_positive_628_003,nwpu_positive_628,train,5,tennis_court,19,0,61,60,2579,961,559,rgb,0.5708,0.5-0.6,,67,3.343,False,0.574
nwpu_positive_628_004,nwpu_positive_628,train,9,bridge,461,227,830,409,67063,961,559,rgb,0.6238,0.6-0.7,,405,0.553,False,0.409
nwpu_positive_629_000,nwpu_positive_629,train,7,ground_track_field,252,112,492,290,42940,848,540,rgb,0.6747,0.6-0.7,,265,0.845,False,0.611
nwpu_positive_629_001,nwpu_positive_629,train,4,baseball_diamond,411,42,497,108,5735,848,540,rgb,0.5563,0.5-0.6,,95,2.358,False,0.635
nwpu_positive_630_000,nwpu_positive_630,train,7,ground_track_field,347,1,557,277,57862,854,533,rgb,0.4731,0.4-0.5,,304,0.737,False,0.626
nwpu_positive_630_001,nwpu_positive_630,train,4,baseball_diamond,369,333,498,396,8218,854,533,rgb,0.5372,0.5-0.6,,142,1.577,False,0.408
nwpu_positive_631_000,nwpu_positive_631,train,4,baseball_diamond,580,109,730,194,12830,908,554,rgb,0.4198,0.4-0.5,,166,1.349,False,0.466
nwpu_positive_631_001,nwpu_positive_631,train,4,baseball_diamond,672,124,794,196,8792,908,554,rgb,0.4161,0.4-0.5,,134,1.672,False,0.49
nwpu_positive_631_002,nwpu_positive_631,train,4,baseball_diamond,507,279,600,351,6721,908,554,rgb,0.5556,0.5-0.6,,103,2.175,False,0.634
nwpu_positive_631_003,nwpu_positive_631,train,4,baseball_diamond,66,235,189,351,14343,908,554,rgb,0.4199,0.4-0.5,,135,1.659,False,0.787
nwpu_positive_631_004,nwpu_positive_631,train,6,basketball_court,392,165,468,246,6195,908,554,rgb,0.5148,0.5-0.6,,89,2.517,False,0.782
nwpu_positive_631_005,nwpu_positive_631,train,5,tennis_court,309,149,396,197,4166,908,554,rgb,0.4393,0.4-0.5,,96,2.333,False,0.452
nwpu_positive_631_006,nwpu_positive_631,train,5,tennis_court,283,212,386,247,3639,908,554,rgb,0.43,0.4-0.5,,114,1.965,False,0.28
nwpu_positive_631_007,nwpu_positive_631,train,5,tennis_court,209,173,281,211,2750,908,554,rgb,0.5382,0.5-0.6,,79,2.835,False,0.441
nwpu_positive_631_008,nwpu_positive_631,train,5,tennis_court,186,203,259,255,3810,908,554,rgb,0.4282,0.4-0.5,,81,2.765,False,0.581
nwpu_positive_632_000,nwpu_positive_632,train,7,ground_track_field,508,86,824,432,109431,946,527,rgb,0.6033,0.6-0.7,,382,0.586,False,0.75
nwpu_positive_632_001,nwpu_positive_632,train,4,baseball_diamond,356,224,449,297,6806,946,527,rgb,0.6903,0.6-0.7,,103,2.175,False,0.642
nwpu_positive_632_002,nwpu_positive_632,train,4,baseball_diamond,397,391,522,483,11384,946,527,rgb,0.5896,0.5-0.6,,137,1.635,False,0.607
nwpu_positive_632_003,nwpu_positive_632,train,4,baseball_diamond,53,258,194,336,11000,946,527,rgb,0.5088,0.5-0.6,,155,1.445,False,0.458
nwpu_positive_633_000,nwpu_positive_633,val,7,ground_track_field,263,74,385,274,24300,846,527,rgb,0.5271,0.5-0.6,,220,1.018,False,0.502
nwpu_positive_633_001,nwpu_positive_633,val,4,baseball_diamond,390,314,517,416,13000,846,527,rgb,0.5339,0.5-0.6,,140,1.6,False,0.663
nwpu_positive_633_002,nwpu_positive_633,val,4,baseball_diamond,250,356,329,419,4903,846,527,rgb,0.4168,0.4-0.5,,87,2.575,False,0.648
nwpu_positive_634_000,nwpu_positive_634,train,4,baseball_diamond,619,85,755,156,9527,960,530,rgb,0.5546,0.5-0.6,,149,1.503,False,0.429
nwpu_positive_634_001,nwpu_positive_634,train,7,ground_track_field,306,0,532,363,82070,960,530,rgb,0.4726,0.4-0.5,,399,0.561,False,0.516
nwpu_positive_636_000,nwpu_positive_636,train,6,basketball_court,403,198,481,251,4176,683,573,rgb,0.5506,0.5-0.6,,86,2.605,False,0.565
nwpu_positive_636_001,nwpu_positive_636,train,6,basketball_court,393,264,476,311,3935,683,573,rgb,0.4404,0.4-0.5,,91,2.462,False,0.475
nwpu_positive_638_000,nwpu_positive_638,train,9,bridge,147,115,367,199,18621,805,543,rgb,0.404,0.4-0.5,,242,0.926,False,0.318
nwpu_positive_638_001,nwpu_positive_638,train,9,bridge,175,222,450,320,26947,805,543,rgb,0.6389,0.6-0.7,,302,0.742,False,0.295
nwpu_positive_639_000,nwpu_positive_639,val,7,ground_track_field,250,0,557,184,56677,908,518,rgb,0.4507,0.4-0.5,,338,0.663,False,0.496
nwpu_positive_639_001,nwpu_positive_639,val,4,baseball_diamond,464,320,538,456,10163,908,518,rgb,0.5607,0.5-0.6,,150,1.493,False,0.452
nwpu_positive_641_000,nwpu_positive_641,train,4,baseball_diamond,540,38,608,87,3316,928,540,rgb,0.6797,0.6-0.7,,75,2.987,False,0.589
nwpu_positive_641_001,nwpu_positive_641,train,4,baseball_diamond,649,296,814,384,14659,928,540,rgb,0.6033,0.6-0.7,,182,1.231,False,0.443
nwpu_positive_641_002,nwpu_positive_641,train,7,ground_track_field,295,102,612,489,122420,928,540,rgb,0.4373,0.4-0.5,,426,0.526,False,0.675
nwpu_positive_642_000,nwpu_positive_642,train,7,ground_track_field,158,56,566,380,132155,863,536,rgb,0.4924,0.4-0.5,,449,0.499,False,0.656
nwpu_positive_643_000,nwpu_positive_643,train,5,tennis_court,284,149,324,253,4194,758,548,rgb,0.6613,0.6-0.7,,114,1.965,False,0.323
nwpu_positive_643_001,nwpu_positive_643,train,5,tennis_court,322,166,387,233,4313,758,548,rgb,0.643,0.6-0.7,,74,3.027,False,0.788
nwpu_positive_643_002,nwpu_positive_643,train,5,tennis_court,362,175,430,293,8009,758,548,rgb,0.4373,0.4-0.5,,130,1.723,False,0.474
nwpu_positive_643_003,nwpu_positive_643,train,6,basketball_court,436,164,488,243,4073,758,548,rgb,0.4972,0.4-0.5,,86,2.605,False,0.551
nwpu_positive_644_000,nwpu_positive_644,train,4,baseball_diamond,735,81,809,182,7529,859,537,rgb,0.401,0.4-0.5,,112,2.0,False,0.6
nwpu_positive_644_001,nwpu_positive_644,train,4,baseball_diamond,726,278,859,368,11971,859,537,rgb,0.6948,0.6-0.7,,146,1.534,False,0.562
nwpu_positive_644_002,nwpu_positive_644,train,7,ground_track_field,314,0,605,371,107988,859,537,rgb,0.5249,0.5-0.6,,408,0.549,False,0.649
nwpu_positive_645_000,nwpu_positive_645,train,4,baseball_diamond,648,173,723,254,6077,825,512,rgb,0.6157,0.6-0.7,,89,2.517,False,0.767
nwpu_positive_645_001,nwpu_positive_645,train,7,ground_track_field,429,138,649,512,82249,825,512,rgb,0.4526,0.4-0.5,,412,0.544,False,0.485
nwpu_positive_646_000,nwpu_positive_646,train,4,baseball_diamond,745,11,847,101,9181,892,503,rgb,0.6026,0.6-0.7,,112,2.0,False,0.732
nwpu_positive_646_001,nwpu_positive_646,train,6,basketball_court,387,129,446,198,4125,892,503,rgb,0.5539,0.5-0.6,,76,2.947,False,0.714
nwpu_positive_646_002,nwpu_positive_646,train,6,basketball_court,357,94,396,180,3268,892,503,rgb,0.5258,0.5-0.6,,94,2.383,False,0.37
nwpu_positive_646_003,nwpu_positive_646,train,4,baseball_diamond,276,349,357,469,9594,892,503,rgb,0.482,0.4-0.5,,131,1.71,False,0.559
nwpu_positive_647_000,nwpu_positive_647,train,7,ground_track_field,201,0,375,434,75420,928,551,rgb,0.5922,0.5-0.6,,477,0.47,False,0.331
nwpu_positive_647_001,nwpu_positive_647,train,4,baseball_diamond,508,293,561,352,3122,928,551,rgb,0.4369,0.4-0.5,,64,3.5,False,0.762
nwpu_positive_648_000,nwpu_positive_648,val,4,baseball_diamond,399,32,475,106,5639,757,508,rgb,0.5614,0.5-0.6,,84,2.667,False,0.799
nwpu_positive_648_001,nwpu_positive_648,val,4,baseball_diamond,455,161,518,242,5076,757,508,rgb,0.6038,0.6-0.7,,88,2.545,False,0.655
nwpu_positive_648_002,nwpu_positive_648,val,4,baseball_diamond,631,390,732,486,9716,757,508,rgb,0.465,0.4-0.5,,111,2.018,False,0.789
nwpu_positive_648_003,nwpu_positive_648,val,7,ground_track_field,230,29,387,287,40433,757,508,rgb,0.4063,0.4-0.5,,285,0.786,False,0.498
nwpu_positive_649_000,nwpu_positive_649,train,6,basketball_court,381,161,463,295,10955,835,559,rgb,0.5262,0.5-0.6,,148,1.514,False,0.5
nwpu_positive_649_001,nwpu_positive_649,train,6,basketball_court,469,124,524,243,6638,835,559,rgb,0.602,0.6-0.7,,132,1.697,False,0.381
nwpu_positive_650_000,nwpu_positive_650,train,6,basketball_court,454,133,547,207,6917,923,537,rgb,0.5055,0.5-0.6,,103,2.175,False,0.652
nwpu_positive_650_001,nwpu_positive_650,train,6,basketball_court,525,98,620,209,10545,923,537,rgb,0.4154,0.4-0.5,,122,1.836,False,0.709
