baseline,harm,coverage,risk
B1_knn_vote,combined,0.0006,0.0
B1_knn_vote,combined,0.0051,0.2222
B1_knn_vote,combined,0.0096,0.1765
B1_knn_vote,combined,0.0142,0.24
B1_knn_vote,combined,0.0187,0.2121
B1_knn_vote,combined,0.0232,0.2195
B1_knn_vote,combined,0.0277,0.2041
B1_knn_vote,combined,0.0323,0.193
B1_knn_vote,combined,0.0368,0.2
B1_knn_vote,combined,0.0413,0.1781
B1_knn_vote,combined,0.0459,0.1728
B1_knn_vote,combined,0.0504,0.1685
B1_knn_vote,combined,0.0549,0.1753
B1_knn_vote,combined,0.0595,0.2
B1_knn_vote,combined,0.064,0.2035
B1_knn_vote,combined,0.0685,0.2397
B1_knn_vote,combined,0.073,0.2403
B1_knn_vote,combined,0.0776,0.2482
B1_knn_vote,combined,0.0821,0.269
B1_knn_vote,combined,0.0866,0.2745
B1_knn_vote,combined,0.0912,0.2733
B1_knn_vote,combined,0.0957,0.2781
B1_knn_vote,combined,0.1002,0.2768
B1_knn_vote,combined,0.1048,0.2757
B1_knn_vote,combined,0.1093,0.2746
B1_knn_vote,combined,0.1138,0.2736
B1_knn_vote,combined,0.1183,0.2727
B1_knn_vote,combined,0.1229,0.2765
B1_knn_vote,combined,0.1274,0.28
B1_knn_vote,combined,0.1319,0.2833
B1_knn_vote,combined,0.1365,0.2863
B1_knn_vote,combined,0.141,0.2932
B1_knn_vote,combined,0.1455,0.2996
B1_knn_vote,combined,0.1501,0.3019
B1_knn_vote,combined,0.1546,0.3004
B1_knn_vote,combined,0.1591,0.2954
B1_knn_vote,combined,0.1636,0.2976
B1_knn_vote,combined,0.1682,0.2963
B1_knn_vote,combined,0.1727,0.3082
B1_knn_vote,combined,0.1772,0.3067
B1_knn_vote,combined,0.1818,0.3022
B1_knn_vote,combined,0.1863,0.31
B1_knn_vote,combined,0.1908,0.3175
B1_knn_vote,combined,0.1954,0.3246
B1_knn_vote,combined,0.1999,0.3286
B1_knn_vote,combined,0.2044,0.3324
B1_knn_vote,combined,0.2089,0.336
B1_knn_vote,combined,0.2135,0.3369
B1_knn_vote,combined,0.218,0.3403
B1_knn_vote,combined,0.2225,0.341
B1_knn_vote,combined,0.2271,0.3416
B1_knn_vote,combined,0.2316,0.3496
B1_knn_vote,combined,0.2361,0.3549
B1_knn_vote,combined,0.2407,0.3506
B1_knn_vote,combined,0.2452,0.3464
B1_knn_vote,combined,0.2497,0.3515
B1_knn_vote,combined,0.2542,0.3563
B1_knn_vote,combined,0.2588,0.3611
B1_knn_vote,combined,0.2633,0.3591
B1_knn_vote,combined,0.2678,0.3552
B1_knn_vote,combined,0.2724,0.3555
B1_knn_vote,combined,0.2769,0.3599
B1_knn_vote,combined,0.2814,0.3602
B1_knn_vote,combined,0.286,0.3624
B1_knn_vote,combined,0.2905,0.3665
B1_knn_vote,combined,0.295,0.3685
B1_knn_vote,combined,0.2995,0.3705
B1_knn_vote,combined,0.3041,0.3706
B1_knn_vote,combined,0.3086,0.3743
B1_knn_vote,combined,0.3131,0.3725
B1_knn_vote,combined,0.3177,0.3761
B1_knn_vote,combined,0.3222,0.3761
B1_knn_vote,combined,0.3267,0.3778
B1_knn_vote,combined,0.3313,0.3812
B1_knn_vote,combined,0.3358,0.3828
B1_knn_vote,combined,0.3403,0.381
B1_knn_vote,combined,0.3448,0.381
B1_knn_vote,combined,0.3494,0.3825
B1_knn_vote,combined,0.3539,0.384
B1_knn_vote,combined,0.3584,0.3839
B1_knn_vote,combined,0.363,0.3869
B1_knn_vote,combined,0.3675,0.3914
B1_knn_vote,combined,0.372,0.3942
B1_knn_vote,combined,0.3766,0.397
B1_knn_vote,combined,0.3811,0.3982
B1_knn_vote,combined,0.3856,0.4038
B1_knn_vote,combined,0.3901,0.4093
B1_knn_vote,combined,0.3947,0.4146
B1_knn_vote,combined,0.3992,0.4156
B1_knn_vote,combined,0.4037,0.418
B1_knn_vote,combined,0.4083,0.4216
B1_knn_vote,combined,0.4128,0.4252
B1_knn_vote,combined,0.4173,0.4288
B1_knn_vote,combined,0.4219,0.4322
B1_knn_vote,combined,0.4264,0.4316
B1_knn_vote,combined,0.4309,0.4323
B1_knn_vote,combined,0.4354,0.4356
B1_knn_vote,combined,0.44,0.4363
B1_knn_vote,combined,0.4445,0.4395
B1_knn_vote,combined,0.449,0.4426
B1_knn_vote,combined,0.4536,0.4457
B1_knn_vote,combined,0.4581,0.445
B1_knn_vote,combined,0.4626,0.4468
B1_knn_vote,combined,0.4672,0.4485
B1_knn_vote,combined,0.4717,0.4538
B1_knn_vote,combined,0.4762,0.4554
B1_knn_vote,combined,0.4807,0.4594
B1_knn_vote,combined,0.4853,0.4586
B1_knn_vote,combined,0.4898,0.4613
B1_knn_vote,combined,0.4943,0.4639
B1_knn_vote,combined,0.4989,0.4654
B1_knn_vote,combined,0.5034,0.4679
B1_knn_vote,combined,0.5079,0.4693
B1_knn_vote,combined,0.5125,0.4707
B1_knn_vote,combined,0.517,0.4732
B1_knn_vote,combined,0.5215,0.4767
B1_knn_vote,combined,0.526,0.4779
B1_knn_vote,combined,0.5306,0.4824
B1_knn_vote,combined,0.5351,0.4868
B1_knn_vote,combined,0.5396,0.49
B1_knn_vote,combined,0.5442,0.4922
B1_knn_vote,combined,0.5487,0.4964
B1_knn_vote,combined,0.5532,0.5005
B1_knn_vote,combined,0.5578,0.5046
B1_knn_vote,combined,0.5623,0.5086
B1_knn_vote,combined,0.5668,0.5105
B1_knn_vote,combined,0.5713,0.5134
B1_knn_vote,combined,0.5759,0.5172
B1_knn_vote,combined,0.5804,0.518
B1_knn_vote,combined,0.5849,0.5218
B1_knn_vote,combined,0.5895,0.5245
B1_knn_vote,combined,0.594,0.5262
B1_knn_vote,combined,0.5985,0.5289
B1_knn_vote,combined,0.6031,0.5324
B1_knn_vote,combined,0.6076,0.534
B1_knn_vote,combined,0.6121,0.5375
B1_knn_vote,combined,0.6166,0.5399
B1_knn_vote,combined,0.6212,0.5406
B1_knn_vote,combined,0.6257,0.5421
B1_knn_vote,combined,0.6302,0.5454
B1_knn_vote,combined,0.6348,0.5468
B1_knn_vote,combined,0.6393,0.5492
B1_knn_vote,combined,0.6438,0.5506
B1_knn_vote,combined,0.6484,0.5528
B1_knn_vote,combined,0.6529,0.5551
B1_knn_vote,combined,0.6574,0.5573
B1_knn_vote,combined,0.6619,0.5603
B1_knn_vote,combined,0.6665,0.5633
B1_knn_vote,combined,0.671,0.5662
B1_knn_vote,combined,0.6755,0.5692
B1_knn_vote,combined,0.6801,0.572
B1_knn_vote,combined,0.6846,0.5749
B1_knn_vote,combined,0.6891,0.5776
B1_knn_vote,combined,0.6937,0.5804
B1_knn_vote,combined,0.6982,0.5831
B1_knn_vote,combined,0.7027,0.5858
B1_knn_vote,combined,0.7072,0.5885
B1_knn_vote,combined,0.7118,0.5911
B1_knn_vote,combined,0.7163,0.5937
B1_knn_vote,combined,0.7208,0.5962
B1_knn_vote,combined,0.7254,0.598
B1_knn_vote,combined,0.7299,0.6005
B1_knn_vote,combined,0.7344,0.6029
B1_knn_vote,combined,0.739,0.6054
B1_knn_vote,combined,0.7435,0.6078
B1_knn_vote,combined,0.748,0.6101
B1_knn_vote,combined,0.7525,0.6125
B1_knn_vote,combined,0.7571,0.6141
B1_knn_vote,combined,0.7616,0.6164
B1_knn_vote,combined,0.7661,0.6186
B1_knn_vote,combined,0.7707,0.6201
B1_knn_vote,combined,0.7752,0.6224
B1_knn_vote,combined,0.7797,0.6245
B1_knn_vote,combined,0.7843,0.6267
B1_knn_vote,combined,0.7888,0.6289
B1_knn_vote,combined,0.7933,0.631
B1_knn_vote,combined,0.7978,0.6317
B1_knn_vote,combined,0.8024,0.6337
B1_knn_vote,combined,0.8069,0.6344
B1_knn_vote,combined,0.8114,0.6364
B1_knn_vote,combined,0.816,0.6384
B1_knn_vote,combined,0.8205,0.6404
B1_knn_vote,combined,0.825,0.6417
B1_knn_vote,combined,0.8296,0.6437
B1_knn_vote,combined,0.8341,0.6456
B1_knn_vote,combined,0.8386,0.6475
B1_knn_vote,combined,0.8431,0.6494
B1_knn_vote,combined,0.8477,0.6513
B1_knn_vote,combined,0.8522,0.6532
B1_knn_vote,combined,0.8567,0.6543
B1_knn_vote,combined,0.8613,0.6561
B1_knn_vote,combined,0.8658,0.6579
B1_knn_vote,combined,0.8703,0.6597
B1_knn_vote,combined,0.8749,0.6615
B1_knn_vote,combined,0.8794,0.6632
B1_knn_vote,combined,0.8839,0.665
B1_knn_vote,combined,0.8884,0.6667
B1_knn_vote,combined,0.893,0.6684
B1_knn_vote,combined,0.8975,0.67
B1_knn_vote,combined,0.902,0.6717
B1_knn_vote,combined,0.9066,0.6733
B1_knn_vote,combined,0.9111,0.6737
B1_knn_vote,combined,0.9156,0.6753
B1_knn_vote,combined,0.9202,0.6769
B1_knn_vote,combined,0.9247,0.6785
B1_knn_vote,combined,0.9292,0.6795
B1_knn_vote,combined,0.9337,0.681
B1_knn_vote,combined,0.9383,0.6826
B1_knn_vote,combined,0.9428,0.6841
B1_knn_vote,combined,0.9473,0.6856
B1_knn_vote,combined,0.9519,0.6871
B1_knn_vote,combined,0.9564,0.688
B1_knn_vote,combined,0.9609,0.6889
B1_knn_vote,combined,0.9655,0.6903
B1_knn_vote,combined,0.97,0.6912
B1_knn_vote,combined,0.9745,0.6926
B1_knn_vote,combined,0.979,0.694
B1_knn_vote,combined,0.9836,0.6949
B1_knn_vote,combined,0.9881,0.6963
B1_knn_vote,combined,0.9926,0.6977
B1_knn_vote,combined,0.9972,0.6985
B1_knn_vote,class_error,0.0006,0.0
B1_knn_vote,class_error,0.0051,0.0
B1_knn_vote,class_error,0.0096,0.0
B1_knn_vote,class_error,0.0142,0.08
B1_knn_vote,class_error,0.0187,0.0909
B1_knn_vote,class_error,0.0232,0.0732
B1_knn_vote,class_error,0.0277,0.0612
B1_knn_vote,class_error,0.0323,0.0526
B1_knn_vote,class_error,0.0368,0.0462
B1_knn_vote,class_error,0.0413,0.0411
B1_knn_vote,class_error,0.0459,0.037
B1_knn_vote,class_error,0.0504,0.0337
B1_knn_vote,class_error,0.0549,0.0412
B1_knn_vote,class_error,0.0595,0.0381
B1_knn_vote,class_error,0.064,0.0442
B1_knn_vote,class_error,0.0685,0.0413
B1_knn_vote,class_error,0.073,0.0543
B1_knn_vote,class_error,0.0776,0.0657
B1_knn_vote,class_error,0.0821,0.069
B1_knn_vote,class_error,0.0866,0.0654
B1_knn_vote,class_error,0.0912,0.0683
B1_knn_vote,class_error,0.0957,0.0769
B1_knn_vote,class_error,0.1002,0.0734
B1_knn_vote,class_error,0.1048,0.0703
B1_knn_vote,class_error,0.1093,0.0777
B1_knn_vote,class_error,0.1138,0.0796
B1_knn_vote,class_error,0.1183,0.0766
B1_knn_vote,class_error,0.1229,0.0737
B1_knn_vote,class_error,0.1274,0.0711
B1_knn_vote,class_error,0.1319,0.0687
B1_knn_vote,class_error,0.1365,0.0664
B1_knn_vote,class_error,0.141,0.0723
B1_knn_vote,class_error,0.1455,0.07
B1_knn_vote,class_error,0.1501,0.0679
B1_knn_vote,class_error,0.1546,0.0696
B1_knn_vote,class_error,0.1591,0.0712
B1_knn_vote,class_error,0.1636,0.0692
B1_knn_vote,class_error,0.1682,0.0707
B1_knn_vote,class_error,0.1727,0.0721
B1_knn_vote,class_error,0.1772,0.0703
B1_knn_vote,class_error,0.1818,0.0717
B1_knn_vote,class_error,0.1863,0.0729
B1_knn_vote,class_error,0.1908,0.0712
B1_knn_vote,class_error,0.1954,0.0725
B1_knn_vote,class_error,0.1999,0.0765
B1_knn_vote,class_error,0.2044,0.0748
B1_knn_vote,class_error,0.2089,0.0786
B1_knn_vote,class_error,0.2135,0.0796
B1_knn_vote,class_error,0.218,0.0805
B1_knn_vote,class_error,0.2225,0.0789
B1_knn_vote,class_error,0.2271,0.0798
B1_knn_vote,class_error,0.2316,0.0807
B1_knn_vote,class_error,0.2361,0.0791
B1_knn_vote,class_error,0.2407,0.0776
B1_knn_vote,class_error,0.2452,0.0762
B1_knn_vote,class_error,0.2497,0.0771
B1_knn_vote,class_error,0.2542,0.078
B1_knn_vote,class_error,0.2588,0.0766
B1_knn_vote,class_error,0.2633,0.0774
B1_knn_vote,class_error,0.2678,0.0761
B1_knn_vote,class_error,0.2724,0.0748
B1_knn_vote,class_error,0.2769,0.0736
B1_knn_vote,class_error,0.2814,0.0744
B1_knn_vote,class_error,0.286,0.0733
B1_knn_vote,class_error,0.2905,0.0721
B1_knn_vote,class_error,0.295,0.0729
B1_knn_vote,class_error,0.2995,0.0737
B1_knn_vote,class_error,0.3041,0.0764
B1_knn_vote,class_error,0.3086,0.0752
B1_knn_vote,class_error,0.3131,0.0759
B1_knn_vote,class_error,0.3177,0.0784
B1_knn_vote,class_error,0.3222,0.0773
B1_knn_vote,class_error,0.3267,0.078
B1_knn_vote,class_error,0.3313,0.0786
B1_knn_vote,class_error,0.3358,0.0776
B1_knn_vote,class_error,0.3403,0.0782
B1_knn_vote,class_error,0.3448,0.0788
B1_knn_vote,class_error,0.3494,0.0794
B1_knn_vote,class_error,0.3539,0.0816
B1_knn_vote,class_error,0.3584,0.0821
B1_knn_vote,class_error,0.363,0.0827
B1_knn_vote,class_error,0.3675,0.0832
B1_knn_vote,class_error,0.372,0.0822
B1_knn_vote,class_error,0.3766,0.0827
B1_knn_vote,class_error,0.3811,0.0832
B1_knn_vote,class_error,0.3856,0.0837
B1_knn_vote,class_error,0.3901,0.0842
B1_knn_vote,class_error,0.3947,0.0846
B1_knn_vote,class_error,0.3992,0.0837
B1_knn_vote,class_error,0.4037,0.0827
B1_knn_vote,class_error,0.4083,0.0818
B1_knn_vote,class_error,0.4128,0.0823
B1_knn_vote,class_error,0.4173,0.0841
B1_knn_vote,class_error,0.4219,0.0846
B1_knn_vote,class_error,0.4264,0.0837
B1_knn_vote,class_error,0.4309,0.0867
B1_knn_vote,class_error,0.4354,0.0858
B1_knn_vote,class_error,0.44,0.0875
B1_knn_vote,class_error,0.4445,0.0879
B1_knn_vote,class_error,0.449,0.0895
B1_knn_vote,class_error,0.4536,0.0911
B1_knn_vote,class_error,0.4581,0.0915
B1_knn_vote,class_error,0.4626,0.0918
B1_knn_vote,class_error,0.4672,0.0909
B1_knn_vote,class_error,0.4717,0.0936
B1_knn_vote,class_error,0.4762,0.0939
B1_knn_vote,class_error,0.4807,0.0954
B1_knn_vote,class_error,0.4853,0.0945
B1_knn_vote,class_error,0.4898,0.0936
B1_knn_vote,class_error,0.4943,0.0951
B1_knn_vote,class_error,0.4989,0.0965
B1_knn_vote,class_error,0.5034,0.0956
B1_knn_vote,class_error,0.5079,0.0948
B1_knn_vote,class_error,0.5125,0.095
B1_knn_vote,class_error,0.517,0.0953
B1_knn_vote,class_error,0.5215,0.0945
B1_knn_vote,class_error,0.526,0.0936
B1_knn_vote,class_error,0.5306,0.0928
B1_knn_vote,class_error,0.5351,0.0921
B1_knn_vote,class_error,0.5396,0.0913
B1_knn_vote,class_error,0.5442,0.0905
B1_knn_vote,class_error,0.5487,0.0898
B1_knn_vote,class_error,0.5532,0.089
B1_knn_vote,class_error,0.5578,0.0893
B1_knn_vote,class_error,0.5623,0.0906
B1_knn_vote,class_error,0.5668,0.0919
B1_knn_vote,class_error,0.5713,0.0922
B1_knn_vote,class_error,0.5759,0.0924
B1_knn_vote,class_error,0.5804,0.0927
B1_knn_vote,class_error,0.5849,0.0949
B1_knn_vote,class_error,0.5895,0.0951
B1_knn_vote,class_error,0.594,0.0953
B1_knn_vote,class_error,0.5985,0.0946
B1_knn_vote,class_error,0.6031,0.0939
B1_knn_vote,class_error,0.6076,0.0941
B1_knn_vote,class_error,0.6121,0.0934
B1_knn_vote,class_error,0.6166,0.0927
B1_knn_vote,class_error,0.6212,0.0921
B1_knn_vote,class_error,0.6257,0.0923
B1_knn_vote,class_error,0.6302,0.0916
B1_knn_vote,class_error,0.6348,0.091
B1_knn_vote,class_error,0.6393,0.0903
B1_knn_vote,class_error,0.6438,0.0906
B1_knn_vote,class_error,0.6484,0.09
B1_knn_vote,class_error,0.6529,0.0911
B1_knn_vote,class_error,0.6574,0.0922
B1_knn_vote,class_error,0.6619,0.0915
B1_knn_vote,class_error,0.6665,0.0909
B1_knn_vote,class_error,0.671,0.0903
B1_knn_vote,class_error,0.6755,0.0897
B1_knn_vote,class_error,0.6801,0.0891
B1_knn_vote,class_error,0.6846,0.0885
B1_knn_vote,class_error,0.6891,0.0879
B1_knn_vote,class_error,0.6937,0.0873
B1_knn_vote,class_error,0.6982,0.0876
B1_knn_vote,class_error,0.7027,0.087
B1_knn_vote,class_error,0.7072,0.0881
B1_knn_vote,class_error,0.7118,0.0875
B1_knn_vote,class_error,0.7163,0.0877
B1_knn_vote,class_error,0.7208,0.0872
B1_knn_vote,class_error,0.7254,0.0867
B1_knn_vote,class_error,0.7299,0.0869
B1_knn_vote,class_error,0.7344,0.0864
B1_knn_vote,class_error,0.739,0.0858
B1_knn_vote,class_error,0.7435,0.0861
B1_knn_vote,class_error,0.748,0.0871
B1_knn_vote,class_error,0.7525,0.0865
B1_knn_vote,class_error,0.7571,0.086
B1_knn_vote,class_error,0.7616,0.0855
B1_knn_vote,class_error,0.7661,0.085
B1_knn_vote,class_error,0.7707,0.0845
B1_knn_vote,class_error,0.7752,0.0847
B1_knn_vote,class_error,0.7797,0.0842
B1_knn_vote,class_error,0.7843,0.0838
B1_knn_vote,class_error,0.7888,0.0833
B1_knn_vote,class_error,0.7933,0.0828
B1_knn_vote,class_error,0.7978,0.0823
B1_knn_vote,class_error,0.8024,0.0819
B1_knn_vote,class_error,0.8069,0.0814
B1_knn_vote,class_error,0.8114,0.0809
B1_knn_vote,class_error,0.816,0.0805
B1_knn_vote,class_error,0.8205,0.0801
B1_knn_vote,class_error,0.825,0.0796
B1_knn_vote,class_error,0.8296,0.0799
B1_knn_vote,class_error,0.8341,0.0794
B1_knn_vote,class_error,0.8386,0.079
B1_knn_vote,class_error,0.8431,0.0786
B1_knn_vote,class_error,0.8477,0.0788
B1_knn_vote,class_error,0.8522,0.0784
B1_knn_vote,class_error,0.8567,0.078
B1_knn_vote,class_error,0.8613,0.0776
B1_knn_vote,class_error,0.8658,0.0772
B1_knn_vote,class_error,0.8703,0.0768
B1_knn_vote,class_error,0.8749,0.077
B1_knn_vote,class_error,0.8794,0.0773
B1_knn_vote,class_error,0.8839,0.0775
B1_knn_vote,class_error,0.8884,0.0771
B1_knn_vote,class_error,0.893,0.0767
B1_knn_vote,class_error,0.8975,0.0763
B1_knn_vote,class_error,0.902,0.0766
B1_knn_vote,class_error,0.9066,0.0762
B1_knn_vote,class_error,0.9111,0.0758
B1_knn_vote,class_error,0.9156,0.0754
B1_knn_vote,class_error,0.9202,0.0751
B1_knn_vote,class_error,0.9247,0.0753
B1_knn_vote,class_error,0.9292,0.075
B1_knn_vote,class_error,0.9337,0.0746
B1_knn_vote,class_error,0.9383,0.0748
B1_knn_vote,class_error,0.9428,0.0745
B1_knn_vote,class_error,0.9473,0.0741
B1_knn_vote,class_error,0.9519,0.0738
B1_knn_vote,class_error,0.9564,0.0734
B1_knn_vote,class_error,0.9609,0.0737
B1_knn_vote,class_error,0.9655,0.0733
B1_knn_vote,class_error,0.97,0.0741
B1_knn_vote,class_error,0.9745,0.0738
B1_knn_vote,class_error,0.979,0.0735
B1_knn_vote,class_error,0.9836,0.0737
B1_knn_vote,class_error,0.9881,0.0734
B1_knn_vote,class_error,0.9926,0.073
B1_knn_vote,class_error,0.9972,0.0727
B1_knn_vote,background_accept,0.0006,0.0
B1_knn_vote,background_accept,0.0051,0.0
B1_knn_vote,background_accept,0.0096,0.0
B1_knn_vote,background_accept,0.0142,0.0
B1_knn_vote,background_accept,0.0187,0.0
B1_knn_vote,background_accept,0.0232,0.0
B1_knn_vote,background_accept,0.0277,0.0
B1_knn_vote,background_accept,0.0323,0.0
B1_knn_vote,background_accept,0.0368,0.0
B1_knn_vote,background_accept,0.0413,0.0
B1_knn_vote,background_accept,0.0459,0.0
B1_knn_vote,background_accept,0.0504,0.0
B1_knn_vote,background_accept,0.0549,0.0
B1_knn_vote,background_accept,0.0595,0.0
B1_knn_vote,background_accept,0.064,0.0
B1_knn_vote,background_accept,0.0685,0.0
B1_knn_vote,background_accept,0.073,0.0
B1_knn_vote,background_accept,0.0776,0.0
B1_knn_vote,background_accept,0.0821,0.0
B1_knn_vote,background_accept,0.0866,0.0
B1_knn_vote,background_accept,0.0912,0.0
B1_knn_vote,background_accept,0.0957,0.0
B1_knn_vote,background_accept,0.1002,0.0
B1_knn_vote,background_accept,0.1048,0.0
B1_knn_vote,background_accept,0.1093,0.0
B1_knn_vote,background_accept,0.1138,0.0
B1_knn_vote,background_accept,0.1183,0.0
B1_knn_vote,background_accept,0.1229,0.0
B1_knn_vote,background_accept,0.1274,0.0
B1_knn_vote,background_accept,0.1319,0.0
B1_knn_vote,background_accept,0.1365,0.0
B1_knn_vote,background_accept,0.141,0.0
B1_knn_vote,background_accept,0.1455,0.0
B1_knn_vote,background_accept,0.1501,0.0
B1_knn_vote,background_accept,0.1546,0.0
B1_knn_vote,background_accept,0.1591,0.0
B1_knn_vote,background_accept,0.1636,0.0
B1_knn_vote,background_accept,0.1682,0.0
B1_knn_vote,background_accept,0.1727,0.0
B1_knn_vote,background_accept,0.1772,0.0
B1_knn_vote,background_accept,0.1818,0.0
B1_knn_vote,background_accept,0.1863,0.0
B1_knn_vote,background_accept,0.1908,0.0
B1_knn_vote,background_accept,0.1954,0.0
B1_knn_vote,background_accept,0.1999,0.0
B1_knn_vote,background_accept,0.2044,0.0
B1_knn_vote,background_accept,0.2089,0.0
B1_knn_vote,background_accept,0.2135,0.0
B1_knn_vote,background_accept,0.218,0.0
B1_knn_vote,background_accept,0.2225,0.0
B1_knn_vote,background_accept,0.2271,0.0
B1_knn_vote,background_accept,0.2316,0.0
B1_knn_vote,background_accept,0.2361,0.0
B1_knn_vote,background_accept,0.2407,0.0
B1_knn_vote,background_accept,0.2452,0.0
B1_knn_vote,background_accept,0.2497,0.0
B1_knn_vote,background_accept,0.2542,0.0
B1_knn_vote,background_accept,0.2588,0.0
B1_knn_vote,background_accept,0.2633,0.0
B1_knn_vote,background_accept,0.2678,0.0
B1_knn_vote,background_accept,0.2724,0.0
B1_knn_vote,background_accept,0.2769,0.0
B1_knn_vote,background_accept,0.2814,0.0
B1_knn_vote,background_accept,0.286,0.0
B1_knn_vote,background_accept,0.2905,0.0
B1_knn_vote,background_accept,0.295,0.0
B1_knn_vote,background_accept,0.2995,0.0
B1_knn_vote,background_accept,0.3041,0.0
B1_knn_vote,background_accept,0.3086,0.0
B1_knn_vote,background_accept,0.3131,0.0
B1_knn_vote,background_accept,0.3177,0.0
B1_knn_vote,background_accept,0.3222,0.0
B1_knn_vote,background_accept,0.3267,0.0
B1_knn_vote,background_accept,0.3313,0.0
B1_knn_vote,background_accept,0.3358,0.0
B1_knn_vote,background_accept,0.3403,0.0
B1_knn_vote,background_accept,0.3448,0.0
B1_knn_vote,background_accept,0.3494,0.0
B1_knn_vote,background_accept,0.3539,0.0
B1_knn_vote,background_accept,0.3584,0.0
B1_knn_vote,background_accept,0.363,0.0
B1_knn_vote,background_accept,0.3675,0.0
B1_knn_vote,background_accept,0.372,0.0
B1_knn_vote,background_accept,0.3766,0.0
B1_knn_vote,background_accept,0.3811,0.0
B1_knn_vote,background_accept,0.3856,0.0
B1_knn_vote,background_accept,0.3901,0.0
B1_knn_vote,background_accept,0.3947,0.0
B1_knn_vote,background_accept,0.3992,0.0
B1_knn_vote,background_accept,0.4037,0.0
B1_knn_vote,background_accept,0.4083,0.0
B1_knn_vote,background_accept,0.4128,0.0
B1_knn_vote,background_accept,0.4173,0.0
B1_knn_vote,background_accept,0.4219,0.0
B1_knn_vote,background_accept,0.4264,0.0
B1_knn_vote,background_accept,0.4309,0.0
B1_knn_vote,background_accept,0.4354,0.0
B1_knn_vote,background_accept,0.44,0.0
B1_knn_vote,background_accept,0.4445,0.0
B1_knn_vote,background_accept,0.449,0.0
B1_knn_vote,background_accept,0.4536,0.0
B1_knn_vote,background_accept,0.4581,0.0
B1_knn_vote,background_accept,0.4626,0.0
B1_knn_vote,background_accept,0.4672,0.0
B1_knn_vote,background_accept,0.4717,0.0
B1_knn_vote,background_accept,0.4762,0.0
B1_knn_vote,background_accept,0.4807,0.0
B1_knn_vote,background_accept,0.4853,0.0
B1_knn_vote,background_accept,0.4898,0.0
B1_knn_vote,background_accept,0.4943,0.0
B1_knn_vote,background_accept,0.4989,0.0
B1_knn_vote,background_accept,0.5034,0.0
B1_knn_vote,background_accept,0.5079,0.0
B1_knn_vote,background_accept,0.5125,0.0
B1_knn_vote,background_accept,0.517,0.0
B1_knn_vote,background_accept,0.5215,0.0
B1_knn_vote,background_accept,0.526,0.0
B1_knn_vote,background_accept,0.5306,0.0
B1_knn_vote,background_accept,0.5351,0.0
B1_knn_vote,background_accept,0.5396,0.001
B1_knn_vote,background_accept,0.5442,0.001
B1_knn_vote,background_accept,0.5487,0.001
B1_knn_vote,background_accept,0.5532,0.001
B1_knn_vote,background_accept,0.5578,0.001
B1_knn_vote,background_accept,0.5623,0.001
B1_knn_vote,background_accept,0.5668,0.001
B1_knn_vote,background_accept,0.5713,0.001
B1_knn_vote,background_accept,0.5759,0.001
B1_knn_vote,background_accept,0.5804,0.001
B1_knn_vote,background_accept,0.5849,0.001
B1_knn_vote,background_accept,0.5895,0.0019
B1_knn_vote,background_accept,0.594,0.0019
B1_knn_vote,background_accept,0.5985,0.0019
B1_knn_vote,background_accept,0.6031,0.0019
B1_knn_vote,background_accept,0.6076,0.0019
B1_knn_vote,background_accept,0.6121,0.0028
B1_knn_vote,background_accept,0.6166,0.0037
B1_knn_vote,background_accept,0.6212,0.0036
B1_knn_vote,background_accept,0.6257,0.0036
B1_knn_vote,background_accept,0.6302,0.0045
B1_knn_vote,background_accept,0.6348,0.0045
B1_knn_vote,background_accept,0.6393,0.0044
B1_knn_vote,background_accept,0.6438,0.0044
B1_knn_vote,background_accept,0.6484,0.0044
B1_knn_vote,background_accept,0.6529,0.0043
B1_knn_vote,background_accept,0.6574,0.0043
B1_knn_vote,background_accept,0.6619,0.0051
B1_knn_vote,background_accept,0.6665,0.0093
B1_knn_vote,background_accept,0.671,0.0118
B1_knn_vote,background_accept,0.6755,0.0134
B1_knn_vote,background_accept,0.6801,0.0175
B1_knn_vote,background_accept,0.6846,0.0199
B1_knn_vote,background_accept,0.6891,0.0214
B1_knn_vote,background_accept,0.6937,0.0245
B1_knn_vote,background_accept,0.6982,0.026
B1_knn_vote,background_accept,0.7027,0.0282
B1_knn_vote,background_accept,0.7072,0.0288
B1_knn_vote,background_accept,0.7118,0.0302
B1_knn_vote,background_accept,0.7163,0.0324
B1_knn_vote,background_accept,0.7208,0.0346
B1_knn_vote,background_accept,0.7254,0.0343
B1_knn_vote,background_accept,0.7299,0.0341
B1_knn_vote,background_accept,0.7344,0.0362
B1_knn_vote,background_accept,0.739,0.0368
B1_knn_vote,background_accept,0.7435,0.0381
B1_knn_vote,background_accept,0.748,0.0394
B1_knn_vote,background_accept,0.7525,0.0406
B1_knn_vote,background_accept,0.7571,0.0426
B1_knn_vote,background_accept,0.7616,0.0439
B1_knn_vote,background_accept,0.7661,0.0458
B1_knn_vote,background_accept,0.7707,0.0463
B1_knn_vote,background_accept,0.7752,0.0475
B1_knn_vote,background_accept,0.7797,0.0494
B1_knn_vote,background_accept,0.7843,0.0513
B1_knn_vote,background_accept,0.7888,0.0538
B1_knn_vote,background_accept,0.7933,0.0542
B1_knn_vote,background_accept,0.7978,0.0539
B1_knn_vote,background_accept,0.8024,0.0543
B1_knn_vote,background_accept,0.8069,0.0547
B1_knn_vote,background_accept,0.8114,0.0558
B1_knn_vote,background_accept,0.816,0.0569
B1_knn_vote,background_accept,0.8205,0.0587
B1_knn_vote,background_accept,0.825,0.0611
B1_knn_vote,background_accept,0.8296,0.0635
B1_knn_vote,background_accept,0.8341,0.0652
B1_knn_vote,background_accept,0.8386,0.0662
B1_knn_vote,background_accept,0.8431,0.0672
B1_knn_vote,background_accept,0.8477,0.0688
B1_knn_vote,background_accept,0.8522,0.0684
B1_knn_vote,background_accept,0.8567,0.0687
B1_knn_vote,background_accept,0.8613,0.0703
B1_knn_vote,background_accept,0.8658,0.0719
B1_knn_vote,background_accept,0.8703,0.0716
B1_knn_vote,background_accept,0.8749,0.0725
B1_knn_vote,background_accept,0.8794,0.0747
B1_knn_vote,background_accept,0.8839,0.075
B1_knn_vote,background_accept,0.8884,0.0765
B1_knn_vote,background_accept,0.893,0.078
B1_knn_vote,background_accept,0.8975,0.0795
B1_knn_vote,background_accept,0.902,0.0797
B1_knn_vote,background_accept,0.9066,0.0793
B1_knn_vote,background_accept,0.9111,0.0802
B1_knn_vote,background_accept,0.9156,0.081
B1_knn_vote,background_accept,0.9202,0.0831
B1_knn_vote,background_accept,0.9247,0.0827
B1_knn_vote,background_accept,0.9292,0.0841
B1_knn_vote,background_accept,0.9337,0.0849
B1_knn_vote,background_accept,0.9383,0.0863
B1_knn_vote,background_accept,0.9428,0.0877
B1_knn_vote,background_accept,0.9473,0.0897
B1_knn_vote,background_accept,0.9519,0.0898
B1_knn_vote,background_accept,0.9564,0.0906
B1_knn_vote,background_accept,0.9609,0.0907
B1_knn_vote,background_accept,0.9655,0.0933
B1_knn_vote,background_accept,0.97,0.0934
B1_knn_vote,background_accept,0.9745,0.0936
B1_knn_vote,background_accept,0.979,0.0937
B1_knn_vote,background_accept,0.9836,0.095
B1_knn_vote,background_accept,0.9881,0.0957
B1_knn_vote,background_accept,0.9926,0.097
B1_knn_vote,background_accept,0.9972,0.0977
B1_knn_vote,localisation_accept,0.0006,0.0
B1_knn_vote,localisation_accept,0.0051,0.0
B1_knn_vote,localisation_accept,0.0096,0.0
B1_knn_vote,localisation_accept,0.0142,0.0
B1_knn_vote,localisation_accept,0.0187,0.0
B1_knn_vote,localisation_accept,0.0232,0.0
B1_knn_vote,localisation_accept,0.0277,0.0
B1_knn_vote,localisation_accept,0.0323,0.0
B1_knn_vote,localisation_accept,0.0368,0.0
B1_knn_vote,localisation_accept,0.0413,0.0
B1_knn_vote,localisation_accept,0.0459,0.0
B1_knn_vote,localisation_accept,0.0504,0.0
B1_knn_vote,localisation_accept,0.0549,0.0
B1_knn_vote,localisation_accept,0.0595,0.0095
B1_knn_vote,localisation_accept,0.064,0.0088
B1_knn_vote,localisation_accept,0.0685,0.0165
B1_knn_vote,localisation_accept,0.073,0.0155
B1_knn_vote,localisation_accept,0.0776,0.0146
B1_knn_vote,localisation_accept,0.0821,0.0207
B1_knn_vote,localisation_accept,0.0866,0.0196
B1_knn_vote,localisation_accept,0.0912,0.0186
B1_knn_vote,localisation_accept,0.0957,0.0178
B1_knn_vote,localisation_accept,0.1002,0.0226
B1_knn_vote,localisation_accept,0.1048,0.0216
B1_knn_vote,localisation_accept,0.1093,0.0207
B1_knn_vote,localisation_accept,0.1138,0.0249
B1_knn_vote,localisation_accept,0.1183,0.0239
B1_knn_vote,localisation_accept,0.1229,0.023
B1_knn_vote,localisation_accept,0.1274,0.0267
B1_knn_vote,localisation_accept,0.1319,0.0258
B1_knn_vote,localisation_accept,0.1365,0.0249
B1_knn_vote,localisation_accept,0.141,0.0281
B1_knn_vote,localisation_accept,0.1455,0.035
B1_knn_vote,localisation_accept,0.1501,0.0377
B1_knn_vote,localisation_accept,0.1546,0.0366
B1_knn_vote,localisation_accept,0.1591,0.0356
B1_knn_vote,localisation_accept,0.1636,0.0415
B1_knn_vote,localisation_accept,0.1682,0.0404
B1_knn_vote,localisation_accept,0.1727,0.0426
B1_knn_vote,localisation_accept,0.1772,0.0415
B1_knn_vote,localisation_accept,0.1818,0.0405
B1_knn_vote,localisation_accept,0.1863,0.0426
B1_knn_vote,localisation_accept,0.1908,0.0475
B1_knn_vote,localisation_accept,0.1954,0.0493
B1_knn_vote,localisation_accept,0.1999,0.0482
B1_knn_vote,localisation_accept,0.2044,0.0499
B1_knn_vote,localisation_accept,0.2089,0.0488
B1_knn_vote,localisation_accept,0.2135,0.0477
B1_knn_vote,localisation_accept,0.218,0.0468
B1_knn_vote,localisation_accept,0.2225,0.0458
B1_knn_vote,localisation_accept,0.2271,0.0449
B1_knn_vote,localisation_accept,0.2316,0.0465
B1_knn_vote,localisation_accept,0.2361,0.048
B1_knn_vote,localisation_accept,0.2407,0.0471
B1_knn_vote,localisation_accept,0.2452,0.0462
B1_knn_vote,localisation_accept,0.2497,0.0499
B1_knn_vote,localisation_accept,0.2542,0.049
B1_knn_vote,localisation_accept,0.2588,0.0503
B1_knn_vote,localisation_accept,0.2633,0.0495
B1_knn_vote,localisation_accept,0.2678,0.0486
B1_knn_vote,localisation_accept,0.2724,0.0478
B1_knn_vote,localisation_accept,0.2769,0.0491
B1_knn_vote,localisation_accept,0.2814,0.0503
B1_knn_vote,localisation_accept,0.286,0.0495
B1_knn_vote,localisation_accept,0.2905,0.0507
B1_knn_vote,localisation_accept,0.295,0.0499
B1_knn_vote,localisation_accept,0.2995,0.0548
B1_knn_vote,localisation_accept,0.3041,0.0559
B1_knn_vote,localisation_accept,0.3086,0.0587
B1_knn_vote,localisation_accept,0.3131,0.0579
B1_knn_vote,localisation_accept,0.3177,0.057
B1_knn_vote,localisation_accept,0.3222,0.058
B1_knn_vote,localisation_accept,0.3267,0.0572
B1_knn_vote,localisation_accept,0.3313,0.0564
B1_knn_vote,localisation_accept,0.3358,0.0556
B1_knn_vote,localisation_accept,0.3403,0.0566
B1_knn_vote,localisation_accept,0.3448,0.0558
B1_knn_vote,localisation_accept,0.3494,0.0567
B1_knn_vote,localisation_accept,0.3539,0.056
B1_knn_vote,localisation_accept,0.3584,0.0585
B1_knn_vote,localisation_accept,0.363,0.0608
B1_knn_vote,localisation_accept,0.3675,0.0616
B1_knn_vote,localisation_accept,0.372,0.0654
B1_knn_vote,localisation_accept,0.3766,0.0662
B1_knn_vote,localisation_accept,0.3811,0.0654
B1_knn_vote,localisation_accept,0.3856,0.0675
B1_knn_vote,localisation_accept,0.3901,0.0711
B1_knn_vote,localisation_accept,0.3947,0.0732
B1_knn_vote,localisation_accept,0.3992,0.0752
B1_knn_vote,localisation_accept,0.4037,0.0785
B1_knn_vote,localisation_accept,0.4083,0.0804
B1_knn_vote,localisation_accept,0.4128,0.0809
B1_knn_vote,localisation_accept,0.4173,0.0814
B1_knn_vote,localisation_accept,0.4219,0.0832
B1_knn_vote,localisation_accept,0.4264,0.0837
B1_knn_vote,localisation_accept,0.4309,0.0828
B1_knn_vote,localisation_accept,0.4354,0.0871
B1_knn_vote,localisation_accept,0.44,0.0862
B1_knn_vote,localisation_accept,0.4445,0.0892
B1_knn_vote,localisation_accept,0.449,0.0908
B1_knn_vote,localisation_accept,0.4536,0.0911
B1_knn_vote,localisation_accept,0.4581,0.0927
B1_knn_vote,localisation_accept,0.4626,0.0918
B1_knn_vote,localisation_accept,0.4672,0.0909
B1_knn_vote,localisation_accept,0.4717,0.0912
B1_knn_vote,localisation_accept,0.4762,0.0927
B1_knn_vote,localisation_accept,0.4807,0.0931
B1_knn_vote,localisation_accept,0.4853,0.0922
B1_knn_vote,localisation_accept,0.4898,0.0936
B1_knn_vote,localisation_accept,0.4943,0.0951
B1_knn_vote,localisation_accept,0.4989,0.0953
B1_knn_vote,localisation_accept,0.5034,0.0956
B1_knn_vote,localisation_accept,0.5079,0.097
B1_knn_vote,localisation_accept,0.5125,0.0972
B1_knn_vote,localisation_accept,0.517,0.0986
B1_knn_vote,localisation_accept,0.5215,0.1021
B1_knn_vote,localisation_accept,0.526,0.1033
B1_knn_vote,localisation_accept,0.5306,0.1067
B1_knn_vote,localisation_accept,0.5351,0.109
B1_knn_vote,localisation_accept,0.5396,0.1112
B1_knn_vote,localisation_accept,0.5442,0.1113
B1_knn_vote,localisation_accept,0.5487,0.1146
B1_knn_vote,localisation_accept,0.5532,0.1187
B1_knn_vote,localisation_accept,0.5578,0.1239
B1_knn_vote,localisation_accept,0.5623,0.1269
B1_knn_vote,localisation_accept,0.5668,0.1279
B1_knn_vote,localisation_accept,0.5713,0.1288
B1_knn_vote,localisation_accept,0.5759,0.1298
B1_knn_vote,localisation_accept,0.5804,0.1317
B1_knn_vote,localisation_accept,0.5849,0.1326
B1_knn_vote,localisation_accept,0.5895,0.1335
B1_knn_vote,localisation_accept,0.594,0.1344
B1_knn_vote,localisation_accept,0.5985,0.1353
B1_knn_vote,localisation_accept,0.6031,0.1399
B1_knn_vote,localisation_accept,0.6076,0.1417
B1_knn_vote,localisation_accept,0.6121,0.1452
B1_knn_vote,localisation_accept,0.6166,0.1488
B1_knn_vote,localisation_accept,0.6212,0.1504
B1_knn_vote,localisation_accept,0.6257,0.152
B1_knn_vote,localisation_accept,0.6302,0.1554
B1_knn_vote,localisation_accept,0.6348,0.1588
B1_knn_vote,localisation_accept,0.6393,0.163
B1_knn_vote,localisation_accept,0.6438,0.1645
B1_knn_vote,localisation_accept,0.6484,0.1651
B1_knn_vote,localisation_accept,0.6529,0.1657
B1_knn_vote,localisation_accept,0.6574,0.1662
B1_knn_vote,localisation_accept,0.6619,0.1677
B1_knn_vote,localisation_accept,0.6665,0.1682
B1_knn_vote,localisation_accept,0.671,0.1705
B1_knn_vote,localisation_accept,0.6755,0.1744
B1_knn_vote,localisation_accept,0.6801,0.1749
B1_knn_vote,localisation_accept,0.6846,0.177
B1_knn_vote,localisation_accept,0.6891,0.1808
B1_knn_vote,localisation_accept,0.6937,0.1829
B1_knn_vote,localisation_accept,0.6982,0.1841
B1_knn_vote,localisation_accept,0.7027,0.1861
B1_knn_vote,localisation_accept,0.7072,0.1882
B1_knn_vote,localisation_accept,0.7118,0.1909
B1_knn_vote,localisation_accept,0.7163,0.1929
B1_knn_vote,localisation_accept,0.7208,0.194
B1_knn_vote,localisation_accept,0.7254,0.1975
B1_knn_vote,localisation_accept,0.7299,0.2017
B1_knn_vote,localisation_accept,0.7344,0.2043
B1_knn_vote,localisation_accept,0.739,0.2077
B1_knn_vote,localisation_accept,0.7435,0.2094
B1_knn_vote,localisation_accept,0.748,0.2112
B1_knn_vote,localisation_accept,0.7525,0.2144
B1_knn_vote,localisation_accept,0.7571,0.2154
B1_knn_vote,localisation_accept,0.7616,0.2178
B1_knn_vote,localisation_accept,0.7661,0.2203
B1_knn_vote,localisation_accept,0.7707,0.2219
B1_knn_vote,localisation_accept,0.7752,0.2243
B1_knn_vote,localisation_accept,0.7797,0.2259
B1_knn_vote,localisation_accept,0.7843,0.2274
B1_knn_vote,localisation_accept,0.7888,0.2283
B1_knn_vote,localisation_accept,0.7933,0.2305
B1_knn_vote,localisation_accept,0.7978,0.2328
B1_knn_vote,localisation_accept,0.8024,0.2357
B1_knn_vote,localisation_accept,0.8069,0.2379
B1_knn_vote,localisation_accept,0.8114,0.2401
B1_knn_vote,localisation_accept,0.816,0.2422
B1_knn_vote,localisation_accept,0.8205,0.2443
B1_knn_vote,localisation_accept,0.825,0.245
B1_knn_vote,localisation_accept,0.8296,0.2451
B1_knn_vote,localisation_accept,0.8341,0.2464
B1_knn_vote,localisation_accept,0.8386,0.2478
B1_knn_vote,localisation_accept,0.8431,0.2498
B1_knn_vote,localisation_accept,0.8477,0.2505
B1_knn_vote,localisation_accept,0.8522,0.2525
B1_knn_vote,localisation_accept,0.8567,0.2545
B1_knn_vote,localisation_accept,0.8613,0.2551
B1_knn_vote,localisation_accept,0.8658,0.2564
B1_knn_vote,localisation_accept,0.8703,0.2596
B1_knn_vote,localisation_accept,0.8749,0.2602
B1_knn_vote,localisation_accept,0.8794,0.2601
B1_knn_vote,localisation_accept,0.8839,0.2627
B1_knn_vote,localisation_accept,0.8884,0.2639
B1_knn_vote,localisation_accept,0.893,0.2657
B1_knn_vote,localisation_accept,0.8975,0.2662
B1_knn_vote,localisation_accept,0.902,0.2687
B1_knn_vote,localisation_accept,0.9066,0.2711
B1_knn_vote,localisation_accept,0.9111,0.2722
B1_knn_vote,localisation_accept,0.9156,0.2746
B1_knn_vote,localisation_accept,0.9202,0.2757
B1_knn_vote,localisation_accept,0.9247,0.278
B1_knn_vote,localisation_accept,0.9292,0.2791
B1_knn_vote,localisation_accept,0.9337,0.2808
B1_knn_vote,localisation_accept,0.9383,0.2818
B1_knn_vote,localisation_accept,0.9428,0.2835
B1_knn_vote,localisation_accept,0.9473,0.2845
B1_knn_vote,localisation_accept,0.9519,0.2867
B1_knn_vote,localisation_accept,0.9564,0.2877
B1_knn_vote,localisation_accept,0.9609,0.2882
B1_knn_vote,localisation_accept,0.9655,0.2886
B1_knn_vote,localisation_accept,0.97,0.2896
B1_knn_vote,localisation_accept,0.9745,0.2923
B1_knn_vote,localisation_accept,0.979,0.295
B1_knn_vote,localisation_accept,0.9836,0.2948
B1_knn_vote,localisation_accept,0.9881,0.2968
B1_knn_vote,localisation_accept,0.9926,0.2983
B1_knn_vote,localisation_accept,0.9972,0.2993
B1_knn_vote,loose_box_accept,0.0006,0.0
B1_knn_vote,loose_box_accept,0.0051,0.2222
B1_knn_vote,loose_box_accept,0.0096,0.1765
B1_knn_vote,loose_box_accept,0.0142,0.16
B1_knn_vote,loose_box_accept,0.0187,0.1212
B1_knn_vote,loose_box_accept,0.0232,0.1463
B1_knn_vote,loose_box_accept,0.0277,0.1429
B1_knn_vote,loose_box_accept,0.0323,0.1404
B1_knn_vote,loose_box_accept,0.0368,0.1538
B1_knn_vote,loose_box_accept,0.0413,0.137
B1_knn_vote,loose_box_accept,0.0459,0.1358
B1_knn_vote,loose_box_accept,0.0504,0.1348
B1_knn_vote,loose_box_accept,0.0549,0.134
B1_knn_vote,loose_box_accept,0.0595,0.1524
B1_knn_vote,loose_box_accept,0.064,0.1504
B1_knn_vote,loose_box_accept,0.0685,0.1818
B1_knn_vote,loose_box_accept,0.073,0.1705
B1_knn_vote,loose_box_accept,0.0776,0.1679
B1_knn_vote,loose_box_accept,0.0821,0.1793
B1_knn_vote,loose_box_accept,0.0866,0.1895
B1_knn_vote,loose_box_accept,0.0912,0.1863
B1_knn_vote,loose_box_accept,0.0957,0.1834
B1_knn_vote,loose_box_accept,0.1002,0.1808
B1_knn_vote,loose_box_accept,0.1048,0.1838
B1_knn_vote,loose_box_accept,0.1093,0.1762
B1_knn_vote,loose_box_accept,0.1138,0.1692
B1_knn_vote,loose_box_accept,0.1183,0.1722
B1_knn_vote,loose_box_accept,0.1229,0.1797
B1_knn_vote,loose_box_accept,0.1274,0.1822
B1_knn_vote,loose_box_accept,0.1319,0.1888
B1_knn_vote,loose_box_accept,0.1365,0.195
B1_knn_vote,loose_box_accept,0.141,0.1928
B1_knn_vote,loose_box_accept,0.1455,0.1946
B1_knn_vote,loose_box_accept,0.1501,0.1962
B1_knn_vote,loose_box_accept,0.1546,0.1941
B1_knn_vote,loose_box_accept,0.1591,0.1886
B1_knn_vote,loose_box_accept,0.1636,0.1869
B1_knn_vote,loose_box_accept,0.1682,0.1852
B1_knn_vote,loose_box_accept,0.1727,0.1934
B1_knn_vote,loose_box_accept,0.1772,0.1949
B1_knn_vote,loose_box_accept,0.1818,0.19
B1_knn_vote,loose_box_accept,0.1863,0.1945
B1_knn_vote,loose_box_accept,0.1908,0.1988
B1_knn_vote,loose_box_accept,0.1954,0.2029
B1_knn_vote,loose_box_accept,0.1999,0.204
B1_knn_vote,loose_box_accept,0.2044,0.2078
B1_knn_vote,loose_box_accept,0.2089,0.2087
B1_knn_vote,loose_box_accept,0.2135,0.2095
B1_knn_vote,loose_box_accept,0.218,0.213
B1_knn_vote,loose_box_accept,0.2225,0.2163
B1_knn_vote,loose_box_accept,0.2271,0.217
B1_knn_vote,loose_box_accept,0.2316,0.2225
B1_knn_vote,loose_box_accept,0.2361,0.2278
B1_knn_vote,loose_box_accept,0.2407,0.2259
B1_knn_vote,loose_box_accept,0.2452,0.224
B1_knn_vote,loose_box_accept,0.2497,0.2245
B1_knn_vote,loose_box_accept,0.2542,0.2294
B1_knn_vote,loose_box_accept,0.2588,0.2341
B1_knn_vote,loose_box_accept,0.2633,0.2323
B1_knn_vote,loose_box_accept,0.2678,0.2304
B1_knn_vote,loose_box_accept,0.2724,0.2328
B1_knn_vote,loose_box_accept,0.2769,0.2372
B1_knn_vote,loose_box_accept,0.2814,0.2354
B1_knn_vote,loose_box_accept,0.286,0.2396
B1_knn_vote,loose_box_accept,0.2905,0.2437
B1_knn_vote,loose_box_accept,0.295,0.2457
B1_knn_vote,loose_box_accept,0.2995,0.242
B1_knn_vote,loose_box_accept,0.3041,0.2384
B1_knn_vote,loose_box_accept,0.3086,0.2404
B1_knn_vote,loose_box_accept,0.3131,0.2387
B1_knn_vote,loose_box_accept,0.3177,0.2406
B1_knn_vote,loose_box_accept,0.3222,0.2408
B1_knn_vote,loose_box_accept,0.3267,0.2426
B1_knn_vote,loose_box_accept,0.3313,0.2462
B1_knn_vote,loose_box_accept,0.3358,0.2496
B1_knn_vote,loose_box_accept,0.3403,0.2463
B1_knn_vote,loose_box_accept,0.3448,0.2463
B1_knn_vote,loose_box_accept,0.3494,0.2464
B1_knn_vote,loose_box_accept,0.3539,0.2464
B1_knn_vote,loose_box_accept,0.3584,0.2433
B1_knn_vote,loose_box_accept,0.363,0.2434
B1_knn_vote,loose_box_accept,0.3675,0.2465
B1_knn_vote,loose_box_accept,0.372,0.2466
B1_knn_vote,loose_box_accept,0.3766,0.2481
B1_knn_vote,loose_box_accept,0.3811,0.2496
B1_knn_vote,loose_box_accept,0.3856,0.2526
B1_knn_vote,loose_box_accept,0.3901,0.254
B1_knn_vote,loose_box_accept,0.3947,0.2568
B1_knn_vote,loose_box_accept,0.3992,0.2567
B1_knn_vote,loose_box_accept,0.4037,0.2567
B1_knn_vote,loose_box_accept,0.4083,0.2594
B1_knn_vote,loose_box_accept,0.4128,0.262
B1_knn_vote,loose_box_accept,0.4173,0.2632
B1_knn_vote,loose_box_accept,0.4219,0.2644
B1_knn_vote,loose_box_accept,0.4264,0.2643
B1_knn_vote,loose_box_accept,0.4309,0.2628
B1_knn_vote,loose_box_accept,0.4354,0.2627
B1_knn_vote,loose_box_accept,0.44,0.2625
B1_knn_vote,loose_box_accept,0.4445,0.2624
B1_knn_vote,loose_box_accept,0.449,0.2623
B1_knn_vote,loose_box_accept,0.4536,0.2634
B1_knn_vote,loose_box_accept,0.4581,0.2608
B1_knn_vote,loose_box_accept,0.4626,0.2632
B1_knn_vote,loose_box_accept,0.4672,0.2667
B1_knn_vote,loose_box_accept,0.4717,0.2689
B1_knn_vote,loose_box_accept,0.4762,0.2687
B1_knn_vote,loose_box_accept,0.4807,0.2709
B1_knn_vote,loose_box_accept,0.4853,0.2719
B1_knn_vote,loose_box_accept,0.4898,0.274
B1_knn_vote,loose_box_accept,0.4943,0.2738
B1_knn_vote,loose_box_accept,0.4989,0.2736
B1_knn_vote,loose_box_accept,0.5034,0.2767
B1_knn_vote,loose_box_accept,0.5079,0.2776
B1_knn_vote,loose_box_accept,0.5125,0.2785
B1_knn_vote,loose_box_accept,0.517,0.2793
B1_knn_vote,loose_box_accept,0.5215,0.2801
B1_knn_vote,loose_box_accept,0.526,0.2809
B1_knn_vote,loose_box_accept,0.5306,0.2828
B1_knn_vote,loose_box_accept,0.5351,0.2857
B1_knn_vote,loose_box_accept,0.5396,0.2865
B1_knn_vote,loose_box_accept,0.5442,0.2893
B1_knn_vote,loose_box_accept,0.5487,0.291
B1_knn_vote,loose_box_accept,0.5532,0.2917
B1_knn_vote,loose_box_accept,0.5578,0.2904
B1_knn_vote,loose_box_accept,0.5623,0.29
B1_knn_vote,loose_box_accept,0.5668,0.2897
B1_knn_vote,loose_box_accept,0.5713,0.2914
B1_knn_vote,loose_box_accept,0.5759,0.294
B1_knn_vote,loose_box_accept,0.5804,0.2927
B1_knn_vote,loose_box_accept,0.5849,0.2933
B1_knn_vote,loose_box_accept,0.5895,0.2939
B1_knn_vote,loose_box_accept,0.594,0.2946
B1_knn_vote,loose_box_accept,0.5985,0.2971
B1_knn_vote,loose_box_accept,0.6031,0.2967
B1_knn_vote,loose_box_accept,0.6076,0.2964
B1_knn_vote,loose_box_accept,0.6121,0.296
B1_knn_vote,loose_box_accept,0.6166,0.2948
B1_knn_vote,loose_box_accept,0.6212,0.2944
B1_knn_vote,loose_box_accept,0.6257,0.2941
B1_knn_vote,loose_box_accept,0.6302,0.2938
B1_knn_vote,loose_box_accept,0.6348,0.2926
B1_knn_vote,loose_box_accept,0.6393,0.2914
B1_knn_vote,loose_box_accept,0.6438,0.2911
B1_knn_vote,loose_box_accept,0.6484,0.2934
B1_knn_vote,loose_box_accept,0.6529,0.294
B1_knn_vote,loose_box_accept,0.6574,0.2946
B1_knn_vote,loose_box_accept,0.6619,0.296
B1_knn_vote,loose_box_accept,0.6665,0.2948
B1_knn_vote,loose_box_accept,0.671,0.2937
B1_knn_vote,loose_box_accept,0.6755,0.2917
B1_knn_vote,loose_box_accept,0.6801,0.2906
B1_knn_vote,loose_box_accept,0.6846,0.2895
B1_knn_vote,loose_box_accept,0.6891,0.2876
B1_knn_vote,loose_box_accept,0.6937,0.2857
B1_knn_vote,loose_box_accept,0.6982,0.2855
B1_knn_vote,loose_box_accept,0.7027,0.2844
B1_knn_vote,loose_box_accept,0.7072,0.2834
B1_knn_vote,loose_box_accept,0.7118,0.2824
B1_knn_vote,loose_box_accept,0.7163,0.2806
B1_knn_vote,loose_box_accept,0.7208,0.2804
B1_knn_vote,loose_box_accept,0.7254,0.2795
B1_knn_vote,loose_box_accept,0.7299,0.2777
B1_knn_vote,loose_box_accept,0.7344,0.276
B1_knn_vote,loose_box_accept,0.739,0.2751
B1_knn_vote,loose_box_accept,0.7435,0.2742
B1_knn_vote,loose_box_accept,0.748,0.2725
B1_knn_vote,loose_box_accept,0.7525,0.2709
B1_knn_vote,loose_box_accept,0.7571,0.27
B1_knn_vote,loose_box_accept,0.7616,0.2691
B1_knn_vote,loose_box_accept,0.7661,0.2676
B1_knn_vote,loose_box_accept,0.7707,0.2675
B1_knn_vote,loose_box_accept,0.7752,0.2659
B1_knn_vote,loose_box_accept,0.7797,0.2651
B1_knn_vote,loose_box_accept,0.7843,0.2643
B1_knn_vote,loose_box_accept,0.7888,0.2635
B1_knn_vote,loose_box_accept,0.7933,0.2634
B1_knn_vote,loose_box_accept,0.7978,0.2626
B1_knn_vote,loose_box_accept,0.8024,0.2618
B1_knn_vote,loose_box_accept,0.8069,0.2604
B1_knn_vote,loose_box_accept,0.8114,0.2596
B1_knn_vote,loose_box_accept,0.816,0.2588
B1_knn_vote,loose_box_accept,0.8205,0.2574
B1_knn_vote,loose_box_accept,0.825,0.256
B1_knn_vote,loose_box_accept,0.8296,0.2553
B1_knn_vote,loose_box_accept,0.8341,0.2546
B1_knn_vote,loose_box_accept,0.8386,0.2546
B1_knn_vote,loose_box_accept,0.8431,0.2539
B1_knn_vote,loose_box_accept,0.8477,0.2532
B1_knn_vote,loose_box_accept,0.8522,0.2538
B1_knn_vote,loose_box_accept,0.8567,0.2531
B1_knn_vote,loose_box_accept,0.8613,0.2531
B1_knn_vote,loose_box_accept,0.8658,0.2525
B1_knn_vote,loose_box_accept,0.8703,0.2518
B1_knn_vote,loose_box_accept,0.8749,0.2518
B1_knn_vote,loose_box_accept,0.8794,0.2511
B1_knn_vote,loose_box_accept,0.8839,0.2498
B1_knn_vote,loose_box_accept,0.8884,0.2492
B1_knn_vote,loose_box_accept,0.893,0.2479
B1_knn_vote,loose_box_accept,0.8975,0.2479
B1_knn_vote,loose_box_accept,0.902,0.2467
B1_knn_vote,loose_box_accept,0.9066,0.2467
B1_knn_vote,loose_box_accept,0.9111,0.2455
B1_knn_vote,loose_box_accept,0.9156,0.2443
B1_knn_vote,loose_box_accept,0.9202,0.2431
B1_knn_vote,loose_box_accept,0.9247,0.2425
B1_knn_vote,loose_box_accept,0.9292,0.2413
B1_knn_vote,loose_box_accept,0.9337,0.2408
B1_knn_vote,loose_box_accept,0.9383,0.2396
B1_knn_vote,loose_box_accept,0.9428,0.2384
B1_knn_vote,loose_box_accept,0.9473,0.2373
B1_knn_vote,loose_box_accept,0.9519,0.2368
B1_knn_vote,loose_box_accept,0.9564,0.2362
B1_knn_vote,loose_box_accept,0.9609,0.2363
B1_knn_vote,loose_box_accept,0.9655,0.2352
B1_knn_vote,loose_box_accept,0.97,0.2341
B1_knn_vote,loose_box_accept,0.9745,0.233
B1_knn_vote,loose_box_accept,0.979,0.2319
B1_knn_vote,loose_box_accept,0.9836,0.2314
B1_knn_vote,loose_box_accept,0.9881,0.2304
B1_knn_vote,loose_box_accept,0.9926,0.2293
B1_knn_vote,loose_box_accept,0.9972,0.2288
B2_logreg,combined,0.0006,0.0
B2_logreg,combined,0.0051,0.2222
B2_logreg,combined,0.0096,0.1765
B2_logreg,combined,0.0142,0.2
B2_logreg,combined,0.0187,0.1818
B2_logreg,combined,0.0232,0.1951
B2_logreg,combined,0.0277,0.1837
B2_logreg,combined,0.0323,0.1579
B2_logreg,combined,0.0368,0.1385
B2_logreg,combined,0.0413,0.137
B2_logreg,combined,0.0459,0.1481
B2_logreg,combined,0.0504,0.1348
B2_logreg,combined,0.0549,0.1443
B2_logreg,combined,0.0595,0.1333
B2_logreg,combined,0.064,0.1504
B2_logreg,combined,0.0685,0.1653
B2_logreg,combined,0.073,0.1628
B2_logreg,combined,0.0776,0.1679
B2_logreg,combined,0.0821,0.1793
B2_logreg,combined,0.0866,0.1765
B2_logreg,combined,0.0912,0.1739
B2_logreg,combined,0.0957,0.1716
B2_logreg,combined,0.1002,0.1695
B2_logreg,combined,0.1048,0.173
B2_logreg,combined,0.1093,0.171
B2_logreg,combined,0.1138,0.1692
B2_logreg,combined,0.1183,0.1675
B2_logreg,combined,0.1229,0.1659
B2_logreg,combined,0.1274,0.1733
B2_logreg,combined,0.1319,0.1717
B2_logreg,combined,0.1365,0.1743
B2_logreg,combined,0.141,0.1767
B2_logreg,combined,0.1455,0.1751
B2_logreg,combined,0.1501,0.1736
B2_logreg,combined,0.1546,0.1905
B2_logreg,combined,0.1591,0.1922
B2_logreg,combined,0.1636,0.1972
B2_logreg,combined,0.1682,0.1953
B2_logreg,combined,0.1727,0.2
B2_logreg,combined,0.1772,0.2013
B2_logreg,combined,0.1818,0.2056
B2_logreg,combined,0.1863,0.2097
B2_logreg,combined,0.1908,0.2107
B2_logreg,combined,0.1954,0.2174
B2_logreg,combined,0.1999,0.2266
B2_logreg,combined,0.2044,0.2244
B2_logreg,combined,0.2089,0.2249
B2_logreg,combined,0.2135,0.2202
B2_logreg,combined,0.218,0.2234
B2_logreg,combined,0.2225,0.2239
B2_logreg,combined,0.2271,0.2244
B2_logreg,combined,0.2316,0.2249
B2_logreg,combined,0.2361,0.2278
B2_logreg,combined,0.2407,0.2306
B2_logreg,combined,0.2452,0.2402
B2_logreg,combined,0.2497,0.2404
B2_logreg,combined,0.2542,0.2494
B2_logreg,combined,0.2588,0.2516
B2_logreg,combined,0.2633,0.2516
B2_logreg,combined,0.2678,0.2516
B2_logreg,combined,0.2724,0.2516
B2_logreg,combined,0.2769,0.2536
B2_logreg,combined,0.2814,0.2596
B2_logreg,combined,0.286,0.2673
B2_logreg,combined,0.2905,0.271
B2_logreg,combined,0.295,0.2726
B2_logreg,combined,0.2995,0.2798
B2_logreg,combined,0.3041,0.2849
B2_logreg,combined,0.3086,0.2881
B2_logreg,combined,0.3131,0.2948
B2_logreg,combined,0.3177,0.2959
B2_logreg,combined,0.3222,0.3005
B2_logreg,combined,0.3267,0.3016
B2_logreg,combined,0.3313,0.3043
B2_logreg,combined,0.3358,0.3069
B2_logreg,combined,0.3403,0.3095
B2_logreg,combined,0.3448,0.312
B2_logreg,combined,0.3494,0.3128
B2_logreg,combined,0.3539,0.3136
B2_logreg,combined,0.3584,0.316
B2_logreg,combined,0.363,0.3167
B2_logreg,combined,0.3675,0.322
B2_logreg,combined,0.372,0.3257
B2_logreg,combined,0.3766,0.3308
B2_logreg,combined,0.3811,0.3358
B2_logreg,combined,0.3856,0.3407
B2_logreg,combined,0.3901,0.3425
B2_logreg,combined,0.3947,0.3486
B2_logreg,combined,0.3992,0.3546
B2_logreg,combined,0.4037,0.359
B2_logreg,combined,0.4083,0.3634
B2_logreg,combined,0.4128,0.369
B2_logreg,combined,0.4173,0.3704
B2_logreg,combined,0.4219,0.3718
B2_logreg,combined,0.4264,0.3772
B2_logreg,combined,0.4309,0.3811
B2_logreg,combined,0.4354,0.3875
B2_logreg,combined,0.44,0.3887
B2_logreg,combined,0.4445,0.3911
B2_logreg,combined,0.449,0.396
B2_logreg,combined,0.4536,0.3983
B2_logreg,combined,0.4581,0.4005
B2_logreg,combined,0.4626,0.4064
B2_logreg,combined,0.4672,0.4097
B2_logreg,combined,0.4717,0.413
B2_logreg,combined,0.4762,0.4174
B2_logreg,combined,0.4807,0.4229
B2_logreg,combined,0.4853,0.4271
B2_logreg,combined,0.4898,0.4324
B2_logreg,combined,0.4943,0.4364
B2_logreg,combined,0.4989,0.4393
B2_logreg,combined,0.5034,0.4421
B2_logreg,combined,0.5079,0.447
B2_logreg,combined,0.5125,0.4519
B2_logreg,combined,0.517,0.4535
B2_logreg,combined,0.5215,0.4549
B2_logreg,combined,0.526,0.4596
B2_logreg,combined,0.5306,0.4632
B2_logreg,combined,0.5351,0.4646
B2_logreg,combined,0.5396,0.469
B2_logreg,combined,0.5442,0.4724
B2_logreg,combined,0.5487,0.4757
B2_logreg,combined,0.5532,0.479
B2_logreg,combined,0.5578,0.4832
B2_logreg,combined,0.5623,0.4864
B2_logreg,combined,0.5668,0.4905
B2_logreg,combined,0.5713,0.4926
B2_logreg,combined,0.5759,0.4956
B2_logreg,combined,0.5804,0.4946
B2_logreg,combined,0.5849,0.4985
B2_logreg,combined,0.5895,0.5024
B2_logreg,combined,0.594,0.5043
B2_logreg,combined,0.5985,0.5071
B2_logreg,combined,0.6031,0.5099
B2_logreg,combined,0.6076,0.5126
B2_logreg,combined,0.6121,0.5162
B2_logreg,combined,0.6166,0.5197
B2_logreg,combined,0.6212,0.5223
B2_logreg,combined,0.6257,0.5249
B2_logreg,combined,0.6302,0.5283
B2_logreg,combined,0.6348,0.529
B2_logreg,combined,0.6393,0.5323
B2_logreg,combined,0.6438,0.5356
B2_logreg,combined,0.6484,0.5389
B2_logreg,combined,0.6529,0.5412
B2_logreg,combined,0.6574,0.5435
B2_logreg,combined,0.6619,0.5466
B2_logreg,combined,0.6665,0.5497
B2_logreg,combined,0.671,0.5527
B2_logreg,combined,0.6755,0.5557
B2_logreg,combined,0.6801,0.5587
B2_logreg,combined,0.6846,0.5616
B2_logreg,combined,0.6891,0.5645
B2_logreg,combined,0.6937,0.5673
B2_logreg,combined,0.6982,0.5702
B2_logreg,combined,0.7027,0.5729
B2_logreg,combined,0.7072,0.5757
B2_logreg,combined,0.7118,0.5784
B2_logreg,combined,0.7163,0.5802
B2_logreg,combined,0.7208,0.5829
B2_logreg,combined,0.7254,0.5855
B2_logreg,combined,0.7299,0.5881
B2_logreg,combined,0.7344,0.5906
B2_logreg,combined,0.739,0.5931
B2_logreg,combined,0.7435,0.5956
B2_logreg,combined,0.748,0.598
B2_logreg,combined,0.7525,0.6005
B2_logreg,combined,0.7571,0.6028
B2_logreg,combined,0.7616,0.6052
B2_logreg,combined,0.7661,0.6075
B2_logreg,combined,0.7707,0.6098
B2_logreg,combined,0.7752,0.6121
B2_logreg,combined,0.7797,0.6144
B2_logreg,combined,0.7843,0.6166
B2_logreg,combined,0.7888,0.6188
B2_logreg,combined,0.7933,0.621
B2_logreg,combined,0.7978,0.6231
B2_logreg,combined,0.8024,0.6253
B2_logreg,combined,0.8069,0.6274
B2_logreg,combined,0.8114,0.6294
B2_logreg,combined,0.816,0.6315
B2_logreg,combined,0.8205,0.6335
B2_logreg,combined,0.825,0.6356
B2_logreg,combined,0.8296,0.6375
B2_logreg,combined,0.8341,0.6395
B2_logreg,combined,0.8386,0.6415
B2_logreg,combined,0.8431,0.6434
B2_logreg,combined,0.8477,0.6453
B2_logreg,combined,0.8522,0.6472
B2_logreg,combined,0.8567,0.649
B2_logreg,combined,0.8613,0.6509
B2_logreg,combined,0.8658,0.6527
B2_logreg,combined,0.8703,0.6545
B2_logreg,combined,0.8749,0.6563
B2_logreg,combined,0.8794,0.6581
B2_logreg,combined,0.8839,0.6598
B2_logreg,combined,0.8884,0.6616
B2_logreg,combined,0.893,0.6633
B2_logreg,combined,0.8975,0.665
B2_logreg,combined,0.902,0.6667
B2_logreg,combined,0.9066,0.6683
B2_logreg,combined,0.9111,0.67
B2_logreg,combined,0.9156,0.6716
B2_logreg,combined,0.9202,0.6732
B2_logreg,combined,0.9247,0.6748
B2_logreg,combined,0.9292,0.6764
B2_logreg,combined,0.9337,0.678
B2_logreg,combined,0.9383,0.6795
B2_logreg,combined,0.9428,0.6811
B2_logreg,combined,0.9473,0.6826
B2_logreg,combined,0.9519,0.6841
B2_logreg,combined,0.9564,0.6856
B2_logreg,combined,0.9609,0.6871
B2_logreg,combined,0.9655,0.6886
B2_logreg,combined,0.97,0.69
B2_logreg,combined,0.9745,0.6915
B2_logreg,combined,0.979,0.6929
B2_logreg,combined,0.9836,0.6943
B2_logreg,combined,0.9881,0.6957
B2_logreg,combined,0.9926,0.6971
B2_logreg,combined,0.9972,0.6985
B2_logreg,class_error,0.0006,0.0
B2_logreg,class_error,0.0051,0.0
B2_logreg,class_error,0.0096,0.0
B2_logreg,class_error,0.0142,0.0
B2_logreg,class_error,0.0187,0.0
B2_logreg,class_error,0.0232,0.0
B2_logreg,class_error,0.0277,0.0
B2_logreg,class_error,0.0323,0.0
B2_logreg,class_error,0.0368,0.0
B2_logreg,class_error,0.0413,0.0
B2_logreg,class_error,0.0459,0.0
B2_logreg,class_error,0.0504,0.0
B2_logreg,class_error,0.0549,0.0
B2_logreg,class_error,0.0595,0.0
B2_logreg,class_error,0.064,0.0
B2_logreg,class_error,0.0685,0.0
B2_logreg,class_error,0.073,0.0
B2_logreg,class_error,0.0776,0.0
B2_logreg,class_error,0.0821,0.0
B2_logreg,class_error,0.0866,0.0
B2_logreg,class_error,0.0912,0.0
B2_logreg,class_error,0.0957,0.0
B2_logreg,class_error,0.1002,0.0
B2_logreg,class_error,0.1048,0.0
B2_logreg,class_error,0.1093,0.0
B2_logreg,class_error,0.1138,0.0
B2_logreg,class_error,0.1183,0.0
B2_logreg,class_error,0.1229,0.0
B2_logreg,class_error,0.1274,0.0
B2_logreg,class_error,0.1319,0.0
B2_logreg,class_error,0.1365,0.0
B2_logreg,class_error,0.141,0.0
B2_logreg,class_error,0.1455,0.0
B2_logreg,class_error,0.1501,0.0
B2_logreg,class_error,0.1546,0.0
B2_logreg,class_error,0.1591,0.0
B2_logreg,class_error,0.1636,0.0
B2_logreg,class_error,0.1682,0.0
B2_logreg,class_error,0.1727,0.0
B2_logreg,class_error,0.1772,0.0
B2_logreg,class_error,0.1818,0.0
B2_logreg,class_error,0.1863,0.0
B2_logreg,class_error,0.1908,0.0
B2_logreg,class_error,0.1954,0.0
B2_logreg,class_error,0.1999,0.0
B2_logreg,class_error,0.2044,0.0
B2_logreg,class_error,0.2089,0.0
B2_logreg,class_error,0.2135,0.0
B2_logreg,class_error,0.218,0.0
B2_logreg,class_error,0.2225,0.0
B2_logreg,class_error,0.2271,0.0
B2_logreg,class_error,0.2316,0.0
B2_logreg,class_error,0.2361,0.0
B2_logreg,class_error,0.2407,0.0
B2_logreg,class_error,0.2452,0.0
B2_logreg,class_error,0.2497,0.0
B2_logreg,class_error,0.2542,0.0
B2_logreg,class_error,0.2588,0.0
B2_logreg,class_error,0.2633,0.0
B2_logreg,class_error,0.2678,0.0
B2_logreg,class_error,0.2724,0.0
B2_logreg,class_error,0.2769,0.0
B2_logreg,class_error,0.2814,0.0
B2_logreg,class_error,0.286,0.0
B2_logreg,class_error,0.2905,0.0
B2_logreg,class_error,0.295,0.0
B2_logreg,class_error,0.2995,0.0
B2_logreg,class_error,0.3041,0.0
B2_logreg,class_error,0.3086,0.0018
B2_logreg,class_error,0.3131,0.0018
B2_logreg,class_error,0.3177,0.0018
B2_logreg,class_error,0.3222,0.0018
B2_logreg,class_error,0.3267,0.0017
B2_logreg,class_error,0.3313,0.0017
B2_logreg,class_error,0.3358,0.0017
B2_logreg,class_error,0.3403,0.0017
B2_logreg,class_error,0.3448,0.0016
B2_logreg,class_error,0.3494,0.0016
B2_logreg,class_error,0.3539,0.0016
B2_logreg,class_error,0.3584,0.0016
B2_logreg,class_error,0.363,0.0016
B2_logreg,class_error,0.3675,0.0015
B2_logreg,class_error,0.372,0.0015
B2_logreg,class_error,0.3766,0.0015
B2_logreg,class_error,0.3811,0.0015
B2_logreg,class_error,0.3856,0.0015
B2_logreg,class_error,0.3901,0.0015
B2_logreg,class_error,0.3947,0.0014
B2_logreg,class_error,0.3992,0.0014
B2_logreg,class_error,0.4037,0.0014
B2_logreg,class_error,0.4083,0.0014
B2_logreg,class_error,0.4128,0.0014
B2_logreg,class_error,0.4173,0.0014
B2_logreg,class_error,0.4219,0.0013
B2_logreg,class_error,0.4264,0.0013
B2_logreg,class_error,0.4309,0.0013
B2_logreg,class_error,0.4354,0.0013
B2_logreg,class_error,0.44,0.0013
B2_logreg,class_error,0.4445,0.0013
B2_logreg,class_error,0.449,0.0013
B2_logreg,class_error,0.4536,0.0012
B2_logreg,class_error,0.4581,0.0012
B2_logreg,class_error,0.4626,0.0012
B2_logreg,class_error,0.4672,0.0012
B2_logreg,class_error,0.4717,0.0012
B2_logreg,class_error,0.4762,0.0012
B2_logreg,class_error,0.4807,0.0012
B2_logreg,class_error,0.4853,0.0012
B2_logreg,class_error,0.4898,0.0012
B2_logreg,class_error,0.4943,0.0011
B2_logreg,class_error,0.4989,0.0011
B2_logreg,class_error,0.5034,0.0011
B2_logreg,class_error,0.5079,0.0011
B2_logreg,class_error,0.5125,0.0011
B2_logreg,class_error,0.517,0.0011
B2_logreg,class_error,0.5215,0.0011
B2_logreg,class_error,0.526,0.0011
B2_logreg,class_error,0.5306,0.0011
B2_logreg,class_error,0.5351,0.0011
B2_logreg,class_error,0.5396,0.001
B2_logreg,class_error,0.5442,0.001
B2_logreg,class_error,0.5487,0.001
B2_logreg,class_error,0.5532,0.001
B2_logreg,class_error,0.5578,0.001
B2_logreg,class_error,0.5623,0.001
B2_logreg,class_error,0.5668,0.001
B2_logreg,class_error,0.5713,0.001
B2_logreg,class_error,0.5759,0.001
B2_logreg,class_error,0.5804,0.001
B2_logreg,class_error,0.5849,0.001
B2_logreg,class_error,0.5895,0.001
B2_logreg,class_error,0.594,0.001
B2_logreg,class_error,0.5985,0.0009
B2_logreg,class_error,0.6031,0.0009
B2_logreg,class_error,0.6076,0.0009
B2_logreg,class_error,0.6121,0.0019
B2_logreg,class_error,0.6166,0.0018
B2_logreg,class_error,0.6212,0.0018
B2_logreg,class_error,0.6257,0.0018
B2_logreg,class_error,0.6302,0.0027
B2_logreg,class_error,0.6348,0.0027
B2_logreg,class_error,0.6393,0.0027
B2_logreg,class_error,0.6438,0.0026
B2_logreg,class_error,0.6484,0.0026
B2_logreg,class_error,0.6529,0.0026
B2_logreg,class_error,0.6574,0.0026
B2_logreg,class_error,0.6619,0.0026
B2_logreg,class_error,0.6665,0.0025
B2_logreg,class_error,0.671,0.0042
B2_logreg,class_error,0.6755,0.0042
B2_logreg,class_error,0.6801,0.0042
B2_logreg,class_error,0.6846,0.0041
B2_logreg,class_error,0.6891,0.0041
B2_logreg,class_error,0.6937,0.0057
B2_logreg,class_error,0.6982,0.0073
B2_logreg,class_error,0.7027,0.0089
B2_logreg,class_error,0.7072,0.0088
B2_logreg,class_error,0.7118,0.0095
B2_logreg,class_error,0.7163,0.0095
B2_logreg,class_error,0.7208,0.011
B2_logreg,class_error,0.7254,0.0125
B2_logreg,class_error,0.7299,0.0132
B2_logreg,class_error,0.7344,0.0139
B2_logreg,class_error,0.739,0.0161
B2_logreg,class_error,0.7435,0.0168
B2_logreg,class_error,0.748,0.0182
B2_logreg,class_error,0.7525,0.0203
B2_logreg,class_error,0.7571,0.0217
B2_logreg,class_error,0.7616,0.0238
B2_logreg,class_error,0.7661,0.0259
B2_logreg,class_error,0.7707,0.0279
B2_logreg,class_error,0.7752,0.0292
B2_logreg,class_error,0.7797,0.032
B2_logreg,class_error,0.7843,0.0332
B2_logreg,class_error,0.7888,0.0352
B2_logreg,class_error,0.7933,0.0364
B2_logreg,class_error,0.7978,0.0383
B2_logreg,class_error,0.8024,0.0395
B2_logreg,class_error,0.8069,0.0421
B2_logreg,class_error,0.8114,0.0447
B2_logreg,class_error,0.816,0.0458
B2_logreg,class_error,0.8205,0.0469
B2_logreg,class_error,0.825,0.0494
B2_logreg,class_error,0.8296,0.0505
B2_logreg,class_error,0.8341,0.0523
B2_logreg,class_error,0.8386,0.0547
B2_logreg,class_error,0.8431,0.0571
B2_logreg,class_error,0.8477,0.0588
B2_logreg,class_error,0.8522,0.0611
B2_logreg,class_error,0.8567,0.0628
B2_logreg,class_error,0.8613,0.0651
B2_logreg,class_error,0.8658,0.0661
B2_logreg,class_error,0.8703,0.0683
B2_logreg,class_error,0.8749,0.0693
B2_logreg,class_error,0.8794,0.0721
B2_logreg,class_error,0.8839,0.073
B2_logreg,class_error,0.8884,0.0746
B2_logreg,class_error,0.893,0.0748
B2_logreg,class_error,0.8975,0.0757
B2_logreg,class_error,0.902,0.0772
B2_logreg,class_error,0.9066,0.0768
B2_logreg,class_error,0.9111,0.0777
B2_logreg,class_error,0.9156,0.0785
B2_logreg,class_error,0.9202,0.0782
B2_logreg,class_error,0.9247,0.0778
B2_logreg,class_error,0.9292,0.0774
B2_logreg,class_error,0.9337,0.077
B2_logreg,class_error,0.9383,0.0772
B2_logreg,class_error,0.9428,0.0769
B2_logreg,class_error,0.9473,0.0765
B2_logreg,class_error,0.9519,0.0761
B2_logreg,class_error,0.9564,0.0758
B2_logreg,class_error,0.9609,0.0754
B2_logreg,class_error,0.9655,0.0751
B2_logreg,class_error,0.97,0.0747
B2_logreg,class_error,0.9745,0.0744
B2_logreg,class_error,0.979,0.074
B2_logreg,class_error,0.9836,0.0737
B2_logreg,class_error,0.9881,0.0734
B2_logreg,class_error,0.9926,0.073
B2_logreg,class_error,0.9972,0.0727
B2_logreg,background_accept,0.0006,0.0
B2_logreg,background_accept,0.0051,0.0
B2_logreg,background_accept,0.0096,0.0
B2_logreg,background_accept,0.0142,0.0
B2_logreg,background_accept,0.0187,0.0
B2_logreg,background_accept,0.0232,0.0
B2_logreg,background_accept,0.0277,0.0
B2_logreg,background_accept,0.0323,0.0
B2_logreg,background_accept,0.0368,0.0
B2_logreg,background_accept,0.0413,0.0
B2_logreg,background_accept,0.0459,0.0
B2_logreg,background_accept,0.0504,0.0
B2_logreg,background_accept,0.0549,0.0
B2_logreg,background_accept,0.0595,0.0
B2_logreg,background_accept,0.064,0.0
B2_logreg,background_accept,0.0685,0.0
B2_logreg,background_accept,0.073,0.0
B2_logreg,background_accept,0.0776,0.0
B2_logreg,background_accept,0.0821,0.0
B2_logreg,background_accept,0.0866,0.0
B2_logreg,background_accept,0.0912,0.0
B2_logreg,background_accept,0.0957,0.0
B2_logreg,background_accept,0.1002,0.0
B2_logreg,background_accept,0.1048,0.0
B2_logreg,background_accept,0.1093,0.0
B2_logreg,background_accept,0.1138,0.0
B2_logreg,background_accept,0.1183,0.0
B2_logreg,background_accept,0.1229,0.0
B2_logreg,background_accept,0.1274,0.0
B2_logreg,background_accept,0.1319,0.0
B2_logreg,background_accept,0.1365,0.0
B2_logreg,background_accept,0.141,0.0
B2_logreg,background_accept,0.1455,0.0
B2_logreg,background_accept,0.1501,0.0
B2_logreg,background_accept,0.1546,0.0
B2_logreg,background_accept,0.1591,0.0
B2_logreg,background_accept,0.1636,0.0
B2_logreg,background_accept,0.1682,0.0
B2_logreg,background_accept,0.1727,0.0
B2_logreg,background_accept,0.1772,0.0
B2_logreg,background_accept,0.1818,0.0
B2_logreg,background_accept,0.1863,0.0
B2_logreg,background_accept,0.1908,0.0
B2_logreg,background_accept,0.1954,0.0
B2_logreg,background_accept,0.1999,0.0
B2_logreg,background_accept,0.2044,0.0
B2_logreg,background_accept,0.2089,0.0
B2_logreg,background_accept,0.2135,0.0
B2_logreg,background_accept,0.218,0.0
B2_logreg,background_accept,0.2225,0.0
B2_logreg,background_accept,0.2271,0.0
B2_logreg,background_accept,0.2316,0.0
B2_logreg,background_accept,0.2361,0.0
B2_logreg,background_accept,0.2407,0.0
B2_logreg,background_accept,0.2452,0.0
B2_logreg,background_accept,0.2497,0.0
B2_logreg,background_accept,0.2542,0.0
B2_logreg,background_accept,0.2588,0.0
B2_logreg,background_accept,0.2633,0.0
B2_logreg,background_accept,0.2678,0.0
B2_logreg,background_accept,0.2724,0.0
B2_logreg,background_accept,0.2769,0.0
B2_logreg,background_accept,0.2814,0.0
B2_logreg,background_accept,0.286,0.0
B2_logreg,background_accept,0.2905,0.0
B2_logreg,background_accept,0.295,0.0
B2_logreg,background_accept,0.2995,0.0
B2_logreg,background_accept,0.3041,0.0
B2_logreg,background_accept,0.3086,0.0
B2_logreg,background_accept,0.3131,0.0
B2_logreg,background_accept,0.3177,0.0
B2_logreg,background_accept,0.3222,0.0
B2_logreg,background_accept,0.3267,0.0
B2_logreg,background_accept,0.3313,0.0
B2_logreg,background_accept,0.3358,0.0
B2_logreg,background_accept,0.3403,0.0
B2_logreg,background_accept,0.3448,0.0
B2_logreg,background_accept,0.3494,0.0
B2_logreg,background_accept,0.3539,0.0
B2_logreg,background_accept,0.3584,0.0
B2_logreg,background_accept,0.363,0.0
B2_logreg,background_accept,0.3675,0.0
B2_logreg,background_accept,0.372,0.0
B2_logreg,background_accept,0.3766,0.0
B2_logreg,background_accept,0.3811,0.0
B2_logreg,background_accept,0.3856,0.0
B2_logreg,background_accept,0.3901,0.0
B2_logreg,background_accept,0.3947,0.0
B2_logreg,background_accept,0.3992,0.0
B2_logreg,background_accept,0.4037,0.0
B2_logreg,background_accept,0.4083,0.0
B2_logreg,background_accept,0.4128,0.0
B2_logreg,background_accept,0.4173,0.0
B2_logreg,background_accept,0.4219,0.0
B2_logreg,background_accept,0.4264,0.0
B2_logreg,background_accept,0.4309,0.0
B2_logreg,background_accept,0.4354,0.0
B2_logreg,background_accept,0.44,0.0
B2_logreg,background_accept,0.4445,0.0
B2_logreg,background_accept,0.449,0.0
B2_logreg,background_accept,0.4536,0.0
B2_logreg,background_accept,0.4581,0.0
B2_logreg,background_accept,0.4626,0.0
B2_logreg,background_accept,0.4672,0.0
B2_logreg,background_accept,0.4717,0.0
B2_logreg,background_accept,0.4762,0.0
B2_logreg,background_accept,0.4807,0.0
B2_logreg,background_accept,0.4853,0.0
B2_logreg,background_accept,0.4898,0.0
B2_logreg,background_accept,0.4943,0.0
B2_logreg,background_accept,0.4989,0.0
B2_logreg,background_accept,0.5034,0.0
B2_logreg,background_accept,0.5079,0.0
B2_logreg,background_accept,0.5125,0.0
B2_logreg,background_accept,0.517,0.0
B2_logreg,background_accept,0.5215,0.0
B2_logreg,background_accept,0.526,0.0
B2_logreg,background_accept,0.5306,0.0
B2_logreg,background_accept,0.5351,0.0
B2_logreg,background_accept,0.5396,0.0
B2_logreg,background_accept,0.5442,0.0
B2_logreg,background_accept,0.5487,0.0
B2_logreg,background_accept,0.5532,0.0
B2_logreg,background_accept,0.5578,0.0
B2_logreg,background_accept,0.5623,0.0
B2_logreg,background_accept,0.5668,0.0
B2_logreg,background_accept,0.5713,0.0
B2_logreg,background_accept,0.5759,0.0
B2_logreg,background_accept,0.5804,0.0
B2_logreg,background_accept,0.5849,0.0
B2_logreg,background_accept,0.5895,0.0
B2_logreg,background_accept,0.594,0.0
B2_logreg,background_accept,0.5985,0.0
B2_logreg,background_accept,0.6031,0.0
B2_logreg,background_accept,0.6076,0.0
B2_logreg,background_accept,0.6121,0.0
B2_logreg,background_accept,0.6166,0.0
B2_logreg,background_accept,0.6212,0.0
B2_logreg,background_accept,0.6257,0.0
B2_logreg,background_accept,0.6302,0.0
B2_logreg,background_accept,0.6348,0.0
B2_logreg,background_accept,0.6393,0.0
B2_logreg,background_accept,0.6438,0.0
B2_logreg,background_accept,0.6484,0.0
B2_logreg,background_accept,0.6529,0.0
B2_logreg,background_accept,0.6574,0.0
B2_logreg,background_accept,0.6619,0.0
B2_logreg,background_accept,0.6665,0.0008
B2_logreg,background_accept,0.671,0.0008
B2_logreg,background_accept,0.6755,0.0008
B2_logreg,background_accept,0.6801,0.0008
B2_logreg,background_accept,0.6846,0.0008
B2_logreg,background_accept,0.6891,0.0008
B2_logreg,background_accept,0.6937,0.0008
B2_logreg,background_accept,0.6982,0.0008
B2_logreg,background_accept,0.7027,0.0008
B2_logreg,background_accept,0.7072,0.0008
B2_logreg,background_accept,0.7118,0.0008
B2_logreg,background_accept,0.7163,0.0008
B2_logreg,background_accept,0.7208,0.0008
B2_logreg,background_accept,0.7254,0.0008
B2_logreg,background_accept,0.7299,0.0008
B2_logreg,background_accept,0.7344,0.0008
B2_logreg,background_accept,0.739,0.0008
B2_logreg,background_accept,0.7435,0.0008
B2_logreg,background_accept,0.748,0.0008
B2_logreg,background_accept,0.7525,0.0008
B2_logreg,background_accept,0.7571,0.0007
B2_logreg,background_accept,0.7616,0.0007
B2_logreg,background_accept,0.7661,0.0007
B2_logreg,background_accept,0.7707,0.0007
B2_logreg,background_accept,0.7752,0.0007
B2_logreg,background_accept,0.7797,0.0007
B2_logreg,background_accept,0.7843,0.0007
B2_logreg,background_accept,0.7888,0.0007
B2_logreg,background_accept,0.7933,0.0007
B2_logreg,background_accept,0.7978,0.0007
B2_logreg,background_accept,0.8024,0.0007
B2_logreg,background_accept,0.8069,0.0007
B2_logreg,background_accept,0.8114,0.0007
B2_logreg,background_accept,0.816,0.0007
B2_logreg,background_accept,0.8205,0.0007
B2_logreg,background_accept,0.825,0.0007
B2_logreg,background_accept,0.8296,0.0007
B2_logreg,background_accept,0.8341,0.0007
B2_logreg,background_accept,0.8386,0.0014
B2_logreg,background_accept,0.8431,0.0013
B2_logreg,background_accept,0.8477,0.0013
B2_logreg,background_accept,0.8522,0.0013
B2_logreg,background_accept,0.8567,0.002
B2_logreg,background_accept,0.8613,0.0033
B2_logreg,background_accept,0.8658,0.0039
B2_logreg,background_accept,0.8703,0.0039
B2_logreg,background_accept,0.8749,0.0039
B2_logreg,background_accept,0.8794,0.0039
B2_logreg,background_accept,0.8839,0.0038
B2_logreg,background_accept,0.8884,0.0051
B2_logreg,background_accept,0.893,0.0057
B2_logreg,background_accept,0.8975,0.0082
B2_logreg,background_accept,0.902,0.01
B2_logreg,background_accept,0.9066,0.0125
B2_logreg,background_accept,0.9111,0.0155
B2_logreg,background_accept,0.9156,0.0179
B2_logreg,background_accept,0.9202,0.0222
B2_logreg,background_accept,0.9247,0.0269
B2_logreg,background_accept,0.9292,0.0317
B2_logreg,background_accept,0.9337,0.0364
B2_logreg,background_accept,0.9383,0.0398
B2_logreg,background_accept,0.9428,0.0438
B2_logreg,background_accept,0.9473,0.0484
B2_logreg,background_accept,0.9519,0.0529
B2_logreg,background_accept,0.9564,0.0574
B2_logreg,background_accept,0.9609,0.0619
B2_logreg,background_accept,0.9655,0.0663
B2_logreg,background_accept,0.97,0.0706
B2_logreg,background_accept,0.9745,0.075
B2_logreg,background_accept,0.979,0.0792
B2_logreg,background_accept,0.9836,0.0835
B2_logreg,background_accept,0.9881,0.0877
B2_logreg,background_accept,0.9926,0.0918
B2_logreg,background_accept,0.9972,0.096
B2_logreg,localisation_accept,0.0006,0.0
B2_logreg,localisation_accept,0.0051,0.0
B2_logreg,localisation_accept,0.0096,0.0
B2_logreg,localisation_accept,0.0142,0.0
B2_logreg,localisation_accept,0.0187,0.0
B2_logreg,localisation_accept,0.0232,0.0
B2_logreg,localisation_accept,0.0277,0.0
B2_logreg,localisation_accept,0.0323,0.0
B2_logreg,localisation_accept,0.0368,0.0
B2_logreg,localisation_accept,0.0413,0.0
B2_logreg,localisation_accept,0.0459,0.0123
B2_logreg,localisation_accept,0.0504,0.0112
B2_logreg,localisation_accept,0.0549,0.0103
B2_logreg,localisation_accept,0.0595,0.0095
B2_logreg,localisation_accept,0.064,0.0088
B2_logreg,localisation_accept,0.0685,0.0165
B2_logreg,localisation_accept,0.073,0.0233
B2_logreg,localisation_accept,0.0776,0.0292
B2_logreg,localisation_accept,0.0821,0.0276
B2_logreg,localisation_accept,0.0866,0.0261
B2_logreg,localisation_accept,0.0912,0.0248
B2_logreg,localisation_accept,0.0957,0.0237
B2_logreg,localisation_accept,0.1002,0.0226
B2_logreg,localisation_accept,0.1048,0.027
B2_logreg,localisation_accept,0.1093,0.0311
B2_logreg,localisation_accept,0.1138,0.0299
B2_logreg,localisation_accept,0.1183,0.0335
B2_logreg,localisation_accept,0.1229,0.0323
B2_logreg,localisation_accept,0.1274,0.0311
B2_logreg,localisation_accept,0.1319,0.03
B2_logreg,localisation_accept,0.1365,0.029
B2_logreg,localisation_accept,0.141,0.0321
B2_logreg,localisation_accept,0.1455,0.0311
B2_logreg,localisation_accept,0.1501,0.0302
B2_logreg,localisation_accept,0.1546,0.0366
B2_logreg,localisation_accept,0.1591,0.0391
B2_logreg,localisation_accept,0.1636,0.0415
B2_logreg,localisation_accept,0.1682,0.0438
B2_logreg,localisation_accept,0.1727,0.0426
B2_logreg,localisation_accept,0.1772,0.0415
B2_logreg,localisation_accept,0.1818,0.0405
B2_logreg,localisation_accept,0.1863,0.0456
B2_logreg,localisation_accept,0.1908,0.0445
B2_logreg,localisation_accept,0.1954,0.0435
B2_logreg,localisation_accept,0.1999,0.0453
B2_logreg,localisation_accept,0.2044,0.0443
B2_logreg,localisation_accept,0.2089,0.0461
B2_logreg,localisation_accept,0.2135,0.0451
B2_logreg,localisation_accept,0.218,0.0442
B2_logreg,localisation_accept,0.2225,0.0433
B2_logreg,localisation_accept,0.2271,0.0424
B2_logreg,localisation_accept,0.2316,0.044
B2_logreg,localisation_accept,0.2361,0.0504
B2_logreg,localisation_accept,0.2407,0.0541
B2_logreg,localisation_accept,0.2452,0.0554
B2_logreg,localisation_accept,0.2497,0.0567
B2_logreg,localisation_accept,0.2542,0.0579
B2_logreg,localisation_accept,0.2588,0.0591
B2_logreg,localisation_accept,0.2633,0.0602
B2_logreg,localisation_accept,0.2678,0.0592
B2_logreg,localisation_accept,0.2724,0.0582
B2_logreg,localisation_accept,0.2769,0.0573
B2_logreg,localisation_accept,0.2814,0.0584
B2_logreg,localisation_accept,0.286,0.0594
B2_logreg,localisation_accept,0.2905,0.0585
B2_logreg,localisation_accept,0.295,0.0576
B2_logreg,localisation_accept,0.2995,0.0567
B2_logreg,localisation_accept,0.3041,0.0596
B2_logreg,localisation_accept,0.3086,0.0606
B2_logreg,localisation_accept,0.3131,0.0597
B2_logreg,localisation_accept,0.3177,0.0606
B2_logreg,localisation_accept,0.3222,0.0633
B2_logreg,localisation_accept,0.3267,0.0624
B2_logreg,localisation_accept,0.3313,0.065
B2_logreg,localisation_accept,0.3358,0.0658
B2_logreg,localisation_accept,0.3403,0.0649
B2_logreg,localisation_accept,0.3448,0.064
B2_logreg,localisation_accept,0.3494,0.0648
B2_logreg,localisation_accept,0.3539,0.0656
B2_logreg,localisation_accept,0.3584,0.0664
B2_logreg,localisation_accept,0.363,0.0671
B2_logreg,localisation_accept,0.3675,0.0678
B2_logreg,localisation_accept,0.372,0.0685
B2_logreg,localisation_accept,0.3766,0.0722
B2_logreg,localisation_accept,0.3811,0.0728
B2_logreg,localisation_accept,0.3856,0.0749
B2_logreg,localisation_accept,0.3901,0.0755
B2_logreg,localisation_accept,0.3947,0.0789
B2_logreg,localisation_accept,0.3992,0.0794
B2_logreg,localisation_accept,0.4037,0.0785
B2_logreg,localisation_accept,0.4083,0.0804
B2_logreg,localisation_accept,0.4128,0.0837
B2_logreg,localisation_accept,0.4173,0.0868
B2_logreg,localisation_accept,0.4219,0.0872
B2_logreg,localisation_accept,0.4264,0.0863
B2_logreg,localisation_accept,0.4309,0.088
B2_logreg,localisation_accept,0.4354,0.091
B2_logreg,localisation_accept,0.44,0.094
B2_logreg,localisation_accept,0.4445,0.0943
B2_logreg,localisation_accept,0.449,0.0984
B2_logreg,localisation_accept,0.4536,0.0999
B2_logreg,localisation_accept,0.4581,0.1038
B2_logreg,localisation_accept,0.4626,0.1077
B2_logreg,localisation_accept,0.4672,0.1067
B2_logreg,localisation_accept,0.4717,0.1092
B2_logreg,localisation_accept,0.4762,0.113
B2_logreg,localisation_accept,0.4807,0.1131
B2_logreg,localisation_accept,0.4853,0.1155
B2_logreg,localisation_accept,0.4898,0.1191
B2_logreg,localisation_accept,0.4943,0.1214
B2_logreg,localisation_accept,0.4989,0.1249
B2_logreg,localisation_accept,0.5034,0.126
B2_logreg,localisation_accept,0.5079,0.1315
B2_logreg,localisation_accept,0.5125,0.1348
B2_logreg,localisation_accept,0.517,0.1347
B2_logreg,localisation_accept,0.5215,0.1357
B2_logreg,localisation_accept,0.526,0.1367
B2_logreg,localisation_accept,0.5306,0.1387
B2_logreg,localisation_accept,0.5351,0.1397
B2_logreg,localisation_accept,0.5396,0.1417
B2_logreg,localisation_accept,0.5442,0.1446
B2_logreg,localisation_accept,0.5487,0.1465
B2_logreg,localisation_accept,0.5532,0.1484
B2_logreg,localisation_accept,0.5578,0.1523
B2_logreg,localisation_accept,0.5623,0.1561
B2_logreg,localisation_accept,0.5668,0.1598
B2_logreg,localisation_accept,0.5713,0.1645
B2_logreg,localisation_accept,0.5759,0.1681
B2_logreg,localisation_accept,0.5804,0.1678
B2_logreg,localisation_accept,0.5849,0.1723
B2_logreg,localisation_accept,0.5895,0.1748
B2_logreg,localisation_accept,0.594,0.1783
B2_logreg,localisation_accept,0.5985,0.1826
B2_logreg,localisation_accept,0.6031,0.1869
B2_logreg,localisation_accept,0.6076,0.1901
B2_logreg,localisation_accept,0.6121,0.1933
B2_logreg,localisation_accept,0.6166,0.1993
B2_logreg,localisation_accept,0.6212,0.2015
B2_logreg,localisation_accept,0.6257,0.2045
B2_logreg,localisation_accept,0.6302,0.2093
B2_logreg,localisation_accept,0.6348,0.2123
B2_logreg,localisation_accept,0.6393,0.217
B2_logreg,localisation_accept,0.6438,0.2199
B2_logreg,localisation_accept,0.6484,0.221
B2_logreg,localisation_accept,0.6529,0.222
B2_logreg,localisation_accept,0.6574,0.2257
B2_logreg,localisation_accept,0.6619,0.2293
B2_logreg,localisation_accept,0.6665,0.2319
B2_logreg,localisation_accept,0.671,0.2338
B2_logreg,localisation_accept,0.6755,0.2381
B2_logreg,localisation_accept,0.6801,0.2415
B2_logreg,localisation_accept,0.6846,0.244
B2_logreg,localisation_accept,0.6891,0.249
B2_logreg,localisation_accept,0.6937,0.2514
B2_logreg,localisation_accept,0.6982,0.2547
B2_logreg,localisation_accept,0.7027,0.2571
B2_logreg,localisation_accept,0.7072,0.261
B2_logreg,localisation_accept,0.7118,0.2649
B2_logreg,localisation_accept,0.7163,0.2688
B2_logreg,localisation_accept,0.7208,0.271
B2_logreg,localisation_accept,0.7254,0.2724
B2_logreg,localisation_accept,0.7299,0.2754
B2_logreg,localisation_accept,0.7344,0.2783
B2_logreg,localisation_accept,0.739,0.2789
B2_logreg,localisation_accept,0.7435,0.2818
B2_logreg,localisation_accept,0.748,0.2846
B2_logreg,localisation_accept,0.7525,0.2867
B2_logreg,localisation_accept,0.7571,0.288
B2_logreg,localisation_accept,0.7616,0.29
B2_logreg,localisation_accept,0.7661,0.2912
B2_logreg,localisation_accept,0.7707,0.2932
B2_logreg,localisation_accept,0.7752,0.2958
B2_logreg,localisation_accept,0.7797,0.2963
B2_logreg,localisation_accept,0.7843,0.2989
B2_logreg,localisation_accept,0.7888,0.3001
B2_logreg,localisation_accept,0.7933,0.3012
B2_logreg,localisation_accept,0.7978,0.3031
B2_logreg,localisation_accept,0.8024,0.3049
B2_logreg,localisation_accept,0.8069,0.306
B2_logreg,localisation_accept,0.8114,0.3064
B2_logreg,localisation_accept,0.816,0.3081
B2_logreg,localisation_accept,0.8205,0.3106
B2_logreg,localisation_accept,0.825,0.3116
B2_logreg,localisation_accept,0.8296,0.3133
B2_logreg,localisation_accept,0.8341,0.315
B2_logreg,localisation_accept,0.8386,0.3153
B2_logreg,localisation_accept,0.8431,0.3156
B2_logreg,localisation_accept,0.8477,0.3173
B2_logreg,localisation_accept,0.8522,0.3183
B2_logreg,localisation_accept,0.8567,0.3186
B2_logreg,localisation_accept,0.8613,0.3182
B2_logreg,localisation_accept,0.8658,0.3198
B2_logreg,localisation_accept,0.8703,0.3208
B2_logreg,localisation_accept,0.8749,0.3223
B2_logreg,localisation_accept,0.8794,0.3226
B2_logreg,localisation_accept,0.8839,0.3248
B2_logreg,localisation_accept,0.8884,0.325
B2_logreg,localisation_accept,0.893,0.3272
B2_logreg,localisation_accept,0.8975,0.3268
B2_logreg,localisation_accept,0.902,0.3264
B2_logreg,localisation_accept,0.9066,0.3273
B2_logreg,localisation_accept,0.9111,0.3263
B2_logreg,localisation_accept,0.9156,0.3259
B2_logreg,localisation_accept,0.9202,0.3249
B2_logreg,localisation_accept,0.9247,0.3233
B2_logreg,localisation_accept,0.9292,0.3218
B2_logreg,localisation_accept,0.9337,0.3202
B2_logreg,localisation_accept,0.9383,0.3193
B2_logreg,localisation_accept,0.9428,0.3183
B2_logreg,localisation_accept,0.9473,0.3168
B2_logreg,localisation_accept,0.9519,0.3153
B2_logreg,localisation_accept,0.9564,0.3138
B2_logreg,localisation_accept,0.9609,0.3123
B2_logreg,localisation_accept,0.9655,0.3109
B2_logreg,localisation_accept,0.97,0.3094
B2_logreg,localisation_accept,0.9745,0.308
B2_logreg,localisation_accept,0.979,0.3065
B2_logreg,localisation_accept,0.9836,0.3051
B2_logreg,localisation_accept,0.9881,0.3037
B2_logreg,localisation_accept,0.9926,0.3023
B2_logreg,localisation_accept,0.9972,0.301
B2_logreg,loose_box_accept,0.0006,0.0
B2_logreg,loose_box_accept,0.0051,0.2222
B2_logreg,loose_box_accept,0.0096,0.1765
B2_logreg,loose_box_accept,0.0142,0.2
B2_logreg,loose_box_accept,0.0187,0.1818
B2_logreg,loose_box_accept,0.0232,0.1951
B2_logreg,loose_box_accept,0.0277,0.1837
B2_logreg,loose_box_accept,0.0323,0.1579
B2_logreg,loose_box_accept,0.0368,0.1385
B2_logreg,loose_box_accept,0.0413,0.137
B2_logreg,loose_box_accept,0.0459,0.1358
B2_logreg,loose_box_accept,0.0504,0.1236
B2_logreg,loose_box_accept,0.0549,0.134
B2_logreg,loose_box_accept,0.0595,0.1238
B2_logreg,loose_box_accept,0.064,0.1416
B2_logreg,loose_box_accept,0.0685,0.1488
B2_logreg,loose_box_accept,0.073,0.1395
B2_logreg,loose_box_accept,0.0776,0.1387
B2_logreg,loose_box_accept,0.0821,0.1517
B2_logreg,loose_box_accept,0.0866,0.1503
B2_logreg,loose_box_accept,0.0912,0.1491
B2_logreg,loose_box_accept,0.0957,0.1479
B2_logreg,loose_box_accept,0.1002,0.1469
B2_logreg,loose_box_accept,0.1048,0.1459
B2_logreg,loose_box_accept,0.1093,0.1399
B2_logreg,loose_box_accept,0.1138,0.1393
B2_logreg,loose_box_accept,0.1183,0.134
B2_logreg,loose_box_accept,0.1229,0.1336
B2_logreg,loose_box_accept,0.1274,0.1422
B2_logreg,loose_box_accept,0.1319,0.1416
B2_logreg,loose_box_accept,0.1365,0.1452
B2_logreg,loose_box_accept,0.141,0.1446
B2_logreg,loose_box_accept,0.1455,0.144
B2_logreg,loose_box_accept,0.1501,0.1434
B2_logreg,loose_box_accept,0.1546,0.1538
B2_logreg,loose_box_accept,0.1591,0.153
B2_logreg,loose_box_accept,0.1636,0.1557
B2_logreg,loose_box_accept,0.1682,0.1515
B2_logreg,loose_box_accept,0.1727,0.1574
B2_logreg,loose_box_accept,0.1772,0.1597
B2_logreg,loose_box_accept,0.1818,0.1651
B2_logreg,loose_box_accept,0.1863,0.1641
B2_logreg,loose_box_accept,0.1908,0.1662
B2_logreg,loose_box_accept,0.1954,0.1739
B2_logreg,loose_box_accept,0.1999,0.1813
B2_logreg,loose_box_accept,0.2044,0.1801
B2_logreg,loose_box_accept,0.2089,0.1789
B2_logreg,loose_box_accept,0.2135,0.1751
B2_logreg,loose_box_accept,0.218,0.1792
B2_logreg,loose_box_accept,0.2225,0.1807
B2_logreg,loose_box_accept,0.2271,0.182
B2_logreg,loose_box_accept,0.2316,0.1809
B2_logreg,loose_box_accept,0.2361,0.1775
B2_logreg,loose_box_accept,0.2407,0.1765
B2_logreg,loose_box_accept,0.2452,0.1848
B2_logreg,loose_box_accept,0.2497,0.1837
B2_logreg,loose_box_accept,0.2542,0.1915
B2_logreg,loose_box_accept,0.2588,0.1926
B2_logreg,loose_box_accept,0.2633,0.1914
B2_logreg,loose_box_accept,0.2678,0.1924
B2_logreg,loose_box_accept,0.2724,0.1933
B2_logreg,loose_box_accept,0.2769,0.1963
B2_logreg,loose_box_accept,0.2814,0.2012
B2_logreg,loose_box_accept,0.286,0.2079
B2_logreg,loose_box_accept,0.2905,0.2125
B2_logreg,loose_box_accept,0.295,0.215
B2_logreg,loose_box_accept,0.2995,0.2231
B2_logreg,loose_box_accept,0.3041,0.2253
B2_logreg,loose_box_accept,0.3086,0.2257
B2_logreg,loose_box_accept,0.3131,0.2333
B2_logreg,loose_box_accept,0.3177,0.2335
B2_logreg,loose_box_accept,0.3222,0.2355
B2_logreg,loose_box_accept,0.3267,0.2374
B2_logreg,loose_box_accept,0.3313,0.2376
B2_logreg,loose_box_accept,0.3358,0.2395
B2_logreg,loose_box_accept,0.3403,0.2429
B2_logreg,loose_box_accept,0.3448,0.2463
B2_logreg,loose_box_accept,0.3494,0.2464
B2_logreg,loose_box_accept,0.3539,0.2464
B2_logreg,loose_box_accept,0.3584,0.248
B2_logreg,loose_box_accept,0.363,0.248
B2_logreg,loose_box_accept,0.3675,0.2527
B2_logreg,loose_box_accept,0.372,0.2557
B2_logreg,loose_box_accept,0.3766,0.2571
B2_logreg,loose_box_accept,0.3811,0.2615
B2_logreg,loose_box_accept,0.3856,0.2643
B2_logreg,loose_box_accept,0.3901,0.2656
B2_logreg,loose_box_accept,0.3947,0.2683
B2_logreg,loose_box_accept,0.3992,0.2738
B2_logreg,loose_box_accept,0.4037,0.2791
B2_logreg,loose_box_accept,0.4083,0.2816
B2_logreg,loose_box_accept,0.4128,0.284
B2_logreg,loose_box_accept,0.4173,0.2822
B2_logreg,loose_box_accept,0.4219,0.2832
B2_logreg,loose_box_accept,0.4264,0.2895
B2_logreg,loose_box_accept,0.4309,0.2917
B2_logreg,loose_box_accept,0.4354,0.2952
B2_logreg,loose_box_accept,0.44,0.2934
B2_logreg,loose_box_accept,0.4445,0.2955
B2_logreg,loose_box_accept,0.449,0.2963
B2_logreg,loose_box_accept,0.4536,0.2971
B2_logreg,loose_box_accept,0.4581,0.2954
B2_logreg,loose_box_accept,0.4626,0.2974
B2_logreg,loose_box_accept,0.4672,0.3018
B2_logreg,loose_box_accept,0.4717,0.3025
B2_logreg,loose_box_accept,0.4762,0.3032
B2_logreg,loose_box_accept,0.4807,0.3086
B2_logreg,loose_box_accept,0.4853,0.3104
B2_logreg,loose_box_accept,0.4898,0.3121
B2_logreg,loose_box_accept,0.4943,0.3139
B2_logreg,loose_box_accept,0.4989,0.3133
B2_logreg,loose_box_accept,0.5034,0.315
B2_logreg,loose_box_accept,0.5079,0.3144
B2_logreg,loose_box_accept,0.5125,0.316
B2_logreg,loose_box_accept,0.517,0.3176
B2_logreg,loose_box_accept,0.5215,0.3181
B2_logreg,loose_box_accept,0.526,0.3219
B2_logreg,loose_box_accept,0.5306,0.3234
B2_logreg,loose_box_accept,0.5351,0.3238
B2_logreg,loose_box_accept,0.5396,0.3263
B2_logreg,loose_box_accept,0.5442,0.3267
B2_logreg,loose_box_accept,0.5487,0.3282
B2_logreg,loose_box_accept,0.5532,0.3296
B2_logreg,loose_box_accept,0.5578,0.3299
B2_logreg,loose_box_accept,0.5623,0.3293
B2_logreg,loose_box_accept,0.5668,0.3297
B2_logreg,loose_box_accept,0.5713,0.3271
B2_logreg,loose_box_accept,0.5759,0.3265
B2_logreg,loose_box_accept,0.5804,0.3259
B2_logreg,loose_box_accept,0.5849,0.3253
B2_logreg,loose_box_accept,0.5895,0.3266
B2_logreg,loose_box_accept,0.594,0.3251
B2_logreg,loose_box_accept,0.5985,0.3236
B2_logreg,loose_box_accept,0.6031,0.3221
B2_logreg,loose_box_accept,0.6076,0.3215
B2_logreg,loose_box_accept,0.6121,0.321
B2_logreg,loose_box_accept,0.6166,0.3186
B2_logreg,loose_box_accept,0.6212,0.3191
B2_logreg,loose_box_accept,0.6257,0.3186
B2_logreg,loose_box_accept,0.6302,0.3163
B2_logreg,loose_box_accept,0.6348,0.314
B2_logreg,loose_box_accept,0.6393,0.3127
B2_logreg,loose_box_accept,0.6438,0.3131
B2_logreg,loose_box_accept,0.6484,0.3153
B2_logreg,loose_box_accept,0.6529,0.3166
B2_logreg,loose_box_accept,0.6574,0.3152
B2_logreg,loose_box_accept,0.6619,0.3148
B2_logreg,loose_box_accept,0.6665,0.3144
B2_logreg,loose_box_accept,0.671,0.3139
B2_logreg,loose_box_accept,0.6755,0.3127
B2_logreg,loose_box_accept,0.6801,0.3122
B2_logreg,loose_box_accept,0.6846,0.3127
B2_logreg,loose_box_accept,0.6891,0.3106
B2_logreg,loose_box_accept,0.6937,0.3094
B2_logreg,loose_box_accept,0.6982,0.3074
B2_logreg,loose_box_accept,0.7027,0.3062
B2_logreg,loose_box_accept,0.7072,0.305
B2_logreg,loose_box_accept,0.7118,0.3031
B2_logreg,loose_box_accept,0.7163,0.3012
B2_logreg,loose_box_accept,0.7208,0.3001
B2_logreg,loose_box_accept,0.7254,0.2998
B2_logreg,loose_box_accept,0.7299,0.2987
B2_logreg,loose_box_accept,0.7344,0.2976
B2_logreg,loose_box_accept,0.739,0.2973
B2_logreg,loose_box_accept,0.7435,0.2963
B2_logreg,loose_box_accept,0.748,0.2945
B2_logreg,loose_box_accept,0.7525,0.2927
B2_logreg,loose_box_accept,0.7571,0.2924
B2_logreg,loose_box_accept,0.7616,0.2907
B2_logreg,loose_box_accept,0.7661,0.2897
B2_logreg,loose_box_accept,0.7707,0.288
B2_logreg,loose_box_accept,0.7752,0.2863
B2_logreg,loose_box_accept,0.7797,0.2854
B2_logreg,loose_box_accept,0.7843,0.2838
B2_logreg,loose_box_accept,0.7888,0.2828
B2_logreg,loose_box_accept,0.7933,0.2827
B2_logreg,loose_box_accept,0.7978,0.2811
B2_logreg,loose_box_accept,0.8024,0.2802
B2_logreg,loose_box_accept,0.8069,0.2786
B2_logreg,loose_box_accept,0.8114,0.2777
B2_logreg,loose_box_accept,0.816,0.2769
B2_logreg,loose_box_accept,0.8205,0.2754
B2_logreg,loose_box_accept,0.825,0.2739
B2_logreg,loose_box_accept,0.8296,0.273
B2_logreg,loose_box_accept,0.8341,0.2716
B2_logreg,loose_box_accept,0.8386,0.2701
B2_logreg,loose_box_accept,0.8431,0.2693
B2_logreg,loose_box_accept,0.8477,0.2679
B2_logreg,loose_box_accept,0.8522,0.2664
B2_logreg,loose_box_accept,0.8567,0.2657
B2_logreg,loose_box_accept,0.8613,0.2643
B2_logreg,loose_box_accept,0.8658,0.2629
B2_logreg,loose_box_accept,0.8703,0.2615
B2_logreg,loose_box_accept,0.8749,0.2608
B2_logreg,loose_box_accept,0.8794,0.2595
B2_logreg,loose_box_accept,0.8839,0.2582
B2_logreg,loose_box_accept,0.8884,0.2569
B2_logreg,loose_box_accept,0.893,0.2555
B2_logreg,loose_box_accept,0.8975,0.2543
B2_logreg,loose_box_accept,0.902,0.253
B2_logreg,loose_box_accept,0.9066,0.2517
B2_logreg,loose_box_accept,0.9111,0.2505
B2_logreg,loose_box_accept,0.9156,0.2492
B2_logreg,loose_box_accept,0.9202,0.248
B2_logreg,loose_box_accept,0.9247,0.2468
B2_logreg,loose_box_accept,0.9292,0.2456
B2_logreg,loose_box_accept,0.9337,0.2444
B2_logreg,loose_box_accept,0.9383,0.2432
B2_logreg,loose_box_accept,0.9428,0.242
B2_logreg,loose_box_accept,0.9473,0.2409
B2_logreg,loose_box_accept,0.9519,0.2397
B2_logreg,loose_box_accept,0.9564,0.2386
B2_logreg,loose_box_accept,0.9609,0.2375
B2_logreg,loose_box_accept,0.9655,0.2364
B2_logreg,loose_box_accept,0.97,0.2353
B2_logreg,loose_box_accept,0.9745,0.2342
B2_logreg,loose_box_accept,0.979,0.2331
B2_logreg,loose_box_accept,0.9836,0.232
B2_logreg,loose_box_accept,0.9881,0.2309
B2_logreg,loose_box_accept,0.9926,0.2299
B2_logreg,loose_box_accept,0.9972,0.2288
random_floor,combined,0.0006,1.0
random_floor,combined,0.0051,0.7778
random_floor,combined,0.0096,0.8235
random_floor,combined,0.0142,0.72
random_floor,combined,0.0187,0.7576
random_floor,combined,0.0232,0.6829
random_floor,combined,0.0277,0.6939
random_floor,combined,0.0323,0.6842
random_floor,combined,0.0368,0.7077
random_floor,combined,0.0413,0.726
random_floor,combined,0.0459,0.7284
random_floor,combined,0.0504,0.7191
random_floor,combined,0.0549,0.6804
random_floor,combined,0.0595,0.6857
random_floor,combined,0.064,0.708
random_floor,combined,0.0685,0.7107
random_floor,combined,0.073,0.7132
random_floor,combined,0.0776,0.7226
random_floor,combined,0.0821,0.731
random_floor,combined,0.0866,0.7255
random_floor,combined,0.0912,0.7143
random_floor,combined,0.0957,0.7041
random_floor,combined,0.1002,0.6949
random_floor,combined,0.1048,0.6973
random_floor,combined,0.1093,0.6891
random_floor,combined,0.1138,0.6866
random_floor,combined,0.1183,0.6842
random_floor,combined,0.1229,0.682
random_floor,combined,0.1274,0.6844
random_floor,combined,0.1319,0.6824
random_floor,combined,0.1365,0.6805
random_floor,combined,0.141,0.6787
random_floor,combined,0.1455,0.677
random_floor,combined,0.1501,0.6792
random_floor,combined,0.1546,0.6703
random_floor,combined,0.1591,0.669
random_floor,combined,0.1636,0.6713
random_floor,combined,0.1682,0.67
random_floor,combined,0.1727,0.6721
random_floor,combined,0.1772,0.6773
random_floor,combined,0.1818,0.6822
random_floor,combined,0.1863,0.69
random_floor,combined,0.1908,0.6944
random_floor,combined,0.1954,0.6957
random_floor,combined,0.1999,0.6969
random_floor,combined,0.2044,0.7008
random_floor,combined,0.2089,0.7019
random_floor,combined,0.2135,0.7029
random_floor,combined,0.218,0.6987
random_floor,combined,0.2225,0.6997
random_floor,combined,0.2271,0.7007
random_floor,combined,0.2316,0.6993
random_floor,combined,0.2361,0.7002
random_floor,combined,0.2407,0.6988
random_floor,combined,0.2452,0.7021
random_floor,combined,0.2497,0.7007
random_floor,combined,0.2542,0.6993
random_floor,combined,0.2588,0.7046
random_floor,combined,0.2633,0.7011
random_floor,combined,0.2678,0.704
random_floor,combined,0.2724,0.7048
random_floor,combined,0.2769,0.7014
random_floor,combined,0.2814,0.7002
random_floor,combined,0.286,0.699
random_floor,combined,0.2905,0.6959
random_floor,combined,0.295,0.6929
random_floor,combined,0.2995,0.6938
random_floor,combined,0.3041,0.6946
random_floor,combined,0.3086,0.6954
random_floor,combined,0.3131,0.6944
random_floor,combined,0.3177,0.6952
random_floor,combined,0.3222,0.6942
random_floor,combined,0.3267,0.6932
random_floor,combined,0.3313,0.6923
random_floor,combined,0.3358,0.6897
random_floor,combined,0.3403,0.6905
random_floor,combined,0.3448,0.688
random_floor,combined,0.3494,0.6904
random_floor,combined,0.3539,0.6912
random_floor,combined,0.3584,0.6935
random_floor,combined,0.363,0.6973
random_floor,combined,0.3675,0.6949
random_floor,combined,0.372,0.6971
random_floor,combined,0.3766,0.6917
random_floor,combined,0.3811,0.6939
random_floor,combined,0.3856,0.696
random_floor,combined,0.3901,0.6952
random_floor,combined,0.3947,0.6958
random_floor,combined,0.3992,0.6965
random_floor,combined,0.4037,0.6914
random_floor,combined,0.4083,0.6893
random_floor,combined,0.4128,0.6872
random_floor,combined,0.4173,0.6893
random_floor,combined,0.4219,0.6913
random_floor,combined,0.4264,0.6906
random_floor,combined,0.4309,0.6938
random_floor,combined,0.4354,0.6918
random_floor,combined,0.44,0.6898
random_floor,combined,0.4445,0.693
random_floor,combined,0.449,0.691
random_floor,combined,0.4536,0.6916
random_floor,combined,0.4581,0.691
random_floor,combined,0.4626,0.6903
random_floor,combined,0.4672,0.6921
random_floor,combined,0.4717,0.6939
random_floor,combined,0.4762,0.6932
random_floor,combined,0.4807,0.6914
random_floor,combined,0.4853,0.6908
random_floor,combined,0.4898,0.6936
random_floor,combined,0.4943,0.6942
random_floor,combined,0.4989,0.6958
random_floor,combined,0.5034,0.694
random_floor,combined,0.5079,0.6945
random_floor,combined,0.5125,0.6939
random_floor,combined,0.517,0.6944
random_floor,combined,0.5215,0.696
random_floor,combined,0.526,0.6954
random_floor,combined,0.5306,0.6948
random_floor,combined,0.5351,0.6963
random_floor,combined,0.5396,0.6957
random_floor,combined,0.5442,0.6941
random_floor,combined,0.5487,0.6945
random_floor,combined,0.5532,0.697
random_floor,combined,0.5578,0.6964
random_floor,combined,0.5623,0.6969
random_floor,combined,0.5668,0.6973
random_floor,combined,0.5713,0.6987
random_floor,combined,0.5759,0.7011
random_floor,combined,0.5804,0.7005
random_floor,combined,0.5849,0.6999
random_floor,combined,0.5895,0.6993
random_floor,combined,0.594,0.6978
random_floor,combined,0.5985,0.6982
random_floor,combined,0.6031,0.6967
random_floor,combined,0.6076,0.6952
random_floor,combined,0.6121,0.6938
random_floor,combined,0.6166,0.6961
random_floor,combined,0.6212,0.6964
random_floor,combined,0.6257,0.6968
random_floor,combined,0.6302,0.6972
random_floor,combined,0.6348,0.6976
random_floor,combined,0.6393,0.6988
random_floor,combined,0.6438,0.701
random_floor,combined,0.6484,0.7004
random_floor,combined,0.6529,0.699
random_floor,combined,0.6574,0.6968
random_floor,combined,0.6619,0.6963
random_floor,combined,0.6665,0.6967
random_floor,combined,0.671,0.6954
random_floor,combined,0.6755,0.6949
random_floor,combined,0.6801,0.6928
random_floor,combined,0.6846,0.6948
random_floor,combined,0.6891,0.6952
random_floor,combined,0.6937,0.6947
random_floor,combined,0.6982,0.6951
random_floor,combined,0.7027,0.6938
random_floor,combined,0.7072,0.6942
random_floor,combined,0.7118,0.6953
random_floor,combined,0.7163,0.6941
random_floor,combined,0.7208,0.6936
random_floor,combined,0.7254,0.6948
random_floor,combined,0.7299,0.6967
random_floor,combined,0.7344,0.697
random_floor,combined,0.739,0.6966
random_floor,combined,0.7435,0.6946
random_floor,combined,0.748,0.6942
random_floor,combined,0.7525,0.6922
random_floor,combined,0.7571,0.6918
random_floor,combined,0.7616,0.6922
random_floor,combined,0.7661,0.6918
random_floor,combined,0.7707,0.6936
random_floor,combined,0.7752,0.6947
random_floor,combined,0.7797,0.6957
random_floor,combined,0.7843,0.696
random_floor,combined,0.7888,0.6963
random_floor,combined,0.7933,0.6959
random_floor,combined,0.7978,0.6962
random_floor,combined,0.8024,0.6958
random_floor,combined,0.8069,0.6975
random_floor,combined,0.8114,0.6978
random_floor,combined,0.816,0.6967
random_floor,combined,0.8205,0.697
random_floor,combined,0.825,0.6973
random_floor,combined,0.8296,0.6983
random_floor,combined,0.8341,0.6993
random_floor,combined,0.8386,0.6982
random_floor,combined,0.8431,0.6978
random_floor,combined,0.8477,0.6987
random_floor,combined,0.8522,0.699
random_floor,combined,0.8567,0.6993
random_floor,combined,0.8613,0.7002
random_floor,combined,0.8658,0.6991
random_floor,combined,0.8703,0.6994
random_floor,combined,0.8749,0.699
random_floor,combined,0.8794,0.698
random_floor,combined,0.8839,0.6976
random_floor,combined,0.8884,0.6992
random_floor,combined,0.893,0.6975
random_floor,combined,0.8975,0.6978
random_floor,combined,0.902,0.6968
random_floor,combined,0.9066,0.6964
random_floor,combined,0.9111,0.6973
random_floor,combined,0.9156,0.6982
random_floor,combined,0.9202,0.6985
random_floor,combined,0.9247,0.6993
random_floor,combined,0.9292,0.7002
random_floor,combined,0.9337,0.7004
random_floor,combined,0.9383,0.7007
random_floor,combined,0.9428,0.7021
random_floor,combined,0.9473,0.7029
random_floor,combined,0.9519,0.7014
random_floor,combined,0.9564,0.7016
random_floor,combined,0.9609,0.7012
random_floor,combined,0.9655,0.7021
random_floor,combined,0.97,0.7029
random_floor,combined,0.9745,0.7019
random_floor,combined,0.979,0.7021
random_floor,combined,0.9836,0.7018
random_floor,combined,0.9881,0.7014
random_floor,combined,0.9926,0.7005
random_floor,combined,0.9972,0.6996
random_floor,class_error,0.0006,0.0
random_floor,class_error,0.0051,0.0
random_floor,class_error,0.0096,0.0
random_floor,class_error,0.0142,0.0
random_floor,class_error,0.0187,0.0
random_floor,class_error,0.0232,0.0
random_floor,class_error,0.0277,0.0
random_floor,class_error,0.0323,0.0
random_floor,class_error,0.0368,0.0308
random_floor,class_error,0.0413,0.0274
random_floor,class_error,0.0459,0.037
random_floor,class_error,0.0504,0.0449
random_floor,class_error,0.0549,0.0412
random_floor,class_error,0.0595,0.0667
random_floor,class_error,0.064,0.0796
random_floor,class_error,0.0685,0.0744
random_floor,class_error,0.073,0.0853
random_floor,class_error,0.0776,0.0803
random_floor,class_error,0.0821,0.0828
random_floor,class_error,0.0866,0.0784
random_floor,class_error,0.0912,0.0745
random_floor,class_error,0.0957,0.0769
random_floor,class_error,0.1002,0.0791
random_floor,class_error,0.1048,0.0757
random_floor,class_error,0.1093,0.0777
random_floor,class_error,0.1138,0.0796
random_floor,class_error,0.1183,0.0766
random_floor,class_error,0.1229,0.0783
random_floor,class_error,0.1274,0.0756
random_floor,class_error,0.1319,0.073
random_floor,class_error,0.1365,0.0788
random_floor,class_error,0.141,0.0763
random_floor,class_error,0.1455,0.0739
random_floor,class_error,0.1501,0.0717
random_floor,class_error,0.1546,0.0696
random_floor,class_error,0.1591,0.0676
random_floor,class_error,0.1636,0.0657
random_floor,class_error,0.1682,0.064
random_floor,class_error,0.1727,0.0623
random_floor,class_error,0.1772,0.0639
random_floor,class_error,0.1818,0.0623
random_floor,class_error,0.1863,0.0638
random_floor,class_error,0.1908,0.0682
random_floor,class_error,0.1954,0.0696
random_floor,class_error,0.1999,0.0708
random_floor,class_error,0.2044,0.0748
random_floor,class_error,0.2089,0.0759
random_floor,class_error,0.2135,0.0743
random_floor,class_error,0.218,0.0753
random_floor,class_error,0.2225,0.0763
random_floor,class_error,0.2271,0.0748
random_floor,class_error,0.2316,0.0733
random_floor,class_error,0.2361,0.0743
random_floor,class_error,0.2407,0.0729
random_floor,class_error,0.2452,0.0716
random_floor,class_error,0.2497,0.0726
random_floor,class_error,0.2542,0.0713
random_floor,class_error,0.2588,0.0722
random_floor,class_error,0.2633,0.0774
random_floor,class_error,0.2678,0.0782
random_floor,class_error,0.2724,0.0769
random_floor,class_error,0.2769,0.0757
random_floor,class_error,0.2814,0.0744
random_floor,class_error,0.286,0.0733
random_floor,class_error,0.2905,0.0721
random_floor,class_error,0.295,0.0729
random_floor,class_error,0.2995,0.0718
random_floor,class_error,0.3041,0.0708
random_floor,class_error,0.3086,0.0716
random_floor,class_error,0.3131,0.0705
random_floor,class_error,0.3177,0.0695
random_floor,class_error,0.3222,0.0703
random_floor,class_error,0.3267,0.0711
random_floor,class_error,0.3313,0.0718
random_floor,class_error,0.3358,0.0725
random_floor,class_error,0.3403,0.0715
random_floor,class_error,0.3448,0.0722
random_floor,class_error,0.3494,0.0713
random_floor,class_error,0.3539,0.0704
random_floor,class_error,0.3584,0.0711
random_floor,class_error,0.363,0.0702
random_floor,class_error,0.3675,0.0693
random_floor,class_error,0.372,0.07
random_floor,class_error,0.3766,0.0692
random_floor,class_error,0.3811,0.0713
random_floor,class_error,0.3856,0.0705
random_floor,class_error,0.3901,0.0697
random_floor,class_error,0.3947,0.0689
random_floor,class_error,0.3992,0.0681
random_floor,class_error,0.4037,0.0673
random_floor,class_error,0.4083,0.068
random_floor,class_error,0.4128,0.0686
random_floor,class_error,0.4173,0.0678
random_floor,class_error,0.4219,0.0685
random_floor,class_error,0.4264,0.0677
random_floor,class_error,0.4309,0.0683
random_floor,class_error,0.4354,0.0676
random_floor,class_error,0.44,0.0669
random_floor,class_error,0.4445,0.0688
random_floor,class_error,0.449,0.0694
random_floor,class_error,0.4536,0.0687
random_floor,class_error,0.4581,0.068
random_floor,class_error,0.4626,0.0673
random_floor,class_error,0.4672,0.0667
random_floor,class_error,0.4717,0.066
random_floor,class_error,0.4762,0.0666
random_floor,class_error,0.4807,0.066
random_floor,class_error,0.4853,0.0653
random_floor,class_error,0.4898,0.0647
random_floor,class_error,0.4943,0.0653
random_floor,class_error,0.4989,0.0647
random_floor,class_error,0.5034,0.0641
random_floor,class_error,0.5079,0.0647
random_floor,class_error,0.5125,0.0641
random_floor,class_error,0.517,0.0646
random_floor,class_error,0.5215,0.0641
random_floor,class_error,0.526,0.0635
random_floor,class_error,0.5306,0.064
random_floor,class_error,0.5351,0.0656
random_floor,class_error,0.5396,0.0661
random_floor,class_error,0.5442,0.0666
random_floor,class_error,0.5487,0.0671
random_floor,class_error,0.5532,0.0686
random_floor,class_error,0.5578,0.068
random_floor,class_error,0.5623,0.0685
random_floor,class_error,0.5668,0.0699
random_floor,class_error,0.5713,0.0723
random_floor,class_error,0.5759,0.0747
random_floor,class_error,0.5804,0.0751
random_floor,class_error,0.5849,0.0745
random_floor,class_error,0.5895,0.074
random_floor,class_error,0.594,0.0734
random_floor,class_error,0.5985,0.0728
random_floor,class_error,0.6031,0.0723
random_floor,class_error,0.6076,0.0727
random_floor,class_error,0.6121,0.0722
random_floor,class_error,0.6166,0.0716
random_floor,class_error,0.6212,0.072
random_floor,class_error,0.6257,0.0715
random_floor,class_error,0.6302,0.0728
random_floor,class_error,0.6348,0.0731
random_floor,class_error,0.6393,0.0726
random_floor,class_error,0.6438,0.0739
random_floor,class_error,0.6484,0.0742
random_floor,class_error,0.6529,0.0737
random_floor,class_error,0.6574,0.0732
random_floor,class_error,0.6619,0.0727
random_floor,class_error,0.6665,0.0731
random_floor,class_error,0.671,0.0726
random_floor,class_error,0.6755,0.0721
random_floor,class_error,0.6801,0.0724
random_floor,class_error,0.6846,0.0736
random_floor,class_error,0.6891,0.074
random_floor,class_error,0.6937,0.0735
random_floor,class_error,0.6982,0.0738
random_floor,class_error,0.7027,0.0733
random_floor,class_error,0.7072,0.0729
random_floor,class_error,0.7118,0.0724
random_floor,class_error,0.7163,0.0719
random_floor,class_error,0.7208,0.0715
random_floor,class_error,0.7254,0.0726
random_floor,class_error,0.7299,0.0729
random_floor,class_error,0.7344,0.0725
random_floor,class_error,0.739,0.072
random_floor,class_error,0.7435,0.0716
random_floor,class_error,0.748,0.0712
random_floor,class_error,0.7525,0.0707
random_floor,class_error,0.7571,0.0703
random_floor,class_error,0.7616,0.0706
random_floor,class_error,0.7661,0.0702
random_floor,class_error,0.7707,0.0705
random_floor,class_error,0.7752,0.0709
random_floor,class_error,0.7797,0.0712
random_floor,class_error,0.7843,0.0715
random_floor,class_error,0.7888,0.0725
random_floor,class_error,0.7933,0.0728
random_floor,class_error,0.7978,0.0724
random_floor,class_error,0.8024,0.0727
random_floor,class_error,0.8069,0.0737
random_floor,class_error,0.8114,0.0733
random_floor,class_error,0.816,0.0729
random_floor,class_error,0.8205,0.0725
random_floor,class_error,0.825,0.0734
random_floor,class_error,0.8296,0.073
random_floor,class_error,0.8341,0.074
random_floor,class_error,0.8386,0.0743
random_floor,class_error,0.8431,0.0739
random_floor,class_error,0.8477,0.0735
random_floor,class_error,0.8522,0.0738
random_floor,class_error,0.8567,0.0747
random_floor,class_error,0.8613,0.0743
random_floor,class_error,0.8658,0.0746
random_floor,class_error,0.8703,0.0748
random_floor,class_error,0.8749,0.0744
random_floor,class_error,0.8794,0.0741
random_floor,class_error,0.8839,0.0737
random_floor,class_error,0.8884,0.0746
random_floor,class_error,0.893,0.0742
random_floor,class_error,0.8975,0.0744
random_floor,class_error,0.902,0.0747
random_floor,class_error,0.9066,0.075
random_floor,class_error,0.9111,0.0746
random_floor,class_error,0.9156,0.0742
random_floor,class_error,0.9202,0.0745
random_floor,class_error,0.9247,0.0741
random_floor,class_error,0.9292,0.0737
random_floor,class_error,0.9337,0.0752
random_floor,class_error,0.9383,0.0748
random_floor,class_error,0.9428,0.0745
random_floor,class_error,0.9473,0.0741
random_floor,class_error,0.9519,0.0738
random_floor,class_error,0.9564,0.0734
random_floor,class_error,0.9609,0.0737
random_floor,class_error,0.9655,0.0745
random_floor,class_error,0.97,0.0741
random_floor,class_error,0.9745,0.0738
random_floor,class_error,0.979,0.0735
random_floor,class_error,0.9836,0.0731
random_floor,class_error,0.9881,0.0728
random_floor,class_error,0.9926,0.0724
random_floor,class_error,0.9972,0.0727
random_floor,background_accept,0.0006,0.0
random_floor,background_accept,0.0051,0.2222
random_floor,background_accept,0.0096,0.1765
random_floor,background_accept,0.0142,0.12
random_floor,background_accept,0.0187,0.1515
random_floor,background_accept,0.0232,0.122
random_floor,background_accept,0.0277,0.1224
random_floor,background_accept,0.0323,0.1228
random_floor,background_accept,0.0368,0.1077
random_floor,background_accept,0.0413,0.0959
random_floor,background_accept,0.0459,0.0864
random_floor,background_accept,0.0504,0.0899
random_floor,background_accept,0.0549,0.0825
random_floor,background_accept,0.0595,0.0857
random_floor,background_accept,0.064,0.0796
random_floor,background_accept,0.0685,0.0826
random_floor,background_accept,0.073,0.0775
random_floor,background_accept,0.0776,0.073
random_floor,background_accept,0.0821,0.0759
random_floor,background_accept,0.0866,0.0719
random_floor,background_accept,0.0912,0.0807
random_floor,background_accept,0.0957,0.0769
random_floor,background_accept,0.1002,0.0791
random_floor,background_accept,0.1048,0.0811
random_floor,background_accept,0.1093,0.0777
random_floor,background_accept,0.1138,0.0796
random_floor,background_accept,0.1183,0.0766
random_floor,background_accept,0.1229,0.0783
random_floor,background_accept,0.1274,0.0844
random_floor,background_accept,0.1319,0.0815
random_floor,background_accept,0.1365,0.0788
random_floor,background_accept,0.141,0.0763
random_floor,background_accept,0.1455,0.0739
random_floor,background_accept,0.1501,0.0755
random_floor,background_accept,0.1546,0.0733
random_floor,background_accept,0.1591,0.0747
random_floor,background_accept,0.1636,0.0761
random_floor,background_accept,0.1682,0.0741
random_floor,background_accept,0.1727,0.0754
random_floor,background_accept,0.1772,0.0863
random_floor,background_accept,0.1818,0.0903
random_floor,background_accept,0.1863,0.0912
random_floor,background_accept,0.1908,0.092
random_floor,background_accept,0.1954,0.0899
random_floor,background_accept,0.1999,0.0878
random_floor,background_accept,0.2044,0.0859
random_floor,background_accept,0.2089,0.0894
random_floor,background_accept,0.2135,0.0902
random_floor,background_accept,0.218,0.0883
random_floor,background_accept,0.2225,0.0891
random_floor,background_accept,0.2271,0.0898
random_floor,background_accept,0.2316,0.0905
random_floor,background_accept,0.2361,0.0911
random_floor,background_accept,0.2407,0.0941
random_floor,background_accept,0.2452,0.0924
random_floor,background_accept,0.2497,0.093
random_floor,background_accept,0.2542,0.0913
random_floor,background_accept,0.2588,0.0919
random_floor,background_accept,0.2633,0.0903
random_floor,background_accept,0.2678,0.0888
random_floor,background_accept,0.2724,0.0894
random_floor,background_accept,0.2769,0.09
random_floor,background_accept,0.2814,0.0905
random_floor,background_accept,0.286,0.0911
random_floor,background_accept,0.2905,0.0897
random_floor,background_accept,0.295,0.0883
random_floor,background_accept,0.2995,0.087
random_floor,background_accept,0.3041,0.0894
random_floor,background_accept,0.3086,0.0917
random_floor,background_accept,0.3131,0.094
random_floor,background_accept,0.3177,0.0945
random_floor,background_accept,0.3222,0.0931
random_floor,background_accept,0.3267,0.0919
random_floor,background_accept,0.3313,0.0923
random_floor,background_accept,0.3358,0.0927
random_floor,background_accept,0.3403,0.0932
random_floor,background_accept,0.3448,0.092
random_floor,background_accept,0.3494,0.094
random_floor,background_accept,0.3539,0.0976
random_floor,background_accept,0.3584,0.0979
random_floor,background_accept,0.363,0.0998
random_floor,background_accept,0.3675,0.1002
random_floor,background_accept,0.372,0.102
random_floor,background_accept,0.3766,0.1008
random_floor,background_accept,0.3811,0.0996
random_floor,background_accept,0.3856,0.0999
random_floor,background_accept,0.3901,0.1016
random_floor,background_accept,0.3947,0.1019
random_floor,background_accept,0.3992,0.1021
random_floor,background_accept,0.4037,0.101
random_floor,background_accept,0.4083,0.0999
random_floor,background_accept,0.4128,0.1015
random_floor,background_accept,0.4173,0.1018
random_floor,background_accept,0.4219,0.1034
random_floor,background_accept,0.4264,0.1023
random_floor,background_accept,0.4309,0.1025
random_floor,background_accept,0.4354,0.1027
random_floor,background_accept,0.44,0.1017
random_floor,background_accept,0.4445,0.1019
random_floor,background_accept,0.449,0.1009
random_floor,background_accept,0.4536,0.1011
random_floor,background_accept,0.4581,0.1001
random_floor,background_accept,0.4626,0.0991
random_floor,background_accept,0.4672,0.0994
random_floor,background_accept,0.4717,0.0996
random_floor,background_accept,0.4762,0.0987
random_floor,background_accept,0.4807,0.1001
random_floor,background_accept,0.4853,0.1004
random_floor,background_accept,0.4898,0.1006
random_floor,background_accept,0.4943,0.0997
random_floor,background_accept,0.4989,0.0999
random_floor,background_accept,0.5034,0.1012
random_floor,background_accept,0.5079,0.1003
random_floor,background_accept,0.5125,0.0994
random_floor,background_accept,0.517,0.0986
random_floor,background_accept,0.5215,0.0999
random_floor,background_accept,0.526,0.1001
random_floor,background_accept,0.5306,0.0993
random_floor,background_accept,0.5351,0.0984
random_floor,background_accept,0.5396,0.0997
random_floor,background_accept,0.5442,0.0989
random_floor,background_accept,0.5487,0.0991
random_floor,background_accept,0.5532,0.0983
random_floor,background_accept,0.5578,0.0985
random_floor,background_accept,0.5623,0.0977
random_floor,background_accept,0.5668,0.0979
random_floor,background_accept,0.5713,0.0991
random_floor,background_accept,0.5759,0.0983
random_floor,background_accept,0.5804,0.0985
random_floor,background_accept,0.5849,0.0978
random_floor,background_accept,0.5895,0.0989
random_floor,background_accept,0.594,0.0982
random_floor,background_accept,0.5985,0.0984
random_floor,background_accept,0.6031,0.0977
random_floor,background_accept,0.6076,0.0969
random_floor,background_accept,0.6121,0.0971
random_floor,background_accept,0.6166,0.0973
random_floor,background_accept,0.6212,0.0966
random_floor,background_accept,0.6257,0.0959
random_floor,background_accept,0.6302,0.0961
random_floor,background_accept,0.6348,0.0972
random_floor,background_accept,0.6393,0.0974
random_floor,background_accept,0.6438,0.0967
random_floor,background_accept,0.6484,0.0961
random_floor,background_accept,0.6529,0.0954
random_floor,background_accept,0.6574,0.0947
random_floor,background_accept,0.6619,0.095
random_floor,background_accept,0.6665,0.0943
random_floor,background_accept,0.671,0.0937
random_floor,background_accept,0.6755,0.093
random_floor,background_accept,0.6801,0.0933
random_floor,background_accept,0.6846,0.0951
random_floor,background_accept,0.6891,0.0953
random_floor,background_accept,0.6937,0.0955
random_floor,background_accept,0.6982,0.0965
random_floor,background_accept,0.7027,0.0975
random_floor,background_accept,0.7072,0.0969
random_floor,background_accept,0.7118,0.0971
random_floor,background_accept,0.7163,0.0972
random_floor,background_accept,0.7208,0.0974
random_floor,background_accept,0.7254,0.0976
random_floor,background_accept,0.7299,0.097
random_floor,background_accept,0.7344,0.0964
random_floor,background_accept,0.739,0.0958
random_floor,background_accept,0.7435,0.0952
random_floor,background_accept,0.748,0.0946
random_floor,background_accept,0.7525,0.0948
random_floor,background_accept,0.7571,0.0957
random_floor,background_accept,0.7616,0.0952
random_floor,background_accept,0.7661,0.0953
random_floor,background_accept,0.7707,0.0955
random_floor,background_accept,0.7752,0.095
random_floor,background_accept,0.7797,0.0951
random_floor,background_accept,0.7843,0.0946
random_floor,background_accept,0.7888,0.0948
random_floor,background_accept,0.7933,0.0942
random_floor,background_accept,0.7978,0.0944
random_floor,background_accept,0.8024,0.0946
random_floor,background_accept,0.8069,0.0947
random_floor,background_accept,0.8114,0.0942
random_floor,background_accept,0.816,0.0944
random_floor,background_accept,0.8205,0.0945
random_floor,background_accept,0.825,0.094
random_floor,background_accept,0.8296,0.0949
random_floor,background_accept,0.8341,0.0944
random_floor,background_accept,0.8386,0.0952
random_floor,background_accept,0.8431,0.0947
random_floor,background_accept,0.8477,0.0955
random_floor,background_accept,0.8522,0.0957
random_floor,background_accept,0.8567,0.0965
random_floor,background_accept,0.8613,0.0973
random_floor,background_accept,0.8658,0.0968
random_floor,background_accept,0.8703,0.0969
random_floor,background_accept,0.8749,0.0964
random_floor,background_accept,0.8794,0.0966
random_floor,background_accept,0.8839,0.0974
random_floor,background_accept,0.8884,0.0975
random_floor,background_accept,0.893,0.0977
random_floor,background_accept,0.8975,0.0978
random_floor,background_accept,0.902,0.0973
random_floor,background_accept,0.9066,0.0968
random_floor,background_accept,0.9111,0.0963
random_floor,background_accept,0.9156,0.0971
random_floor,background_accept,0.9202,0.0966
random_floor,background_accept,0.9247,0.0974
random_floor,background_accept,0.9292,0.0975
random_floor,background_accept,0.9337,0.097
random_floor,background_accept,0.9383,0.0966
random_floor,background_accept,0.9428,0.0985
random_floor,background_accept,0.9473,0.0986
random_floor,background_accept,0.9519,0.0982
random_floor,background_accept,0.9564,0.0983
random_floor,background_accept,0.9609,0.099
random_floor,background_accept,0.9655,0.0997
random_floor,background_accept,0.97,0.0992
random_floor,background_accept,0.9745,0.0994
random_floor,background_accept,0.979,0.0989
random_floor,background_accept,0.9836,0.0984
random_floor,background_accept,0.9881,0.0986
random_floor,background_accept,0.9926,0.0987
random_floor,background_accept,0.9972,0.0988
random_floor,localisation_accept,0.0006,0.0
random_floor,localisation_accept,0.0051,0.1111
random_floor,localisation_accept,0.0096,0.1765
random_floor,localisation_accept,0.0142,0.2
random_floor,localisation_accept,0.0187,0.303
random_floor,localisation_accept,0.0232,0.3171
random_floor,localisation_accept,0.0277,0.3061
random_floor,localisation_accept,0.0323,0.2982
random_floor,localisation_accept,0.0368,0.2923
random_floor,localisation_accept,0.0413,0.3151
random_floor,localisation_accept,0.0459,0.3086
random_floor,localisation_accept,0.0504,0.2921
random_floor,localisation_accept,0.0549,0.2887
random_floor,localisation_accept,0.0595,0.2762
random_floor,localisation_accept,0.064,0.3009
random_floor,localisation_accept,0.0685,0.3058
random_floor,localisation_accept,0.073,0.2946
random_floor,localisation_accept,0.0776,0.3066
random_floor,localisation_accept,0.0821,0.3172
random_floor,localisation_accept,0.0866,0.3268
random_floor,localisation_accept,0.0912,0.323
random_floor,localisation_accept,0.0957,0.3195
random_floor,localisation_accept,0.1002,0.3107
random_floor,localisation_accept,0.1048,0.3243
random_floor,localisation_accept,0.1093,0.3212
random_floor,localisation_accept,0.1138,0.3134
random_floor,localisation_accept,0.1183,0.3062
random_floor,localisation_accept,0.1229,0.3088
random_floor,localisation_accept,0.1274,0.3067
random_floor,localisation_accept,0.1319,0.3047
random_floor,localisation_accept,0.1365,0.2946
random_floor,localisation_accept,0.141,0.2932
random_floor,localisation_accept,0.1455,0.2879
random_floor,localisation_accept,0.1501,0.2981
random_floor,localisation_accept,0.1546,0.293
random_floor,localisation_accept,0.1591,0.2918
random_floor,localisation_accept,0.1636,0.301
random_floor,localisation_accept,0.1682,0.3064
random_floor,localisation_accept,0.1727,0.3115
random_floor,localisation_accept,0.1772,0.3035
random_floor,localisation_accept,0.1818,0.2991
random_floor,localisation_accept,0.1863,0.3009
random_floor,localisation_accept,0.1908,0.2967
random_floor,localisation_accept,0.1954,0.2928
random_floor,localisation_accept,0.1999,0.289
random_floor,localisation_accept,0.2044,0.2936
random_floor,localisation_accept,0.2089,0.2927
random_floor,localisation_accept,0.2135,0.2971
random_floor,localisation_accept,0.218,0.2935
random_floor,localisation_accept,0.2225,0.2926
random_floor,localisation_accept,0.2271,0.2943
random_floor,localisation_accept,0.2316,0.2934
random_floor,localisation_accept,0.2361,0.2926
random_floor,localisation_accept,0.2407,0.2894
random_floor,localisation_accept,0.2452,0.2979
random_floor,localisation_accept,0.2497,0.2993
random_floor,localisation_accept,0.2542,0.3029
random_floor,localisation_accept,0.2588,0.3063
random_floor,localisation_accept,0.2633,0.3011
random_floor,localisation_accept,0.2678,0.3044
random_floor,localisation_accept,0.2724,0.3056
random_floor,localisation_accept,0.2769,0.3047
random_floor,localisation_accept,0.2814,0.3038
random_floor,localisation_accept,0.286,0.305
random_floor,localisation_accept,0.2905,0.306
random_floor,localisation_accept,0.295,0.3052
random_floor,localisation_accept,0.2995,0.3119
random_floor,localisation_accept,0.3041,0.311
random_floor,localisation_accept,0.3086,0.3064
random_floor,localisation_accept,0.3131,0.3074
random_floor,localisation_accept,0.3177,0.3084
random_floor,localisation_accept,0.3222,0.3076
random_floor,localisation_accept,0.3267,0.3085
random_floor,localisation_accept,0.3313,0.306
random_floor,localisation_accept,0.3358,0.3019
random_floor,localisation_accept,0.3403,0.3028
random_floor,localisation_accept,0.3448,0.3005
random_floor,localisation_accept,0.3494,0.2998
random_floor,localisation_accept,0.3539,0.2976
random_floor,localisation_accept,0.3584,0.3017
random_floor,localisation_accept,0.363,0.3042
random_floor,localisation_accept,0.3675,0.302
random_floor,localisation_accept,0.372,0.3014
random_floor,localisation_accept,0.3766,0.3008
random_floor,localisation_accept,0.3811,0.3016
random_floor,localisation_accept,0.3856,0.304
random_floor,localisation_accept,0.3901,0.3033
random_floor,localisation_accept,0.3947,0.3042
random_floor,localisation_accept,0.3992,0.3064
random_floor,localisation_accept,0.4037,0.3043
random_floor,localisation_accept,0.4083,0.3024
random_floor,localisation_accept,0.4128,0.299
random_floor,localisation_accept,0.4173,0.3026
random_floor,localisation_accept,0.4219,0.3034
random_floor,localisation_accept,0.4264,0.3015
random_floor,localisation_accept,0.4309,0.2996
random_floor,localisation_accept,0.4354,0.2978
random_floor,localisation_accept,0.44,0.2973
random_floor,localisation_accept,0.4445,0.2994
random_floor,localisation_accept,0.449,0.2976
random_floor,localisation_accept,0.4536,0.2946
random_floor,localisation_accept,0.4581,0.2967
random_floor,localisation_accept,0.4626,0.2987
random_floor,localisation_accept,0.4672,0.3006
random_floor,localisation_accept,0.4717,0.3013
random_floor,localisation_accept,0.4762,0.3008
random_floor,localisation_accept,0.4807,0.2992
random_floor,localisation_accept,0.4853,0.2999
random_floor,localisation_accept,0.4898,0.3029
random_floor,localisation_accept,0.4943,0.3013
random_floor,localisation_accept,0.4989,0.3031
random_floor,localisation_accept,0.5034,0.3015
random_floor,localisation_accept,0.5079,0.301
random_floor,localisation_accept,0.5125,0.2994
random_floor,localisation_accept,0.517,0.3001
random_floor,localisation_accept,0.5215,0.3029
random_floor,localisation_accept,0.526,0.3025
random_floor,localisation_accept,0.5306,0.302
random_floor,localisation_accept,0.5351,0.3016
random_floor,localisation_accept,0.5396,0.3001
random_floor,localisation_accept,0.5442,0.3007
random_floor,localisation_accept,0.5487,0.3013
random_floor,localisation_accept,0.5532,0.305
random_floor,localisation_accept,0.5578,0.3066
random_floor,localisation_accept,0.5623,0.3061
random_floor,localisation_accept,0.5668,0.3057
random_floor,localisation_accept,0.5713,0.3033
random_floor,localisation_accept,0.5759,0.3029
random_floor,localisation_accept,0.5804,0.3015
random_floor,localisation_accept,0.5849,0.304
random_floor,localisation_accept,0.5895,0.3036
random_floor,localisation_accept,0.594,0.3022
random_floor,localisation_accept,0.5985,0.3018
random_floor,localisation_accept,0.6031,0.3005
random_floor,localisation_accept,0.6076,0.3001
random_floor,localisation_accept,0.6121,0.2988
random_floor,localisation_accept,0.6166,0.2984
random_floor,localisation_accept,0.6212,0.299
random_floor,localisation_accept,0.6257,0.2986
random_floor,localisation_accept,0.6302,0.2974
random_floor,localisation_accept,0.6348,0.2962
random_floor,localisation_accept,0.6393,0.2958
random_floor,localisation_accept,0.6438,0.2982
random_floor,localisation_accept,0.6484,0.2978
random_floor,localisation_accept,0.6529,0.2975
random_floor,localisation_accept,0.6574,0.298
random_floor,localisation_accept,0.6619,0.2985
random_floor,localisation_accept,0.6665,0.2999
random_floor,localisation_accept,0.671,0.3004
random_floor,localisation_accept,0.6755,0.2992
random_floor,localisation_accept,0.6801,0.2973
random_floor,localisation_accept,0.6846,0.2969
random_floor,localisation_accept,0.6891,0.2975
random_floor,localisation_accept,0.6937,0.2971
random_floor,localisation_accept,0.6982,0.2976
random_floor,localisation_accept,0.7027,0.2965
random_floor,localisation_accept,0.7072,0.2978
random_floor,localisation_accept,0.7118,0.2991
random_floor,localisation_accept,0.7163,0.2996
random_floor,localisation_accept,0.7208,0.3001
random_floor,localisation_accept,0.7254,0.299
random_floor,localisation_accept,0.7299,0.3002
random_floor,localisation_accept,0.7344,0.3015
random_floor,localisation_accept,0.739,0.3019
random_floor,localisation_accept,0.7435,0.3016
random_floor,localisation_accept,0.748,0.3036
random_floor,localisation_accept,0.7525,0.3032
random_floor,localisation_accept,0.7571,0.3022
random_floor,localisation_accept,0.7616,0.3026
random_floor,localisation_accept,0.7661,0.3023
random_floor,localisation_accept,0.7707,0.3042
random_floor,localisation_accept,0.7752,0.3053
random_floor,localisation_accept,0.7797,0.3065
random_floor,localisation_accept,0.7843,0.3054
random_floor,localisation_accept,0.7888,0.3051
random_floor,localisation_accept,0.7933,0.3055
random_floor,localisation_accept,0.7978,0.3066
random_floor,localisation_accept,0.8024,0.3049
random_floor,localisation_accept,0.8069,0.3039
random_floor,localisation_accept,0.8114,0.3036
random_floor,localisation_accept,0.816,0.3033
random_floor,localisation_accept,0.8205,0.3043
random_floor,localisation_accept,0.825,0.304
random_floor,localisation_accept,0.8296,0.3031
random_floor,localisation_accept,0.8341,0.3035
random_floor,localisation_accept,0.8386,0.3018
random_floor,localisation_accept,0.8431,0.3015
random_floor,localisation_accept,0.8477,0.3013
random_floor,localisation_accept,0.8522,0.3023
random_floor,localisation_accept,0.8567,0.302
random_floor,localisation_accept,0.8613,0.3024
random_floor,localisation_accept,0.8658,0.3009
random_floor,localisation_accept,0.8703,0.3012
random_floor,localisation_accept,0.8749,0.3016
random_floor,localisation_accept,0.8794,0.3007
random_floor,localisation_accept,0.8839,0.3004
random_floor,localisation_accept,0.8884,0.3002
random_floor,localisation_accept,0.893,0.2987
random_floor,localisation_accept,0.8975,0.2984
random_floor,localisation_accept,0.902,0.2982
random_floor,localisation_accept,0.9066,0.2979
random_floor,localisation_accept,0.9111,0.2983
random_floor,localisation_accept,0.9156,0.2987
random_floor,localisation_accept,0.9202,0.2991
random_floor,localisation_accept,0.9247,0.2988
random_floor,localisation_accept,0.9292,0.301
random_floor,localisation_accept,0.9337,0.3002
random_floor,localisation_accept,0.9383,0.2993
random_floor,localisation_accept,0.9428,0.2991
random_floor,localisation_accept,0.9473,0.2989
random_floor,localisation_accept,0.9519,0.298
random_floor,localisation_accept,0.9564,0.2984
random_floor,localisation_accept,0.9609,0.2982
random_floor,localisation_accept,0.9655,0.2979
random_floor,localisation_accept,0.97,0.2989
random_floor,localisation_accept,0.9745,0.2992
random_floor,localisation_accept,0.979,0.2996
random_floor,localisation_accept,0.9836,0.3011
random_floor,localisation_accept,0.9881,0.3014
random_floor,localisation_accept,0.9926,0.3018
random_floor,localisation_accept,0.9972,0.3004
random_floor,loose_box_accept,0.0006,1.0
random_floor,loose_box_accept,0.0051,0.4444
random_floor,loose_box_accept,0.0096,0.4706
random_floor,loose_box_accept,0.0142,0.4
random_floor,loose_box_accept,0.0187,0.303
random_floor,loose_box_accept,0.0232,0.2439
random_floor,loose_box_accept,0.0277,0.2653
random_floor,loose_box_accept,0.0323,0.2632
random_floor,loose_box_accept,0.0368,0.2769
random_floor,loose_box_accept,0.0413,0.2877
random_floor,loose_box_accept,0.0459,0.2963
random_floor,loose_box_accept,0.0504,0.2921
random_floor,loose_box_accept,0.0549,0.268
random_floor,loose_box_accept,0.0595,0.2571
random_floor,loose_box_accept,0.064,0.2478
random_floor,loose_box_accept,0.0685,0.2479
random_floor,loose_box_accept,0.073,0.2558
random_floor,loose_box_accept,0.0776,0.2628
random_floor,loose_box_accept,0.0821,0.2552
random_floor,loose_box_accept,0.0866,0.2484
random_floor,loose_box_accept,0.0912,0.236
random_floor,loose_box_accept,0.0957,0.2308
random_floor,loose_box_accept,0.1002,0.226
random_floor,loose_box_accept,0.1048,0.2162
random_floor,loose_box_accept,0.1093,0.2124
random_floor,loose_box_accept,0.1138,0.2139
random_floor,loose_box_accept,0.1183,0.2249
random_floor,loose_box_accept,0.1229,0.2166
random_floor,loose_box_accept,0.1274,0.2178
random_floor,loose_box_accept,0.1319,0.2232
random_floor,loose_box_accept,0.1365,0.2282
random_floor,loose_box_accept,0.141,0.2329
random_floor,loose_box_accept,0.1455,0.2412
random_floor,loose_box_accept,0.1501,0.234
random_floor,loose_box_accept,0.1546,0.2344
random_floor,loose_box_accept,0.1591,0.2349
random_floor,loose_box_accept,0.1636,0.2284
random_floor,loose_box_accept,0.1682,0.2256
random_floor,loose_box_accept,0.1727,0.223
random_floor,loose_box_accept,0.1772,0.2236
random_floor,loose_box_accept,0.1818,0.2305
random_floor,loose_box_accept,0.1863,0.234
random_floor,loose_box_accept,0.1908,0.2374
random_floor,loose_box_accept,0.1954,0.2435
random_floor,loose_box_accept,0.1999,0.2493
random_floor,loose_box_accept,0.2044,0.2465
random_floor,loose_box_accept,0.2089,0.2439
random_floor,loose_box_accept,0.2135,0.2414
random_floor,loose_box_accept,0.218,0.2416
random_floor,loose_box_accept,0.2225,0.2417
random_floor,loose_box_accept,0.2271,0.2419
random_floor,loose_box_accept,0.2316,0.2421
random_floor,loose_box_accept,0.2361,0.2422
random_floor,loose_box_accept,0.2407,0.2424
random_floor,loose_box_accept,0.2452,0.2402
random_floor,loose_box_accept,0.2497,0.2358
random_floor,loose_box_accept,0.2542,0.2339
random_floor,loose_box_accept,0.2588,0.2341
random_floor,loose_box_accept,0.2633,0.2323
random_floor,loose_box_accept,0.2678,0.2326
random_floor,loose_box_accept,0.2724,0.2328
random_floor,loose_box_accept,0.2769,0.2311
random_floor,loose_box_accept,0.2814,0.2314
random_floor,loose_box_accept,0.286,0.2297
random_floor,loose_box_accept,0.2905,0.2281
random_floor,loose_box_accept,0.295,0.2265
random_floor,loose_box_accept,0.2995,0.2231
random_floor,loose_box_accept,0.3041,0.2235
random_floor,loose_box_accept,0.3086,0.2257
random_floor,loose_box_accept,0.3131,0.2224
random_floor,loose_box_accept,0.3177,0.2228
random_floor,loose_box_accept,0.3222,0.2232
random_floor,loose_box_accept,0.3267,0.2218
random_floor,loose_box_accept,0.3313,0.2222
random_floor,loose_box_accept,0.3358,0.2226
random_floor,loose_box_accept,0.3403,0.223
random_floor,loose_box_accept,0.3448,0.2233
random_floor,loose_box_accept,0.3494,0.2253
random_floor,loose_box_accept,0.3539,0.2256
random_floor,loose_box_accept,0.3584,0.2227
random_floor,loose_box_accept,0.363,0.2231
random_floor,loose_box_accept,0.3675,0.2234
random_floor,loose_box_accept,0.372,0.2237
random_floor,loose_box_accept,0.3766,0.2211
random_floor,loose_box_accept,0.3811,0.2214
random_floor,loose_box_accept,0.3856,0.2217
random_floor,loose_box_accept,0.3901,0.2206
random_floor,loose_box_accept,0.3947,0.2209
random_floor,loose_box_accept,0.3992,0.2199
random_floor,loose_box_accept,0.4037,0.2188
random_floor,loose_box_accept,0.4083,0.2191
random_floor,loose_box_accept,0.4128,0.2181
random_floor,loose_box_accept,0.4173,0.2171
random_floor,loose_box_accept,0.4219,0.2161
random_floor,loose_box_accept,0.4264,0.2191
random_floor,loose_box_accept,0.4309,0.2234
random_floor,loose_box_accept,0.4354,0.2237
random_floor,loose_box_accept,0.44,0.2239
random_floor,loose_box_accept,0.4445,0.2229
random_floor,loose_box_accept,0.449,0.2232
random_floor,loose_box_accept,0.4536,0.2272
random_floor,loose_box_accept,0.4581,0.2262
random_floor,loose_box_accept,0.4626,0.2252
random_floor,loose_box_accept,0.4672,0.2255
random_floor,loose_box_accept,0.4717,0.2269
random_floor,loose_box_accept,0.4762,0.2271
random_floor,loose_box_accept,0.4807,0.2261
random_floor,loose_box_accept,0.4853,0.2252
random_floor,loose_box_accept,0.4898,0.2254
random_floor,loose_box_accept,0.4943,0.2279
random_floor,loose_box_accept,0.4989,0.2281
random_floor,loose_box_accept,0.5034,0.2272
random_floor,loose_box_accept,0.5079,0.2285
random_floor,loose_box_accept,0.5125,0.2309
random_floor,loose_box_accept,0.517,0.2311
random_floor,loose_box_accept,0.5215,0.2291
random_floor,loose_box_accept,0.526,0.2293
random_floor,loose_box_accept,0.5306,0.2295
random_floor,loose_box_accept,0.5351,0.2307
random_floor,loose_box_accept,0.5396,0.2298
random_floor,loose_box_accept,0.5442,0.2279
random_floor,loose_box_accept,0.5487,0.227
random_floor,loose_box_accept,0.5532,0.2252
random_floor,loose_box_accept,0.5578,0.2234
random_floor,loose_box_accept,0.5623,0.2246
random_floor,loose_box_accept,0.5668,0.2238
random_floor,loose_box_accept,0.5713,0.224
random_floor,loose_box_accept,0.5759,0.2252
random_floor,loose_box_accept,0.5804,0.2254
random_floor,loose_box_accept,0.5849,0.2236
random_floor,loose_box_accept,0.5895,0.2229
random_floor,loose_box_accept,0.594,0.224
random_floor,loose_box_accept,0.5985,0.2252
random_floor,loose_box_accept,0.6031,0.2263
random_floor,loose_box_accept,0.6076,0.2255
random_floor,loose_box_accept,0.6121,0.2257
random_floor,loose_box_accept,0.6166,0.2287
random_floor,loose_box_accept,0.6212,0.2288
random_floor,loose_box_accept,0.6257,0.2308
random_floor,loose_box_accept,0.6302,0.2309
random_floor,loose_box_accept,0.6348,0.231
random_floor,loose_box_accept,0.6393,0.2329
random_floor,loose_box_accept,0.6438,0.2322
random_floor,loose_box_accept,0.6484,0.2323
random_floor,loose_box_accept,0.6529,0.2324
random_floor,loose_box_accept,0.6574,0.2308
random_floor,loose_box_accept,0.6619,0.2301
random_floor,loose_box_accept,0.6665,0.2294
random_floor,loose_box_accept,0.671,0.2287
random_floor,loose_box_accept,0.6755,0.2305
random_floor,loose_box_accept,0.6801,0.2298
random_floor,loose_box_accept,0.6846,0.2291
random_floor,loose_box_accept,0.6891,0.2284
random_floor,loose_box_accept,0.6937,0.2286
random_floor,loose_box_accept,0.6982,0.2271
random_floor,loose_box_accept,0.7027,0.2264
random_floor,loose_box_accept,0.7072,0.2266
random_floor,loose_box_accept,0.7118,0.2267
random_floor,loose_box_accept,0.7163,0.2253
random_floor,loose_box_accept,0.7208,0.2247
random_floor,loose_box_accept,0.7254,0.2256
random_floor,loose_box_accept,0.7299,0.2265
random_floor,loose_box_accept,0.7344,0.2267
random_floor,loose_box_accept,0.739,0.2268
random_floor,loose_box_accept,0.7435,0.2262
random_floor,loose_box_accept,0.748,0.2248
random_floor,loose_box_accept,0.7525,0.2235
random_floor,loose_box_accept,0.7571,0.2236
random_floor,loose_box_accept,0.7616,0.2238
random_floor,loose_box_accept,0.7661,0.2239
random_floor,loose_box_accept,0.7707,0.2234
random_floor,loose_box_accept,0.7752,0.2235
random_floor,loose_box_accept,0.7797,0.2229
random_floor,loose_box_accept,0.7843,0.2245
random_floor,loose_box_accept,0.7888,0.224
random_floor,loose_box_accept,0.7933,0.2234
random_floor,loose_box_accept,0.7978,0.2229
random_floor,loose_box_accept,0.8024,0.2237
random_floor,loose_box_accept,0.8069,0.2253
random_floor,loose_box_accept,0.8114,0.2268
random_floor,loose_box_accept,0.816,0.2262
random_floor,loose_box_accept,0.8205,0.2257
random_floor,loose_box_accept,0.825,0.2258
random_floor,loose_box_accept,0.8296,0.2273
random_floor,loose_box_accept,0.8341,0.2274
random_floor,loose_box_accept,0.8386,0.2269
random_floor,loose_box_accept,0.8431,0.2277
random_floor,loose_box_accept,0.8477,0.2285
random_floor,loose_box_accept,0.8522,0.2272
random_floor,loose_box_accept,0.8567,0.226
random_floor,loose_box_accept,0.8613,0.2262
random_floor,loose_box_accept,0.8658,0.2269
random_floor,loose_box_accept,0.8703,0.2264
random_floor,loose_box_accept,0.8749,0.2265
random_floor,loose_box_accept,0.8794,0.2267
random_floor,loose_box_accept,0.8839,0.2261
random_floor,loose_box_accept,0.8884,0.2269
random_floor,loose_box_accept,0.893,0.227
random_floor,loose_box_accept,0.8975,0.2271
random_floor,loose_box_accept,0.902,0.2266
random_floor,loose_box_accept,0.9066,0.2267
random_floor,loose_box_accept,0.9111,0.2281
random_floor,loose_box_accept,0.9156,0.2282
random_floor,loose_box_accept,0.9202,0.2283
random_floor,loose_box_accept,0.9247,0.229
random_floor,loose_box_accept,0.9292,0.2279
random_floor,loose_box_accept,0.9337,0.228
random_floor,loose_box_accept,0.9383,0.2299
random_floor,loose_box_accept,0.9428,0.23
random_floor,loose_box_accept,0.9473,0.2313
random_floor,loose_box_accept,0.9519,0.2314
random_floor,loose_box_accept,0.9564,0.2315
random_floor,loose_box_accept,0.9609,0.2304
random_floor,loose_box_accept,0.9655,0.2299
random_floor,loose_box_accept,0.97,0.2306
random_floor,loose_box_accept,0.9745,0.2295
random_floor,loose_box_accept,0.979,0.2302
random_floor,loose_box_accept,0.9836,0.2291
random_floor,loose_box_accept,0.9881,0.2287
random_floor,loose_box_accept,0.9926,0.2276
random_floor,loose_box_accept,0.9972,0.2277
